pack,level,capability,file,reviewed,edited,map_fit,max_turns,has_fail,tick_budget_ok,issues
adversarial-siege,easy,adversarial,adversarial-siege.yaml,yes,yes,fit,60,yes,yes,OK
adversarial-siege,medium,adversarial,adversarial-siege.yaml,yes,yes,fit,75,yes,yes,OK
adversarial-siege,hard,adversarial,adversarial-siege.yaml,yes,yes,fit,85,yes,yes,OK
adversarial-skirmish,easy,adversarial,adversarial-skirmish.yaml,yes,yes,fit,60,yes,yes,OK
adversarial-skirmish,medium,adversarial,adversarial-skirmish.yaml,yes,yes,fit,70,yes,yes,OK
adversarial-skirmish,hard,adversarial,adversarial-skirmish.yaml,yes,yes,fit,80,yes,yes,OK
artofwar-decoy-sacrifice,easy,reasoning,artofwar-decoy-sacrifice.yaml,yes,no,fit,66,yes,yes,OK
artofwar-decoy-sacrifice,medium,reasoning,artofwar-decoy-sacrifice.yaml,yes,no,fit,76,yes,yes,OK
artofwar-decoy-sacrifice,hard,reasoning,artofwar-decoy-sacrifice.yaml,yes,no,fit,84,yes,yes,OK
action-multiunit-coordination,easy,action,action-multiunit-coordination.yaml,yes,no,fit,30,yes,yes,OK
action-multiunit-coordination,medium,action,action-multiunit-coordination.yaml,yes,no,fit,36,yes,yes,OK
action-multiunit-coordination,hard,action,action-multiunit-coordination.yaml,yes,no,fit,36,yes,yes,OK
action-sequenced-execution,easy,action,action-sequenced-execution.yaml,yes,no,fit,30,yes,yes,OK
action-sequenced-execution,medium,action,action-sequenced-execution.yaml,yes,no,fit,36,yes,yes,OK
action-sequenced-execution,hard,action,action-sequenced-execution.yaml,yes,no,fit,70,yes,yes,OK
adv-asymmetric-weaker-must-win,easy,reasoning,adv-asymmetric-weaker-must-win.yaml,yes,no,fit,61,yes,yes,OK
adv-asymmetric-weaker-must-win,medium,reasoning,adv-asymmetric-weaker-must-win.yaml,yes,no,fit,61,yes,yes,OK
adv-asymmetric-weaker-must-win,hard,reasoning,adv-asymmetric-weaker-must-win.yaml,yes,no,fit,51,yes,yes,OK
adv-rps-counter-pick,easy,reasoning,adv-rps-counter-pick.yaml,yes,no,fit,61,yes,yes,OK
adv-rps-counter-pick,medium,reasoning,adv-rps-counter-pick.yaml,yes,no,fit,61,yes,yes,OK
adv-rps-counter-pick,hard,reasoning,adv-rps-counter-pick.yaml,yes,no,fit,61,yes,yes,OK
adversarial-duel,easy,adversarial,adversarial-duel.yaml,yes,no,fit,30,yes,yes,OK
adversarial-duel,medium,adversarial,adversarial-duel.yaml,yes,no,fit,40,yes,yes,OK
adversarial-duel,hard,adversarial,adversarial-duel.yaml,yes,no,fit,50,yes,yes,OK
artofwar-indirect-approach,easy,reasoning,artofwar-indirect-approach.yaml,yes,no,fit,60,yes,yes,OK
artofwar-indirect-approach,medium,reasoning,artofwar-indirect-approach.yaml,yes,no,fit,66,yes,yes,OK
artofwar-indirect-approach,hard,reasoning,artofwar-indirect-approach.yaml,yes,no,fit,70,yes,yes,OK
artofwar-lure-the-tiger,easy,reasoning,artofwar-lure-the-tiger.yaml,yes,no,fit,66,yes,yes,OK
artofwar-lure-the-tiger,medium,reasoning,artofwar-lure-the-tiger.yaml,yes,no,fit,76,yes,yes,OK
artofwar-lure-the-tiger,hard,reasoning,artofwar-lure-the-tiger.yaml,yes,no,fit,84,yes,yes,OK
artofwar-sequenced-citadel,easy,reasoning,artofwar-sequenced-citadel.yaml,yes,no,fit,30,yes,yes,OK
artofwar-sequenced-citadel,medium,reasoning,artofwar-sequenced-citadel.yaml,yes,no,fit,30,yes,yes,OK
artofwar-sequenced-citadel,hard,reasoning,artofwar-sequenced-citadel.yaml,yes,no,fit,32,yes,yes,OK
build-defensive-skirt-corners,easy,reasoning,build-defensive-skirt-corners.yaml,yes,yes,large-trivial,60,yes,yes,MAP_LARGE_TRIVIAL
build-defensive-skirt-corners,medium,reasoning,build-defensive-skirt-corners.yaml,yes,yes,large-trivial,60,yes,yes,MAP_LARGE_TRIVIAL
build-defensive-skirt-corners,hard,reasoning,build-defensive-skirt-corners.yaml,yes,yes,large-trivial,60,yes,yes,MAP_LARGE_TRIVIAL
build-defensive-tower-cluster,easy,reasoning,build-defensive-tower-cluster.yaml,yes,yes,fit,60,yes,yes,OK
build-defensive-tower-cluster,medium,reasoning,build-defensive-tower-cluster.yaml,yes,yes,fit,60,yes,yes,OK
build-defensive-tower-cluster,hard,reasoning,build-defensive-tower-cluster.yaml,yes,yes,fit,60,yes,yes,OK
build-defensive-tower-line,easy,reasoning,build-defensive-tower-line.yaml,yes,yes,fit,60,yes,yes,OK
build-defensive-tower-line,medium,reasoning,build-defensive-tower-line.yaml,yes,yes,fit,60,yes,yes,OK
build-defensive-tower-line,hard,reasoning,build-defensive-tower-line.yaml,yes,yes,fit,70,yes,yes,OK
build-engineer-rebuild-after-loss,easy,reasoning,build-engineer-rebuild-after-loss.yaml,yes,yes,fit,30,yes,yes,OK
build-engineer-rebuild-after-loss,medium,reasoning,build-engineer-rebuild-after-loss.yaml,yes,yes,fit,30,yes,yes,OK
build-engineer-rebuild-after-loss,hard,reasoning,build-engineer-rebuild-after-loss.yaml,yes,yes,fit,30,yes,yes,OK
build-power-down-defensive,easy,reasoning,build-power-down-defensive.yaml,yes,yes,fit,40,yes,yes,OK
build-power-down-defensive,medium,reasoning,build-power-down-defensive.yaml,yes,yes,fit,36,yes,yes,OK
build-power-down-defensive,hard,reasoning,build-power-down-defensive.yaml,yes,yes,fit,36,yes,yes,OK
build-power-online-first,easy,reasoning,build-power-online-first.yaml,yes,yes,fit,40,yes,yes,OK
build-power-online-first,medium,reasoning,build-power-online-first.yaml,yes,yes,fit,32,yes,yes,OK
build-power-online-first,hard,reasoning,build-power-online-first.yaml,yes,yes,fit,32,yes,yes,OK
build-production-throughput-multibuilding,easy,reasoning,build-production-throughput-multibuilding.yaml,yes,no,fit,35,yes,yes,OK
build-production-throughput-multibuilding,medium,reasoning,build-production-throughput-multibuilding.yaml,yes,no,fit,33,yes,yes,OK
build-production-throughput-multibuilding,hard,reasoning,build-production-throughput-multibuilding.yaml,yes,no,fit,33,yes,yes,OK
build-rally-point-management,easy,action,build-rally-point-management.yaml,yes,yes,fit,30,yes,yes,OK
build-rally-point-management,medium,action,build-rally-point-management.yaml,yes,yes,fit,22,yes,yes,OK
build-rally-point-management,hard,action,build-rally-point-management.yaml,yes,yes,fit,22,yes,yes,OK
build-repair-priority-under-fire,easy,reasoning,build-repair-priority-under-fire.yaml,yes,no,fit,28,yes,yes,OK
build-repair-priority-under-fire,medium,reasoning,build-repair-priority-under-fire.yaml,yes,no,fit,31,yes,yes,OK
build-repair-priority-under-fire,hard,reasoning,build-repair-priority-under-fire.yaml,yes,no,fit,31,yes,yes,OK
build-sell-and-rebuild-elsewhere,easy,reasoning,build-sell-and-rebuild-elsewhere.yaml,yes,no,fit,60,yes,yes,OK
build-sell-and-rebuild-elsewhere,medium,reasoning,build-sell-and-rebuild-elsewhere.yaml,yes,no,fit,60,yes,yes,OK
build-sell-and-rebuild-elsewhere,hard,reasoning,build-sell-and-rebuild-elsewhere.yaml,yes,no,fit,60,yes,yes,OK
build-sequence-tech-cheapest,easy,reasoning,build-sequence-tech-cheapest.yaml,yes,no,fit,40,yes,yes,OK
build-sequence-tech-cheapest,medium,reasoning,build-sequence-tech-cheapest.yaml,yes,no,fit,40,yes,yes,OK
build-sequence-tech-cheapest,hard,reasoning,build-sequence-tech-cheapest.yaml,yes,no,fit,40,yes,yes,OK
build-sequence-tech-fastest,easy,reasoning,build-sequence-tech-fastest.yaml,yes,no,fit,40,yes,yes,OK
build-sequence-tech-fastest,medium,reasoning,build-sequence-tech-fastest.yaml,yes,no,fit,35,yes,yes,OK
build-sequence-tech-fastest,hard,reasoning,build-sequence-tech-fastest.yaml,yes,no,fit,35,yes,yes,OK
build-sequence-tech-most-resilient,easy,reasoning,build-sequence-tech-most-resilient.yaml,yes,yes,fit,60,yes,yes,OK
build-sequence-tech-most-resilient,medium,reasoning,build-sequence-tech-most-resilient.yaml,yes,yes,fit,50,yes,yes,OK
build-sequence-tech-most-resilient,hard,reasoning,build-sequence-tech-most-resilient.yaml,yes,yes,fit,50,yes,yes,OK
build-tech-skip-decision,easy,reasoning,build-tech-skip-decision.yaml,yes,no,fit,30,yes,yes,OK
build-tech-skip-decision,medium,reasoning,build-tech-skip-decision.yaml,yes,no,fit,30,yes,yes,OK
build-tech-skip-decision,hard,reasoning,build-tech-skip-decision.yaml,yes,no,fit,30,yes,yes,OK
building-and-planning,easy,reasoning,building-and-planning.yaml,yes,no,fit,30,yes,yes,OK
building-and-planning,medium,reasoning,building-and-planning.yaml,yes,no,fit,40,yes,yes,OK
building-and-planning,hard,reasoning,building-and-planning.yaml,yes,no,fit,70,yes,yes,OK
combat-attack-from-behind-fog,easy,reasoning,combat-attack-from-behind-fog.yaml,yes,no,fit,72,yes,yes,OK
combat-attack-from-behind-fog,medium,reasoning,combat-attack-from-behind-fog.yaml,yes,no,fit,60,yes,yes,OK
combat-attack-from-behind-fog,hard,reasoning,combat-attack-from-behind-fog.yaml,yes,no,fit,60,yes,yes,OK
combat-bait-counter-attack,easy,reasoning,combat-bait-counter-attack.yaml,yes,no,fit,62,yes,yes,OK
combat-bait-counter-attack,medium,reasoning,combat-bait-counter-attack.yaml,yes,no,fit,62,yes,yes,OK
combat-bait-counter-attack,hard,reasoning,combat-bait-counter-attack.yaml,yes,no,fit,62,yes,yes,OK
combat-divide-and-conquer,easy,reasoning,combat-divide-and-conquer.yaml,yes,no,fit,60,yes,yes,OK
combat-divide-and-conquer,medium,reasoning,combat-divide-and-conquer.yaml,yes,no,fit,60,yes,yes,OK
combat-divide-and-conquer,hard,reasoning,combat-divide-and-conquer.yaml,yes,no,fit,60,yes,yes,OK
combat-flanking-attack,easy,action,combat-flanking-attack.yaml,yes,no,fit,51,yes,yes,OK
combat-flanking-attack,medium,action,combat-flanking-attack.yaml,yes,no,fit,51,yes,yes,OK
combat-flanking-attack,hard,action,combat-flanking-attack.yaml,yes,no,fit,51,yes,yes,OK
combat-focus-fire-priority,easy,action,combat-focus-fire-priority.yaml,yes,no,fit,30,yes,yes,OK
combat-focus-fire-priority,medium,action,combat-focus-fire-priority.yaml,yes,no,fit,30,yes,yes,OK
combat-focus-fire-priority,hard,action,combat-focus-fire-priority.yaml,yes,no,fit,30,yes,yes,OK
combat-formation-tank-wedge,easy,action,combat-formation-tank-wedge.yaml,yes,no,fit,75,yes,yes,OK
combat-formation-tank-wedge,medium,action,combat-formation-tank-wedge.yaml,yes,no,fit,75,yes,yes,OK
combat-formation-tank-wedge,hard,action,combat-formation-tank-wedge.yaml,yes,no,fit,75,yes,yes,OK
combat-harass-aggro-commit,easy,action,combat-harass-aggro-commit.yaml,yes,yes,fit,51,yes,yes,OK
combat-harass-aggro-commit,medium,action,combat-harass-aggro-commit.yaml,yes,yes,fit,51,yes,yes,OK
combat-harass-aggro-commit,hard,action,combat-harass-aggro-commit.yaml,yes,yes,fit,51,yes,yes,OK
combat-harass-balanced-hit-and-run,easy,reasoning,combat-harass-balanced-hit-and-run.yaml,yes,yes,fit,62,yes,yes,OK
combat-harass-balanced-hit-and-run,medium,reasoning,combat-harass-balanced-hit-and-run.yaml,yes,yes,fit,62,yes,yes,OK
combat-harass-balanced-hit-and-run,hard,reasoning,combat-harass-balanced-hit-and-run.yaml,yes,yes,fit,62,yes,yes,OK
combat-heli-flank,easy,action,combat-heli-flank.yaml,yes,no,fit,21,yes,yes,OK
combat-heli-flank,medium,action,combat-heli-flank.yaml,yes,no,fit,24,yes,yes,OK
combat-heli-flank,hard,action,combat-heli-flank.yaml,yes,no,fit,21,yes,yes,OK
combat-hold-chokepoint,easy,action,combat-hold-chokepoint.yaml,yes,no,fit,75,yes,yes,OK
combat-hold-chokepoint,medium,action,combat-hold-chokepoint.yaml,yes,no,fit,75,yes,yes,OK
combat-hold-chokepoint,hard,action,combat-hold-chokepoint.yaml,yes,no,fit,75,yes,yes,OK
combat-kite-and-pull,easy,action,combat-kite-and-pull.yaml,yes,no,fit,51,yes,yes,OK
combat-kite-and-pull,medium,action,combat-kite-and-pull.yaml,yes,no,fit,51,yes,yes,OK
combat-kite-and-pull,hard,action,combat-kite-and-pull.yaml,yes,no,fit,41,yes,yes,OK
combat-kite-jeep-vs-tank,easy,action,combat-kite-jeep-vs-tank.yaml,yes,yes,fit,51,yes,yes,OK
combat-kite-jeep-vs-tank,medium,action,combat-kite-jeep-vs-tank.yaml,yes,yes,fit,51,yes,yes,OK
combat-kite-jeep-vs-tank,hard,action,combat-kite-jeep-vs-tank.yaml,yes,yes,fit,41,yes,yes,OK
combat-naval-shore-strike,easy,action,combat-naval-shore-strike.yaml,yes,no,fit,32,yes,yes,OK
combat-naval-shore-strike,medium,action,combat-naval-shore-strike.yaml,yes,no,fit,32,yes,yes,OK
combat-naval-shore-strike,hard,action,combat-naval-shore-strike.yaml,yes,no,fit,32,yes,yes,OK
combat-pincer-coordination,easy,action,combat-pincer-coordination.yaml,yes,no,fit,64,yes,yes,OK
combat-pincer-coordination,medium,action,combat-pincer-coordination.yaml,yes,no,fit,64,yes,yes,OK
combat-pincer-coordination,hard,action,combat-pincer-coordination.yaml,yes,no,fit,64,yes,yes,OK
combat-prevent-retreat,easy,action,combat-prevent-retreat.yaml,yes,no,fit,60,yes,yes,OK
combat-prevent-retreat,medium,action,combat-prevent-retreat.yaml,yes,no,fit,60,yes,yes,OK
combat-prevent-retreat,hard,action,combat-prevent-retreat.yaml,yes,no,fit,60,yes,yes,OK
combat-protect-vip-escort,easy,action,combat-protect-vip-escort.yaml,yes,no,fit,61,yes,yes,OK
combat-protect-vip-escort,medium,action,combat-protect-vip-escort.yaml,yes,no,fit,61,yes,yes,OK
combat-protect-vip-escort,hard,action,combat-protect-vip-escort.yaml,yes,no,fit,61,yes,yes,OK
combat-retreat-after-engagement,easy,reasoning,combat-retreat-after-engagement.yaml,yes,no,fit,51,yes,yes,OK
combat-retreat-after-engagement,medium,reasoning,combat-retreat-after-engagement.yaml,yes,no,fit,51,yes,yes,OK
combat-retreat-after-engagement,hard,reasoning,combat-retreat-after-engagement.yaml,yes,no,fit,51,yes,yes,OK
combat-rocket-soldier-anti-vehicle,easy,reasoning,combat-rocket-soldier-anti-vehicle.yaml,yes,no,fit,51,yes,yes,OK
combat-rocket-soldier-anti-vehicle,medium,reasoning,combat-rocket-soldier-anti-vehicle.yaml,yes,no,fit,51,yes,yes,OK
combat-rocket-soldier-anti-vehicle,hard,reasoning,combat-rocket-soldier-anti-vehicle.yaml,yes,no,fit,41,yes,yes,OK
combat-skirmish-then-disengage,easy,action,combat-skirmish-then-disengage.yaml,yes,no,fit,52,yes,yes,OK
combat-skirmish-then-disengage,medium,action,combat-skirmish-then-disengage.yaml,yes,no,fit,52,yes,yes,OK
combat-skirmish-then-disengage,hard,action,combat-skirmish-then-disengage.yaml,yes,no,fit,52,yes,yes,OK
combat-stance-mgmt-attack,easy,action,combat-stance-mgmt-attack.yaml,yes,no,fit,60,yes,yes,OK
combat-stance-mgmt-attack,medium,action,combat-stance-mgmt-attack.yaml,yes,no,fit,60,yes,yes,OK
combat-stance-mgmt-attack,hard,action,combat-stance-mgmt-attack.yaml,yes,no,fit,60,yes,yes,OK
combat-suicide-charge-mission,easy,reasoning,combat-suicide-charge-mission.yaml,yes,no,fit,62,yes,yes,OK
combat-suicide-charge-mission,medium,reasoning,combat-suicide-charge-mission.yaml,yes,no,fit,73,yes,yes,OK
combat-suicide-charge-mission,hard,reasoning,combat-suicide-charge-mission.yaml,yes,no,fit,82,yes,yes,OK
combat-tank-vs-tank-engagement,easy,action,combat-tank-vs-tank-engagement.yaml,yes,no,fit,30,yes,yes,OK
combat-tank-vs-tank-engagement,medium,action,combat-tank-vs-tank-engagement.yaml,yes,no,fit,30,yes,yes,OK
combat-tank-vs-tank-engagement,hard,action,combat-tank-vs-tank-engagement.yaml,yes,no,fit,15,yes,yes,OK
combat-tanya-vs-rush,easy,action,combat-tanya-vs-rush.yaml,yes,yes,fit,30,yes,yes,OK
combat-tanya-vs-rush,medium,action,combat-tanya-vs-rush.yaml,yes,yes,fit,30,yes,yes,OK
combat-tanya-vs-rush,hard,action,combat-tanya-vs-rush.yaml,yes,yes,fit,30,yes,yes,OK
combat-target-priority-highvalue,easy,action,combat-target-priority-highvalue.yaml,yes,yes,fit,30,yes,yes,OK
combat-target-priority-highvalue,medium,action,combat-target-priority-highvalue.yaml,yes,yes,fit,30,yes,yes,OK
combat-target-priority-highvalue,hard,action,combat-target-priority-highvalue.yaml,yes,yes,fit,30,yes,yes,OK
combat-vehicle-vs-infantry-counter,easy,reasoning,combat-vehicle-vs-infantry-counter.yaml,yes,yes,fit,60,yes,yes,OK
combat-vehicle-vs-infantry-counter,medium,reasoning,combat-vehicle-vs-infantry-counter.yaml,yes,yes,fit,60,yes,yes,OK
combat-vehicle-vs-infantry-counter,hard,reasoning,combat-vehicle-vs-infantry-counter.yaml,yes,yes,fit,60,yes,yes,OK
coord-converge-on-target,easy,action,coord-converge-on-target.yaml,yes,no,fit,54,yes,yes,OK
coord-converge-on-target,medium,action,coord-converge-on-target.yaml,yes,no,fit,54,yes,yes,OK
coord-converge-on-target,hard,action,coord-converge-on-target.yaml,yes,no,fit,54,yes,yes,OK
coord-cover-and-move,easy,action,coord-cover-and-move.yaml,yes,yes,fit,50,yes,yes,OK
coord-cover-and-move,medium,action,coord-cover-and-move.yaml,yes,yes,fit,50,yes,yes,OK
coord-cover-and-move,hard,action,coord-cover-and-move.yaml,yes,yes,fit,50,yes,yes,OK
coord-diversionary-attack,easy,reasoning,coord-diversionary-attack.yaml,yes,yes,fit,62,yes,yes,OK
coord-diversionary-attack,medium,reasoning,coord-diversionary-attack.yaml,yes,yes,fit,62,yes,yes,OK
coord-diversionary-attack,hard,reasoning,coord-diversionary-attack.yaml,yes,yes,fit,62,yes,yes,OK
coord-mutual-support,easy,action,coord-mutual-support.yaml,yes,no,fit,75,yes,yes,OK
coord-mutual-support,medium,action,coord-mutual-support.yaml,yes,no,fit,75,yes,yes,OK
coord-mutual-support,hard,action,coord-mutual-support.yaml,yes,no,fit,75,yes,yes,OK
coord-relay-attack,easy,action,coord-relay-attack.yaml,yes,yes,fit,36,yes,yes,OK
coord-relay-attack,medium,action,coord-relay-attack.yaml,yes,yes,fit,45,yes,yes,OK
coord-relay-attack,hard,action,coord-relay-attack.yaml,yes,yes,fit,50,yes,yes,OK
coord-relay-vision-chain,easy,action,coord-relay-vision-chain.yaml,yes,no,fit,30,yes,yes,OK
coord-relay-vision-chain,medium,action,coord-relay-vision-chain.yaml,yes,no,fit,24,yes,yes,OK
coord-relay-vision-chain,hard,action,coord-relay-vision-chain.yaml,yes,no,fit,24,yes,yes,OK
coord-squad-handoff,easy,action,coord-squad-handoff.yaml,yes,no,fit,52,yes,yes,OK
coord-squad-handoff,medium,action,coord-squad-handoff.yaml,yes,no,fit,52,yes,yes,OK
coord-squad-handoff,hard,action,coord-squad-handoff.yaml,yes,no,fit,52,yes,yes,OK
coordination-ordered-rendezvous,easy,action,coordination-ordered-rendezvous.yaml,yes,no,fit,40,yes,yes,OK
coordination-ordered-rendezvous,medium,action,coordination-ordered-rendezvous.yaml,yes,no,fit,48,yes,yes,OK
coordination-ordered-rendezvous,hard,action,coordination-ordered-rendezvous.yaml,yes,no,fit,52,yes,yes,OK
coordination-staggered-window,easy,action,coordination-staggered-window.yaml,yes,no,fit,32,yes,yes,OK
coordination-staggered-window,medium,action,coordination-staggered-window.yaml,yes,no,fit,26,yes,yes,OK
coordination-staggered-window,hard,action,coordination-staggered-window.yaml,yes,no,fit,32,yes,yes,OK
custom-map-no-enemy,easy,perception,custom-map-no-enemy.yaml,yes,no,fit,14,yes,yes,OK
custom-map-no-enemy,medium,perception,custom-map-no-enemy.yaml,yes,no,fit,20,yes,yes,OK
custom-map-no-enemy,hard,perception,custom-map-no-enemy.yaml,yes,no,fit,22,yes,yes,OK
def-bridge-chokepoint,easy,action,def-bridge-chokepoint.yaml,yes,no,fit,35,yes,yes,OK
def-bridge-chokepoint,medium,action,def-bridge-chokepoint.yaml,yes,no,fit,40,yes,yes,OK
def-bridge-chokepoint,hard,action,def-bridge-chokepoint.yaml,yes,no,fit,45,yes,yes,OK
def-counter-battery,easy,reasoning,def-counter-battery.yaml,yes,yes,fit,30,yes,yes,OK
def-counter-battery,medium,reasoning,def-counter-battery.yaml,yes,yes,fit,30,yes,yes,OK
def-counter-battery,hard,reasoning,def-counter-battery.yaml,yes,yes,fit,30,yes,yes,OK
def-engineer-repair-under-fire,easy,action,def-engineer-repair-under-fire.yaml,yes,no,fit,50,yes,yes,OK
def-engineer-repair-under-fire,medium,action,def-engineer-repair-under-fire.yaml,yes,no,fit,50,yes,yes,OK
def-engineer-repair-under-fire,hard,action,def-engineer-repair-under-fire.yaml,yes,no,fit,50,yes,yes,OK
def-evacuation,easy,reasoning,def-evacuation.yaml,yes,no,fit,50,yes,yes,OK
def-evacuation,medium,reasoning,def-evacuation.yaml,yes,no,fit,50,yes,yes,OK
def-evacuation,hard,reasoning,def-evacuation.yaml,yes,no,fit,50,yes,yes,OK
def-in-depth-vs-single,easy,reasoning,def-in-depth-vs-single.yaml,yes,yes,fit,60,yes,yes,OK
def-in-depth-vs-single,medium,reasoning,def-in-depth-vs-single.yaml,yes,yes,fit,60,yes,yes,OK
def-in-depth-vs-single,hard,reasoning,def-in-depth-vs-single.yaml,yes,yes,fit,60,yes,yes,OK
def-in-depth,easy,reasoning,def-in-depth.yaml,yes,no,fit,110,yes,yes,OK
def-in-depth,medium,reasoning,def-in-depth.yaml,yes,no,fit,110,yes,yes,OK
def-in-depth,hard,reasoning,def-in-depth.yaml,yes,no,fit,110,yes,yes,OK
def-multi-direction,easy,reasoning,def-multi-direction.yaml,yes,no,large-trivial,50,yes,yes,MAP_LARGE_TRIVIAL
def-multi-direction,medium,reasoning,def-multi-direction.yaml,yes,no,large-trivial,50,yes,yes,MAP_LARGE_TRIVIAL
def-multi-direction,hard,reasoning,def-multi-direction.yaml,yes,no,large-trivial,50,yes,yes,MAP_LARGE_TRIVIAL
def-position-expected-direction,easy,reasoning,def-position-expected-direction.yaml,yes,no,fit,66,yes,yes,OK
def-position-expected-direction,medium,reasoning,def-position-expected-direction.yaml,yes,no,fit,66,yes,yes,OK
def-position-expected-direction,hard,reasoning,def-position-expected-direction.yaml,yes,no,wide,66,yes,yes,MAP_WIDE
def-position-revealed-direction,easy,reasoning,def-position-revealed-direction.yaml,yes,no,fit,66,yes,yes,OK
def-position-revealed-direction,medium,reasoning,def-position-revealed-direction.yaml,yes,no,fit,66,yes,yes,OK
def-position-revealed-direction,hard,reasoning,def-position-revealed-direction.yaml,yes,no,fit,66,yes,yes,OK
def-pre-position-mobile-reserve,easy,reasoning,def-pre-position-mobile-reserve.yaml,yes,no,fit,50,yes,yes,OK
def-pre-position-mobile-reserve,medium,reasoning,def-pre-position-mobile-reserve.yaml,yes,no,fit,50,yes,yes,OK
def-pre-position-mobile-reserve,hard,reasoning,def-pre-position-mobile-reserve.yaml,yes,no,fit,50,yes,yes,OK
def-reinforce-the-breach,easy,action,def-reinforce-the-breach.yaml,yes,no,fit,40,yes,yes,OK
def-reinforce-the-breach,medium,action,def-reinforce-the-breach.yaml,yes,no,fit,40,yes,yes,OK
def-reinforce-the-breach,hard,action,def-reinforce-the-breach.yaml,yes,no,fit,30,yes,yes,OK
def-retreat-and-rebuild,easy,reasoning,def-retreat-and-rebuild.yaml,yes,no,fit,60,yes,yes,OK
def-retreat-and-rebuild,medium,reasoning,def-retreat-and-rebuild.yaml,yes,no,fit,60,yes,yes,OK
def-retreat-and-rebuild,hard,reasoning,def-retreat-and-rebuild.yaml,yes,no,fit,60,yes,yes,OK
def-stance-mgmt-hold-then-attack,easy,action,def-stance-mgmt-hold-then-attack.yaml,yes,no,fit,55,yes,yes,OK
def-stance-mgmt-hold-then-attack,medium,action,def-stance-mgmt-hold-then-attack.yaml,yes,no,fit,55,yes,yes,OK
def-stance-mgmt-hold-then-attack,hard,action,def-stance-mgmt-hold-then-attack.yaml,yes,no,fit,55,yes,yes,OK
def-surprise-flank-react,easy,reasoning,def-surprise-flank-react.yaml,yes,yes,fit,50,yes,yes,OK
def-surprise-flank-react,medium,reasoning,def-surprise-flank-react.yaml,yes,yes,fit,50,yes,yes,OK
def-surprise-flank-react,hard,reasoning,def-surprise-flank-react.yaml,yes,yes,fit,50,yes,yes,OK
def-tower-line-vs-cluster,easy,reasoning,def-tower-line-vs-cluster.yaml,yes,yes,fit,60,yes,yes,OK
def-tower-line-vs-cluster,medium,reasoning,def-tower-line-vs-cluster.yaml,yes,yes,fit,60,yes,yes,OK
def-tower-line-vs-cluster,hard,reasoning,def-tower-line-vs-cluster.yaml,yes,yes,fit,70,yes,yes,OK
def-walls-vs-towers,easy,reasoning,def-walls-vs-towers.yaml,yes,yes,fit,60,yes,yes,OK
def-walls-vs-towers,medium,reasoning,def-walls-vs-towers.yaml,yes,yes,fit,60,yes,yes,OK
def-walls-vs-towers,hard,reasoning,def-walls-vs-towers.yaml,yes,yes,fit,60,yes,yes,OK
def-while-building,easy,reasoning,def-while-building.yaml,yes,yes,fit,60,yes,yes,OK
def-while-building,medium,reasoning,def-while-building.yaml,yes,yes,fit,60,yes,yes,OK
def-while-building,hard,reasoning,def-while-building.yaml,yes,yes,fit,60,yes,yes,OK
def-with-ambush,easy,reasoning,def-with-ambush.yaml,yes,no,fit,50,yes,yes,OK
def-with-ambush,medium,reasoning,def-with-ambush.yaml,yes,no,fit,50,yes,yes,OK
def-with-ambush,hard,reasoning,def-with-ambush.yaml,yes,no,fit,50,yes,yes,OK
defense-rush-survive,easy,reasoning,defense-rush-survive.yaml,yes,no,fit,60,yes,yes,OK
defense-rush-survive,medium,reasoning,defense-rush-survive.yaml,yes,no,fit,60,yes,yes,OK
defense-rush-survive,hard,reasoning,defense-rush-survive.yaml,yes,no,fit,60,yes,yes,OK
econ-burn-rate-management,easy,reasoning,econ-burn-rate-management.yaml,yes,yes,fit,14,yes,yes,OK
econ-burn-rate-management,medium,reasoning,econ-burn-rate-management.yaml,yes,yes,fit,12,yes,yes,OK
econ-burn-rate-management,hard,reasoning,econ-burn-rate-management.yaml,yes,yes,fit,11,yes,yes,OK
econ-buy-vs-build-decision,easy,reasoning,econ-buy-vs-build-decision.yaml,yes,no,fit,25,yes,yes,OK
econ-buy-vs-build-decision,medium,reasoning,econ-buy-vs-build-decision.yaml,yes,no,fit,25,yes,yes,OK
econ-buy-vs-build-decision,hard,reasoning,econ-buy-vs-build-decision.yaml,yes,no,fit,25,yes,yes,OK
econ-cash-reserve-management,easy,reasoning,econ-cash-reserve-management.yaml,yes,yes,fit,60,yes,yes,OK
econ-cash-reserve-management,medium,reasoning,econ-cash-reserve-management.yaml,yes,yes,fit,10,yes,yes,OK
econ-cash-reserve-management,hard,reasoning,econ-cash-reserve-management.yaml,yes,yes,fit,12,yes,yes,OK
econ-contention-with-enemy,easy,reasoning,econ-contention-with-enemy.yaml,yes,no,fit,61,yes,yes,OK
econ-contention-with-enemy,medium,reasoning,econ-contention-with-enemy.yaml,yes,no,fit,61,yes,yes,OK
econ-contention-with-enemy,hard,reasoning,econ-contention-with-enemy.yaml,yes,no,fit,61,yes,yes,OK
econ-contested-expansion,easy,reasoning,econ-contested-expansion.yaml,yes,no,fit,45,yes,yes,OK
econ-contested-expansion,medium,reasoning,econ-contested-expansion.yaml,yes,no,fit,45,yes,yes,OK
econ-contested-expansion,hard,reasoning,econ-contested-expansion.yaml,yes,no,fit,45,yes,yes,OK
econ-deny-enemy-expansion,easy,reasoning,econ-deny-enemy-expansion.yaml,yes,no,fit,72,yes,yes,OK
econ-deny-enemy-expansion,medium,reasoning,econ-deny-enemy-expansion.yaml,yes,no,fit,60,yes,yes,OK
econ-deny-enemy-expansion,hard,reasoning,econ-deny-enemy-expansion.yaml,yes,no,fit,60,yes,yes,OK
econ-expansion-timing,easy,reasoning,econ-expansion-timing.yaml,yes,yes,fit,30,yes,yes,OK
econ-expansion-timing,medium,reasoning,econ-expansion-timing.yaml,yes,yes,fit,40,yes,yes,OK
econ-expansion-timing,hard,reasoning,econ-expansion-timing.yaml,yes,yes,fit,50,yes,yes,OK
econ-far-patch-vs-near-patch,easy,reasoning,econ-far-patch-vs-near-patch.yaml,yes,no,fit,50,yes,yes,OK
econ-far-patch-vs-near-patch,medium,reasoning,econ-far-patch-vs-near-patch.yaml,yes,no,fit,50,yes,yes,OK
econ-far-patch-vs-near-patch,hard,reasoning,econ-far-patch-vs-near-patch.yaml,yes,no,fit,50,yes,yes,OK
econ-harvester-defense-raid,easy,action,econ-harvester-defense-raid.yaml,yes,yes,fit,35,yes,yes,OK
econ-harvester-defense-raid,medium,action,econ-harvester-defense-raid.yaml,yes,yes,fit,45,yes,yes,OK
econ-harvester-defense-raid,hard,action,econ-harvester-defense-raid.yaml,yes,yes,fit,50,yes,yes,OK
econ-harvester-pathing-optimization,easy,reasoning,econ-harvester-pathing-optimization.yaml,yes,no,fit,50,yes,yes,OK
econ-harvester-pathing-optimization,medium,reasoning,econ-harvester-pathing-optimization.yaml,yes,no,fit,50,yes,yes,OK
econ-harvester-pathing-optimization,hard,reasoning,econ-harvester-pathing-optimization.yaml,yes,no,fit,50,yes,yes,OK
econ-mine-and-grow,easy,reasoning,econ-mine-and-grow.yaml,yes,yes,fit,40,yes,yes,OK
econ-mine-and-grow,medium,reasoning,econ-mine-and-grow.yaml,yes,yes,fit,40,yes,yes,OK
econ-mine-and-grow,hard,reasoning,econ-mine-and-grow.yaml,yes,yes,fit,40,yes,yes,OK
econ-multi-patch-allocation,easy,reasoning,econ-multi-patch-allocation.yaml,yes,yes,fit,40,yes,yes,OK
econ-multi-patch-allocation,medium,reasoning,econ-multi-patch-allocation.yaml,yes,yes,fit,40,yes,yes,OK
econ-multi-patch-allocation,hard,reasoning,econ-multi-patch-allocation.yaml,yes,yes,fit,40,yes,yes,OK
econ-overflow-to-silos,easy,reasoning,econ-overflow-to-silos.yaml,yes,yes,fit,20,yes,yes,OK
econ-overflow-to-silos,medium,reasoning,econ-overflow-to-silos.yaml,yes,yes,fit,21,yes,yes,OK
econ-overflow-to-silos,hard,reasoning,econ-overflow-to-silos.yaml,yes,yes,fit,21,yes,yes,OK
econ-protect-harvester-route,easy,action,econ-protect-harvester-route.yaml,yes,yes,fit,50,yes,yes,OK
econ-protect-harvester-route,medium,action,econ-protect-harvester-route.yaml,yes,yes,fit,60,yes,yes,OK
econ-protect-harvester-route,hard,action,econ-protect-harvester-route.yaml,yes,yes,fit,60,yes,yes,OK
econ-quantitative-vs-qualitative-spend,easy,reasoning,econ-quantitative-vs-qualitative-spend.yaml,yes,yes,fit,60,yes,yes,OK
econ-quantitative-vs-qualitative-spend,medium,reasoning,econ-quantitative-vs-qualitative-spend.yaml,yes,yes,fit,60,yes,yes,OK
econ-quantitative-vs-qualitative-spend,hard,reasoning,econ-quantitative-vs-qualitative-spend.yaml,yes,yes,fit,60,yes,yes,OK
econ-recover-from-zero-cash,easy,reasoning,econ-recover-from-zero-cash.yaml,yes,yes,fit,70,yes,yes,OK
econ-recover-from-zero-cash,medium,reasoning,econ-recover-from-zero-cash.yaml,yes,yes,fit,70,yes,yes,OK
econ-recover-from-zero-cash,hard,reasoning,econ-recover-from-zero-cash.yaml,yes,yes,fit,70,yes,yes,OK
econ-replace-dead-harvester,easy,reasoning,econ-replace-dead-harvester.yaml,yes,yes,fit,60,yes,yes,OK
econ-replace-dead-harvester,medium,reasoning,econ-replace-dead-harvester.yaml,yes,yes,fit,60,yes,yes,OK
econ-replace-dead-harvester,hard,reasoning,econ-replace-dead-harvester.yaml,yes,yes,fit,60,yes,yes,OK
econ-resource-trade-with-self,easy,reasoning,econ-resource-trade-with-self.yaml,yes,no,fit,21,yes,yes,OK
econ-resource-trade-with-self,medium,reasoning,econ-resource-trade-with-self.yaml,yes,no,fit,21,yes,yes,OK
econ-resource-trade-with-self,hard,reasoning,econ-resource-trade-with-self.yaml,yes,no,fit,21,yes,yes,OK
econ-second-base-race,easy,reasoning,econ-second-base-race.yaml,yes,yes,fit,40,yes,yes,OK
econ-second-base-race,medium,reasoning,econ-second-base-race.yaml,yes,yes,fit,40,yes,yes,OK
econ-second-base-race,hard,reasoning,econ-second-base-race.yaml,yes,yes,fit,40,yes,yes,OK
econ-silo-vs-spend,easy,reasoning,econ-silo-vs-spend.yaml,yes,yes,fit,20,yes,yes,OK
econ-silo-vs-spend,medium,reasoning,econ-silo-vs-spend.yaml,yes,yes,fit,14,yes,yes,OK
econ-silo-vs-spend,hard,reasoning,econ-silo-vs-spend.yaml,yes,yes,fit,14,yes,yes,OK
econ-startup-from-scratch,easy,reasoning,econ-startup-from-scratch.yaml,yes,yes,fit,50,yes,yes,OK
econ-startup-from-scratch,medium,reasoning,econ-startup-from-scratch.yaml,yes,yes,fit,40,yes,yes,OK
econ-startup-from-scratch,hard,reasoning,econ-startup-from-scratch.yaml,yes,yes,fit,45,yes,yes,OK
econ-target-cash-amount-by-deadline,easy,reasoning,econ-target-cash-amount-by-deadline.yaml,yes,no,fit,21,yes,yes,OK
econ-target-cash-amount-by-deadline,medium,reasoning,econ-target-cash-amount-by-deadline.yaml,yes,no,fit,51,yes,yes,OK
econ-target-cash-amount-by-deadline,hard,reasoning,econ-target-cash-amount-by-deadline.yaml,yes,no,fit,46,yes,yes,OK
econ-tech-vs-expand-decision,easy,reasoning,econ-tech-vs-expand-decision.yaml,yes,yes,fit,30,yes,yes,OK
econ-tech-vs-expand-decision,medium,reasoning,econ-tech-vs-expand-decision.yaml,yes,yes,fit,40,yes,yes,OK
econ-tech-vs-expand-decision,hard,reasoning,econ-tech-vs-expand-decision.yaml,yes,yes,fit,50,yes,yes,OK
economy-force-buildup,easy,reasoning,economy-force-buildup.yaml,yes,yes,fit,30,yes,yes,OK
economy-force-buildup,medium,reasoning,economy-force-buildup.yaml,yes,yes,fit,28,yes,yes,OK
economy-force-buildup,hard,reasoning,economy-force-buildup.yaml,yes,yes,fit,24,yes,yes,OK
economy-harvest-investment,easy,reasoning,economy-harvest-investment.yaml,yes,no,fit,80,yes,yes,OK
economy-harvest-investment,medium,reasoning,economy-harvest-investment.yaml,yes,no,fit,80,yes,yes,OK
economy-harvest-investment,hard,reasoning,economy-harvest-investment.yaml,yes,no,fit,90,yes,yes,OK
economy-harvest-timebox,easy,reasoning,economy-harvest-timebox.yaml,yes,no,fit,22,yes,yes,OK
economy-harvest-timebox,medium,reasoning,economy-harvest-timebox.yaml,yes,no,fit,35,yes,yes,OK
economy-harvest-timebox,hard,reasoning,economy-harvest-timebox.yaml,yes,no,fit,42,yes,yes,OK
economy-investment,easy,reasoning,economy-investment.yaml,yes,no,fit,24,yes,yes,OK
economy-investment,medium,reasoning,economy-investment.yaml,yes,no,fit,26,yes,yes,OK
economy-investment,hard,reasoning,economy-investment.yaml,yes,no,fit,32,yes,yes,OK
economy-time-box,easy,reasoning,economy-time-box.yaml,yes,yes,fit,60,yes,yes,OK
economy-time-box,medium,reasoning,economy-time-box.yaml,yes,yes,fit,70,yes,yes,OK
economy-time-box,hard,reasoning,economy-time-box.yaml,yes,yes,fit,80,yes,yes,OK
expansion-aggro-3-base-greedy,easy,reasoning,expansion-aggro-3-base-greedy.yaml,yes,no,large-trivial,65,yes,yes,MAP_LARGE_TRIVIAL
expansion-aggro-3-base-greedy,medium,reasoning,expansion-aggro-3-base-greedy.yaml,yes,no,fit,65,yes,yes,OK
expansion-aggro-3-base-greedy,hard,reasoning,expansion-aggro-3-base-greedy.yaml,yes,no,fit,60,yes,yes,OK
expansion-balanced-2-base-defended,easy,reasoning,expansion-balanced-2-base-defended.yaml,yes,yes,fit,65,yes,yes,OK
expansion-balanced-2-base-defended,medium,reasoning,expansion-balanced-2-base-defended.yaml,yes,yes,fit,60,yes,yes,OK
expansion-balanced-2-base-defended,hard,reasoning,expansion-balanced-2-base-defended.yaml,yes,yes,fit,60,yes,yes,OK
expansion-turtle-1-base-fortified,easy,reasoning,expansion-turtle-1-base-fortified.yaml,yes,no,fit,62,yes,yes,OK
expansion-turtle-1-base-fortified,medium,reasoning,expansion-turtle-1-base-fortified.yaml,yes,no,fit,62,yes,yes,OK
expansion-turtle-1-base-fortified,hard,reasoning,expansion-turtle-1-base-fortified.yaml,yes,no,fit,62,yes,yes,OK
harass-response-preserve,easy,action,harass-response-preserve.yaml,yes,no,fit,55,yes,yes,OK
harass-response-preserve,medium,action,harass-response-preserve.yaml,yes,no,fit,55,yes,yes,OK
harass-response-preserve,hard,action,harass-response-preserve.yaml,yes,no,fit,55,yes,yes,OK
lh-100-turn-marathon-survival,easy,reasoning,lh-100-turn-marathon-survival.yaml,yes,yes,fit,90,yes,yes,OK
lh-100-turn-marathon-survival,medium,reasoning,lh-100-turn-marathon-survival.yaml,yes,yes,fit,100,yes,yes,OK
lh-100-turn-marathon-survival,hard,reasoning,lh-100-turn-marathon-survival.yaml,yes,yes,fit,120,yes,yes,OK
lh-build-army-coordinate-multifront-attack,easy,reasoning,lh-build-army-coordinate-multifront-attack.yaml,yes,yes,fit,80,yes,yes,OK
lh-build-army-coordinate-multifront-attack,medium,reasoning,lh-build-army-coordinate-multifront-attack.yaml,yes,yes,fit,80,yes,yes,OK
lh-build-army-coordinate-multifront-attack,hard,reasoning,lh-build-army-coordinate-multifront-attack.yaml,yes,yes,fit,80,yes,yes,OK
lh-credit-only-final-phase,easy,reasoning,lh-credit-only-final-phase.yaml,yes,yes,fit,80,yes,yes,OK
lh-credit-only-final-phase,medium,reasoning,lh-credit-only-final-phase.yaml,yes,yes,fit,80,yes,yes,OK
lh-credit-only-final-phase,hard,reasoning,lh-credit-only-final-phase.yaml,yes,yes,fit,80,yes,yes,OK
lh-defense-tech-second-base,easy,reasoning,lh-defense-tech-second-base.yaml,yes,yes,fit,90,yes,yes,OK
lh-defense-tech-second-base,medium,reasoning,lh-defense-tech-second-base.yaml,yes,yes,fit,80,yes,yes,OK
lh-defense-tech-second-base,hard,reasoning,lh-defense-tech-second-base.yaml,yes,yes,fit,80,yes,yes,OK
lh-econ-army-victory,easy,reasoning,lh-econ-army-victory.yaml,yes,yes,fit,50,yes,yes,OK
lh-econ-army-victory,medium,reasoning,lh-econ-army-victory.yaml,yes,yes,fit,50,yes,yes,OK
lh-econ-army-victory,hard,reasoning,lh-econ-army-victory.yaml,yes,yes,fit,60,yes,yes,OK
lh-multi-checkpoint-5-plus,easy,action,lh-multi-checkpoint-5-plus.yaml,yes,no,fit,85,yes,yes,OK
lh-multi-checkpoint-5-plus,medium,action,lh-multi-checkpoint-5-plus.yaml,yes,no,fit,85,yes,yes,OK
lh-multi-checkpoint-5-plus,hard,action,lh-multi-checkpoint-5-plus.yaml,yes,no,fit,85,yes,yes,OK
lh-opening-to-defense-to-counter,easy,reasoning,lh-opening-to-defense-to-counter.yaml,yes,no,fit,130,yes,yes,OK
lh-opening-to-defense-to-counter,medium,reasoning,lh-opening-to-defense-to-counter.yaml,yes,no,fit,130,yes,yes,OK
lh-opening-to-defense-to-counter,hard,reasoning,lh-opening-to-defense-to-counter.yaml,yes,no,fit,130,yes,yes,OK
lh-opening-to-tech-to-army,easy,reasoning,lh-opening-to-tech-to-army.yaml,yes,yes,fit,100,yes,yes,OK
lh-opening-to-tech-to-army,medium,reasoning,lh-opening-to-tech-to-army.yaml,yes,yes,fit,80,yes,yes,OK
lh-opening-to-tech-to-army,hard,reasoning,lh-opening-to-tech-to-army.yaml,yes,yes,fit,110,yes,yes,OK
lh-progression-stage-locked,easy,reasoning,lh-progression-stage-locked.yaml,yes,no,fit,70,yes,yes,OK
lh-progression-stage-locked,medium,reasoning,lh-progression-stage-locked.yaml,yes,no,fit,70,yes,yes,OK
lh-progression-stage-locked,hard,reasoning,lh-progression-stage-locked.yaml,yes,no,fit,70,yes,yes,OK
lh-recovery-after-mid-game-loss,easy,reasoning,lh-recovery-after-mid-game-loss.yaml,yes,yes,fit,60,yes,yes,OK
lh-recovery-after-mid-game-loss,medium,reasoning,lh-recovery-after-mid-game-loss.yaml,yes,yes,fit,52,yes,yes,OK
lh-recovery-after-mid-game-loss,hard,reasoning,lh-recovery-after-mid-game-loss.yaml,yes,yes,fit,52,yes,yes,OK
lh-scout-react-counter,easy,reasoning,lh-scout-react-counter.yaml,yes,no,fit,75,yes,yes,OK
lh-scout-react-counter,medium,reasoning,lh-scout-react-counter.yaml,yes,no,fit,75,yes,yes,OK
lh-scout-react-counter,hard,reasoning,lh-scout-react-counter.yaml,yes,no,fit,75,yes,yes,OK
lh-tech-pivot-attack,easy,reasoning,lh-tech-pivot-attack.yaml,yes,no,fit,85,yes,yes,OK
lh-tech-pivot-attack,medium,reasoning,lh-tech-pivot-attack.yaml,yes,no,fit,85,yes,yes,OK
lh-tech-pivot-attack,hard,reasoning,lh-tech-pivot-attack.yaml,yes,no,fit,75,yes,yes,OK
lh-tech-rush-vs-army-rush,easy,reasoning,lh-tech-rush-vs-army-rush.yaml,yes,no,fit,60,yes,yes,OK
lh-tech-rush-vs-army-rush,medium,reasoning,lh-tech-rush-vs-army-rush.yaml,yes,no,fit,60,yes,yes,OK
lh-tech-rush-vs-army-rush,hard,reasoning,lh-tech-rush-vs-army-rush.yaml,yes,no,fit,60,yes,yes,OK
longhorizon-opening-to-assault,easy,reasoning,longhorizon-opening-to-assault.yaml,yes,yes,fit,120,yes,yes,OK
longhorizon-opening-to-assault,medium,reasoning,longhorizon-opening-to-assault.yaml,yes,yes,fit,140,yes,yes,OK
longhorizon-opening-to-assault,hard,reasoning,longhorizon-opening-to-assault.yaml,yes,yes,fit,160,yes,yes,OK
maint-repair-priority-order,easy,reasoning,maint-repair-priority-order.yaml,yes,no,fit,22,yes,yes,OK
maint-repair-priority-order,medium,reasoning,maint-repair-priority-order.yaml,yes,no,fit,20,yes,yes,OK
maint-repair-priority-order,hard,reasoning,maint-repair-priority-order.yaml,yes,no,fit,20,yes,yes,OK
maint-sell-and-recoup-cash,easy,reasoning,maint-sell-and-recoup-cash.yaml,yes,no,fit,90,yes,yes,OK
maint-sell-and-recoup-cash,medium,reasoning,maint-sell-and-recoup-cash.yaml,yes,no,fit,90,yes,yes,OK
maint-sell-and-recoup-cash,hard,reasoning,maint-sell-and-recoup-cash.yaml,yes,no,fit,90,yes,yes,OK
mcv-deploy-and-build,easy,reasoning,mcv-deploy-and-build.yaml,yes,no,fit,55,yes,yes,OK
mcv-deploy-and-build,medium,reasoning,mcv-deploy-and-build.yaml,yes,no,fit,30,yes,yes,OK
mcv-deploy-and-build,hard,reasoning,mcv-deploy-and-build.yaml,yes,no,fit,36,yes,yes,OK
mcv-deploy-defensible-site,easy,reasoning,mcv-deploy-defensible-site.yaml,yes,no,wide,60,yes,yes,MAP_WIDE
mcv-deploy-defensible-site,medium,reasoning,mcv-deploy-defensible-site.yaml,yes,no,wide,60,yes,yes,MAP_WIDE
mcv-deploy-defensible-site,hard,reasoning,mcv-deploy-defensible-site.yaml,yes,no,wide,70,yes,yes,MAP_WIDE
mcv-deploy-near-resource,easy,reasoning,mcv-deploy-near-resource.yaml,yes,no,fit,62,yes,yes,OK
mcv-deploy-near-resource,medium,reasoning,mcv-deploy-near-resource.yaml,yes,no,fit,52,yes,yes,OK
mcv-deploy-near-resource,hard,reasoning,mcv-deploy-near-resource.yaml,yes,no,fit,62,yes,yes,OK
mcv-deploy-relocate-under-pressure,easy,reasoning,mcv-deploy-relocate-under-pressure.yaml,yes,yes,fit,60,yes,yes,OK
mcv-deploy-relocate-under-pressure,medium,reasoning,mcv-deploy-relocate-under-pressure.yaml,yes,yes,fit,60,yes,yes,OK
mcv-deploy-relocate-under-pressure,hard,reasoning,mcv-deploy-relocate-under-pressure.yaml,yes,yes,fit,60,yes,yes,OK
mcv-deploy-second-base,easy,reasoning,mcv-deploy-second-base.yaml,yes,no,fit,70,yes,yes,OK
mcv-deploy-second-base,medium,reasoning,mcv-deploy-second-base.yaml,yes,no,fit,60,yes,yes,OK
mcv-deploy-second-base,hard,reasoning,mcv-deploy-second-base.yaml,yes,no,fit,50,yes,yes,OK
mcv-deploy-third-base,easy,reasoning,mcv-deploy-third-base.yaml,yes,no,fit,75,yes,yes,OK
mcv-deploy-third-base,medium,reasoning,mcv-deploy-third-base.yaml,yes,no,fit,75,yes,yes,OK
mcv-deploy-third-base,hard,reasoning,mcv-deploy-third-base.yaml,yes,no,fit,75,yes,yes,OK
mfb-base-1-defend-base-2-build,easy,reasoning,mfb-base-1-defend-base-2-build.yaml,yes,no,fit,72,yes,yes,OK
mfb-base-1-defend-base-2-build,medium,reasoning,mfb-base-1-defend-base-2-build.yaml,yes,no,fit,56,yes,yes,OK
mfb-base-1-defend-base-2-build,hard,reasoning,mfb-base-1-defend-base-2-build.yaml,yes,no,fit,64,yes,yes,OK
mfb-mirror-base-east-west,easy,reasoning,mfb-mirror-base-east-west.yaml,yes,no,fit,55,yes,yes,OK
mfb-mirror-base-east-west,medium,reasoning,mfb-mirror-base-east-west.yaml,yes,no,fit,37,yes,yes,OK
mfb-mirror-base-east-west,hard,reasoning,mfb-mirror-base-east-west.yaml,yes,no,fit,37,yes,yes,OK
mfb-redundant-tech-buildings,easy,reasoning,mfb-redundant-tech-buildings.yaml,yes,yes,fit,70,yes,yes,OK
mfb-redundant-tech-buildings,medium,reasoning,mfb-redundant-tech-buildings.yaml,yes,yes,fit,60,yes,yes,OK
mfb-redundant-tech-buildings,hard,reasoning,mfb-redundant-tech-buildings.yaml,yes,yes,fit,60,yes,yes,OK
mfb-rotating-production-pressure,easy,reasoning,mfb-rotating-production-pressure.yaml,yes,no,fit,70,yes,yes,OK
mfb-rotating-production-pressure,medium,reasoning,mfb-rotating-production-pressure.yaml,yes,no,fit,70,yes,yes,OK
mfb-rotating-production-pressure,hard,reasoning,mfb-rotating-production-pressure.yaml,yes,no,fit,70,yes,yes,OK
mfb-supply-line-link-between-bases,easy,action,mfb-supply-line-link-between-bases.yaml,yes,no,fit,50,yes,yes,OK
mfb-supply-line-link-between-bases,medium,action,mfb-supply-line-link-between-bases.yaml,yes,no,fit,50,yes,yes,OK
mfb-supply-line-link-between-bases,hard,action,mfb-supply-line-link-between-bases.yaml,yes,no,fit,50,yes,yes,OK
mfb-tech-base-vs-economy-base,easy,reasoning,mfb-tech-base-vs-economy-base.yaml,yes,yes,large-trivial,70,yes,yes,MAP_LARGE_TRIVIAL
mfb-tech-base-vs-economy-base,medium,reasoning,mfb-tech-base-vs-economy-base.yaml,yes,yes,large-trivial,70,yes,yes,MAP_LARGE_TRIVIAL
mfb-tech-base-vs-economy-base,hard,reasoning,mfb-tech-base-vs-economy-base.yaml,yes,yes,large-trivial,60,yes,yes,MAP_LARGE_TRIVIAL
mfb-third-base-against-clock,easy,reasoning,mfb-third-base-against-clock.yaml,yes,no,fit,72,yes,yes,OK
mfb-third-base-against-clock,medium,reasoning,mfb-third-base-against-clock.yaml,yes,no,fit,56,yes,yes,OK
mfb-third-base-against-clock,hard,reasoning,mfb-third-base-against-clock.yaml,yes,no,fit,64,yes,yes,OK
mfb-two-base-simultaneous,easy,reasoning,mfb-two-base-simultaneous.yaml,yes,no,fit,32,yes,yes,OK
mfb-two-base-simultaneous,medium,reasoning,mfb-two-base-simultaneous.yaml,yes,no,fit,23,yes,yes,OK
mfb-two-base-simultaneous,hard,reasoning,mfb-two-base-simultaneous.yaml,yes,no,fit,23,yes,yes,OK
mid-concede-vs-hold,easy,reasoning,mid-concede-vs-hold.yaml,yes,yes,fit,65,yes,yes,OK
mid-concede-vs-hold,medium,reasoning,mid-concede-vs-hold.yaml,yes,yes,fit,60,yes,yes,OK
mid-concede-vs-hold,hard,reasoning,mid-concede-vs-hold.yaml,yes,yes,fit,60,yes,yes,OK
mid-economy-under-fire,easy,action,mid-economy-under-fire.yaml,yes,no,fit,61,yes,yes,OK
mid-economy-under-fire,medium,action,mid-economy-under-fire.yaml,yes,no,fit,61,yes,yes,OK
mid-economy-under-fire,hard,action,mid-economy-under-fire.yaml,yes,no,fit,61,yes,yes,OK
mid-tech-switch-on-scout,easy,reasoning,mid-tech-switch-on-scout.yaml,yes,yes,fit,60,yes,yes,OK
mid-tech-switch-on-scout,medium,reasoning,mid-tech-switch-on-scout.yaml,yes,yes,fit,70,yes,yes,OK
mid-tech-switch-on-scout,hard,reasoning,mid-tech-switch-on-scout.yaml,yes,yes,fit,70,yes,yes,OK
navigation-confined-hard-only,easy,perception,navigation-confined-hard-only.yaml,yes,no,fit,14,yes,yes,OK
navigation-confined-hard-only,medium,perception,navigation-confined-hard-only.yaml,yes,no,fit,20,yes,yes,OK
navigation-confined-hard-only,hard,perception,navigation-confined-hard-only.yaml,yes,no,fit,31,yes,yes,OK
perception-count-the-threat-small-k,easy,perception,perception-count-the-threat-small-k.yaml,yes,no,fit,26,yes,yes,OK
perception-count-the-threat-small-k,medium,perception,perception-count-the-threat-small-k.yaml,yes,no,fit,32,yes,yes,OK
perception-count-the-threat-small-k,hard,perception,perception-count-the-threat-small-k.yaml,yes,no,fit,40,yes,yes,OK
perception-count-the-threat,easy,perception,perception-count-the-threat.yaml,yes,no,fit,30,yes,yes,OK
perception-count-the-threat,medium,perception,perception-count-the-threat.yaml,yes,no,fit,45,yes,yes,OK
perception-count-the-threat,hard,perception,perception-count-the-threat.yaml,yes,no,fit,45,yes,yes,OK
perception-frontier-reading,easy,perception,perception-frontier-reading.yaml,yes,no,fit,26,yes,yes,OK
perception-frontier-reading,medium,perception,perception-frontier-reading.yaml,yes,no,fit,32,yes,yes,OK
perception-frontier-reading,hard,perception,perception-frontier-reading.yaml,yes,no,fit,40,yes,yes,OK
perception-target-vs-fog,easy,perception,perception-target-vs-fog.yaml,yes,no,fit,26,yes,yes,OK
perception-target-vs-fog,medium,perception,perception-target-vs-fog.yaml,yes,no,fit,30,yes,yes,OK
perception-target-vs-fog,hard,perception,perception-target-vs-fog.yaml,yes,no,fit,34,yes,yes,OK
power-budget-online,easy,reasoning,power-budget-online.yaml,yes,no,fit,71,yes,yes,OK
power-budget-online,medium,reasoning,power-budget-online.yaml,yes,no,fit,67,yes,yes,OK
power-budget-online,hard,reasoning,power-budget-online.yaml,yes,no,fit,67,yes,yes,OK
proc-checklist-no-deviation,easy,action,proc-checklist-no-deviation.yaml,yes,no,fit,34,yes,yes,OK
proc-checklist-no-deviation,medium,action,proc-checklist-no-deviation.yaml,yes,no,fit,44,yes,yes,OK
proc-checklist-no-deviation,hard,action,proc-checklist-no-deviation.yaml,yes,no,fit,52,yes,yes,OK
proc-conditional-branch-action,easy,reasoning,proc-conditional-branch-action.yaml,yes,no,fit,66,yes,yes,OK
proc-conditional-branch-action,medium,reasoning,proc-conditional-branch-action.yaml,yes,no,fit,66,yes,yes,OK
proc-conditional-branch-action,hard,reasoning,proc-conditional-branch-action.yaml,yes,no,fit,66,yes,yes,OK
proc-instruction-following-edge-case,easy,action,proc-instruction-following-edge-case.yaml,yes,no,fit,55,yes,yes,OK
proc-instruction-following-edge-case,medium,action,proc-instruction-following-edge-case.yaml,yes,no,fit,55,yes,yes,OK
proc-instruction-following-edge-case,hard,action,proc-instruction-following-edge-case.yaml,yes,no,fit,55,yes,yes,OK
proc-no-attack-passive-only,easy,action,proc-no-attack-passive-only.yaml,yes,no,fit,55,yes,yes,OK
proc-no-attack-passive-only,medium,action,proc-no-attack-passive-only.yaml,yes,no,fit,55,yes,yes,OK
proc-no-attack-passive-only,hard,action,proc-no-attack-passive-only.yaml,yes,no,fit,55,yes,yes,OK
proc-only-build-no-combat,easy,action,proc-only-build-no-combat.yaml,yes,no,fit,60,yes,yes,OK
proc-only-build-no-combat,medium,action,proc-only-build-no-combat.yaml,yes,no,fit,60,yes,yes,OK
proc-only-build-no-combat,hard,action,proc-only-build-no-combat.yaml,yes,no,fit,60,yes,yes,OK
proc-only-defend-no-attack,easy,action,proc-only-defend-no-attack.yaml,yes,no,fit,55,yes,yes,OK
proc-only-defend-no-attack,medium,action,proc-only-defend-no-attack.yaml,yes,no,fit,55,yes,yes,OK
proc-only-defend-no-attack,hard,action,proc-only-defend-no-attack.yaml,yes,no,fit,55,yes,yes,OK
proc-ordered-action-strict,easy,action,proc-ordered-action-strict.yaml,yes,no,fit,30,yes,yes,OK
proc-ordered-action-strict,medium,action,proc-ordered-action-strict.yaml,yes,no,fit,38,yes,yes,OK
proc-ordered-action-strict,hard,action,proc-ordered-action-strict.yaml,yes,no,fit,48,yes,yes,OK
proc-strict-toolban-fidelity,easy,action,proc-strict-toolban-fidelity.yaml,yes,yes,fit,60,yes,yes,OK
proc-strict-toolban-fidelity,medium,action,proc-strict-toolban-fidelity.yaml,yes,yes,fit,41,yes,yes,OK
proc-strict-toolban-fidelity,hard,action,proc-strict-toolban-fidelity.yaml,yes,yes,fit,41,yes,yes,OK
proc-tool-use-multi-distractor,easy,action,proc-tool-use-multi-distractor.yaml,yes,no,fit,25,yes,yes,OK
proc-tool-use-multi-distractor,medium,action,proc-tool-use-multi-distractor.yaml,yes,no,fit,22,yes,yes,OK
proc-tool-use-multi-distractor,hard,action,proc-tool-use-multi-distractor.yaml,yes,no,fit,20,yes,yes,OK
proc-tool-use-with-distractor,easy,action,proc-tool-use-with-distractor.yaml,yes,no,fit,55,yes,yes,OK
proc-tool-use-with-distractor,medium,action,proc-tool-use-with-distractor.yaml,yes,no,fit,55,yes,yes,OK
proc-tool-use-with-distractor,hard,action,proc-tool-use-with-distractor.yaml,yes,no,fit,55,yes,yes,OK
reasoning-frontier-commit,easy,reasoning,reasoning-frontier-commit.yaml,yes,no,fit,14,yes,yes,OK
reasoning-frontier-commit,medium,reasoning,reasoning-frontier-commit.yaml,yes,no,fit,14,yes,yes,OK
reasoning-frontier-commit,hard,reasoning,reasoning-frontier-commit.yaml,yes,no,fit,15,yes,yes,OK
reasoning-risk-route,easy,reasoning,reasoning-risk-route.yaml,yes,no,fit,32,yes,yes,OK
reasoning-risk-route,medium,reasoning,reasoning-risk-route.yaml,yes,no,fit,36,yes,yes,OK
reasoning-risk-route,hard,reasoning,reasoning-risk-route.yaml,yes,no,fit,40,yes,yes,OK
risk-blockade-bypass,easy,reasoning,risk-blockade-bypass.yaml,yes,no,fit,40,yes,yes,OK
risk-blockade-bypass,medium,reasoning,risk-blockade-bypass.yaml,yes,no,fit,32,yes,yes,OK
risk-blockade-bypass,hard,reasoning,risk-blockade-bypass.yaml,yes,no,fit,28,yes,yes,OK
rob-cash-depletion-recovery,easy,reasoning,rob-cash-depletion-recovery.yaml,yes,yes,fit,70,yes,yes,OK
rob-cash-depletion-recovery,medium,reasoning,rob-cash-depletion-recovery.yaml,yes,yes,fit,70,yes,yes,OK
rob-cash-depletion-recovery,hard,reasoning,rob-cash-depletion-recovery.yaml,yes,yes,fit,70,yes,yes,OK
rob-deadline-shortened-midway,easy,reasoning,rob-deadline-shortened-midway.yaml,yes,no,fit,60,yes,yes,OK
rob-deadline-shortened-midway,medium,reasoning,rob-deadline-shortened-midway.yaml,yes,no,fit,60,yes,yes,OK
rob-deadline-shortened-midway,hard,reasoning,rob-deadline-shortened-midway.yaml,yes,no,fit,60,yes,yes,OK
rob-multiple-simultaneous-pressures,easy,reasoning,rob-multiple-simultaneous-pressures.yaml,yes,no,fit,61,yes,yes,OK
rob-multiple-simultaneous-pressures,medium,reasoning,rob-multiple-simultaneous-pressures.yaml,yes,no,fit,61,yes,yes,OK
rob-multiple-simultaneous-pressures,hard,reasoning,rob-multiple-simultaneous-pressures.yaml,yes,no,fit,51,yes,yes,OK
rob-objective-change-midway,easy,reasoning,rob-objective-change-midway.yaml,yes,no,fit,65,yes,yes,OK
rob-objective-change-midway,medium,reasoning,rob-objective-change-midway.yaml,yes,no,fit,65,yes,yes,OK
rob-objective-change-midway,hard,reasoning,rob-objective-change-midway.yaml,yes,no,fit,65,yes,yes,OK
rob-objective-shift-with-or-clause,easy,reasoning,rob-objective-shift-with-or-clause.yaml,yes,no,fit,65,yes,yes,OK
rob-objective-shift-with-or-clause,medium,reasoning,rob-objective-shift-with-or-clause.yaml,yes,no,fit,65,yes,yes,OK
rob-objective-shift-with-or-clause,hard,reasoning,rob-objective-shift-with-or-clause.yaml,yes,no,fit,65,yes,yes,OK
rob-partial-base-loss-continue,easy,reasoning,rob-partial-base-loss-continue.yaml,yes,yes,fit,60,yes,yes,OK
rob-partial-base-loss-continue,medium,reasoning,rob-partial-base-loss-continue.yaml,yes,yes,fit,60,yes,yes,OK
rob-partial-base-loss-continue,hard,reasoning,rob-partial-base-loss-continue.yaml,yes,yes,fit,60,yes,yes,OK
rob-unexpected-enemy-spawn,easy,reasoning,rob-unexpected-enemy-spawn.yaml,yes,no,fit,90,yes,yes,OK
rob-unexpected-enemy-spawn,medium,reasoning,rob-unexpected-enemy-spawn.yaml,yes,no,fit,90,yes,yes,OK
rob-unexpected-enemy-spawn,hard,reasoning,rob-unexpected-enemy-spawn.yaml,yes,no,fit,90,yes,yes,OK
rob-unit-loss-recovery,easy,reasoning,rob-unit-loss-recovery.yaml,yes,yes,fit,60,yes,yes,OK
rob-unit-loss-recovery,medium,reasoning,rob-unit-loss-recovery.yaml,yes,yes,fit,60,yes,yes,OK
rob-unit-loss-recovery,hard,reasoning,rob-unit-loss-recovery.yaml,yes,yes,fit,60,yes,yes,OK
rush-hour,easy,action,rush-hour.yaml,yes,no,fit,41,yes,yes,OK
rush-hour,medium,action,rush-hour.yaml,yes,no,fit,41,yes,yes,OK
rush-hour,hard,action,rush-hour.yaml,yes,no,fit,41,yes,yes,OK
scout-and-report,easy,perception,scout-and-report.yaml,yes,no,fit,52,yes,yes,OK
scout-and-report,medium,perception,scout-and-report.yaml,yes,no,fit,52,yes,yes,OK
scout-and-report,hard,perception,scout-and-report.yaml,yes,no,fit,52,yes,yes,OK
scout-and-survive,easy,perception,scout-and-survive.yaml,yes,no,fit,52,yes,yes,OK
scout-and-survive,medium,perception,scout-and-survive.yaml,yes,no,fit,52,yes,yes,OK
scout-and-survive,hard,perception,scout-and-survive.yaml,yes,no,fit,52,yes,yes,OK
scout-count-defenders,easy,perception,scout-count-defenders.yaml,yes,no,fit,38,yes,yes,OK
scout-count-defenders,medium,perception,scout-count-defenders.yaml,yes,no,fit,43,yes,yes,OK
scout-count-defenders,hard,perception,scout-count-defenders.yaml,yes,no,fit,52,yes,yes,OK
scout-cycle-keep-info-fresh,easy,perception,scout-cycle-keep-info-fresh.yaml,yes,no,fit,50,yes,yes,OK
scout-cycle-keep-info-fresh,medium,perception,scout-cycle-keep-info-fresh.yaml,yes,no,fit,50,yes,yes,OK
scout-cycle-keep-info-fresh,hard,perception,scout-cycle-keep-info-fresh.yaml,yes,no,fit,50,yes,yes,OK
scout-deny-enemy-vision,easy,reasoning,scout-deny-enemy-vision.yaml,yes,no,fit,25,yes,yes,OK
scout-deny-enemy-vision,medium,reasoning,scout-deny-enemy-vision.yaml,yes,no,fit,25,yes,yes,OK
scout-deny-enemy-vision,hard,reasoning,scout-deny-enemy-vision.yaml,yes,no,fit,25,yes,yes,OK
scout-detect-base-direction,easy,perception,scout-detect-base-direction.yaml,yes,no,fit,50,yes,yes,OK
scout-detect-base-direction,medium,perception,scout-detect-base-direction.yaml,yes,no,fit,50,yes,yes,OK
scout-detect-base-direction,hard,perception,scout-detect-base-direction.yaml,yes,no,fit,45,yes,yes,OK
scout-detect-enemy-tech,easy,perception,scout-detect-enemy-tech.yaml,yes,yes,fit,26,yes,yes,OK
scout-detect-enemy-tech,medium,perception,scout-detect-enemy-tech.yaml,yes,yes,fit,40,yes,yes,OK
scout-detect-enemy-tech,hard,perception,scout-detect-enemy-tech.yaml,yes,yes,fit,40,yes,yes,OK
scout-detect-incoming-army,easy,perception,scout-detect-incoming-army.yaml,yes,no,fit,50,yes,yes,OK
scout-detect-incoming-army,medium,perception,scout-detect-incoming-army.yaml,yes,no,fit,50,yes,yes,OK
scout-detect-incoming-army,hard,perception,scout-detect-incoming-army.yaml,yes,no,fit,50,yes,yes,OK
scout-discover-hidden-base,easy,perception,scout-discover-hidden-base.yaml,yes,no,fit,41,yes,yes,OK
scout-discover-hidden-base,medium,perception,scout-discover-hidden-base.yaml,yes,no,fit,34,yes,yes,OK
scout-discover-hidden-base,hard,perception,scout-discover-hidden-base.yaml,yes,no,fit,31,yes,yes,OK
scout-far-frontier,easy,perception,scout-far-frontier.yaml,yes,yes,fit,17,yes,yes,OK
scout-far-frontier,medium,perception,scout-far-frontier.yaml,yes,yes,fit,13,yes,yes,OK
scout-far-frontier,hard,perception,scout-far-frontier.yaml,yes,yes,fit,12,yes,yes,OK
scout-jeep-vs-infantry-cost-effective,easy,reasoning,scout-jeep-vs-infantry-cost-effective.yaml,yes,no,fit,21,yes,yes,OK
scout-jeep-vs-infantry-cost-effective,medium,reasoning,scout-jeep-vs-infantry-cost-effective.yaml,yes,no,fit,15,yes,yes,OK
scout-jeep-vs-infantry-cost-effective,hard,reasoning,scout-jeep-vs-infantry-cost-effective.yaml,yes,no,fit,15,yes,yes,OK
scout-map-reveal-percent-target,easy,perception,scout-map-reveal-percent-target.yaml,yes,yes,fit,8,yes,yes,OK
scout-map-reveal-percent-target,medium,perception,scout-map-reveal-percent-target.yaml,yes,yes,fit,12,yes,yes,OK
scout-map-reveal-percent-target,hard,perception,scout-map-reveal-percent-target.yaml,yes,yes,fit,15,yes,yes,OK
scout-multiple-fog-areas,easy,perception,scout-multiple-fog-areas.yaml,yes,no,fit,22,yes,yes,OK
scout-multiple-fog-areas,medium,perception,scout-multiple-fog-areas.yaml,yes,no,fit,13,yes,yes,OK
scout-multiple-fog-areas,hard,perception,scout-multiple-fog-areas.yaml,yes,no,fit,16,yes,yes,OK
scout-track-enemy-movement,easy,perception,scout-track-enemy-movement.yaml,yes,no,fit,50,yes,yes,OK
scout-track-enemy-movement,medium,perception,scout-track-enemy-movement.yaml,yes,no,fit,50,yes,yes,OK
scout-track-enemy-movement,hard,perception,scout-track-enemy-movement.yaml,yes,no,fit,50,yes,yes,OK
spec-engineer-capture,easy,action,spec-engineer-capture.yaml,yes,no,fit,25,yes,yes,OK
spec-engineer-capture,medium,action,spec-engineer-capture.yaml,yes,no,fit,35,yes,yes,OK
spec-engineer-capture,hard,action,spec-engineer-capture.yaml,yes,no,fit,50,yes,yes,OK
spec-nuke-strike,easy,action,spec-nuke-strike.yaml,yes,yes,large-trivial,22,yes,yes,MAP_LARGE_TRIVIAL
spec-nuke-strike,medium,action,spec-nuke-strike.yaml,yes,yes,fit,22,yes,yes,OK
spec-nuke-strike,hard,action,spec-nuke-strike.yaml,yes,yes,fit,22,yes,yes,OK
spec-spy-infiltrate,easy,action,spec-spy-infiltrate.yaml,yes,no,fit,25,yes,yes,OK
spec-spy-infiltrate,medium,action,spec-spy-infiltrate.yaml,yes,no,fit,35,yes,yes,OK
spec-spy-infiltrate,hard,action,spec-spy-infiltrate.yaml,yes,no,fit,50,yes,yes,OK
spec-tanya-c4-strike,easy,action,spec-tanya-c4-strike.yaml,yes,yes,fit,20,yes,yes,OK
spec-tanya-c4-strike,medium,action,spec-tanya-c4-strike.yaml,yes,yes,fit,25,yes,yes,OK
spec-tanya-c4-strike,hard,action,spec-tanya-c4-strike.yaml,yes,yes,fit,30,yes,yes,OK
spec-thief-steal-cash,easy,action,spec-thief-steal-cash.yaml,yes,yes,fit,15,yes,yes,OK
spec-thief-steal-cash,medium,action,spec-thief-steal-cash.yaml,yes,yes,fit,20,yes,yes,OK
spec-thief-steal-cash,hard,action,spec-thief-steal-cash.yaml,yes,yes,fit,30,yes,yes,OK
strategy-dilemma,easy,reasoning,strategy-dilemma.yaml,yes,no,fit,55,yes,yes,OK
strategy-dilemma,medium,reasoning,strategy-dilemma.yaml,yes,no,fit,45,yes,yes,OK
strategy-dilemma,hard,reasoning,strategy-dilemma.yaml,yes,no,fit,35,yes,yes,OK
strategy-gauntlet,easy,reasoning,strategy-gauntlet.yaml,yes,no,fit,90,yes,yes,OK
strategy-gauntlet,medium,reasoning,strategy-gauntlet.yaml,yes,no,fit,90,yes,yes,OK
strategy-gauntlet,hard,reasoning,strategy-gauntlet.yaml,yes,no,fit,55,yes,yes,OK
strategy-trilemma,easy,reasoning,strategy-trilemma.yaml,yes,yes,fit,60,yes,yes,OK
strategy-trilemma,medium,reasoning,strategy-trilemma.yaml,yes,yes,fit,50,yes,yes,OK
strategy-trilemma,hard,reasoning,strategy-trilemma.yaml,yes,yes,fit,40,yes,yes,OK
strategy-twobody,easy,action,strategy-twobody.yaml,yes,no,fit,100,yes,yes,OK
strategy-twobody,medium,action,strategy-twobody.yaml,yes,no,fit,90,yes,yes,OK
strategy-twobody,hard,action,strategy-twobody.yaml,yes,no,fit,80,yes,yes,OK
strict-production-bom,easy,action,strict-production-bom.yaml,yes,no,fit,40,yes,yes,OK
strict-production-bom,medium,action,strict-production-bom.yaml,yes,no,fit,45,yes,yes,OK
strict-production-bom,hard,action,strict-production-bom.yaml,yes,no,fit,75,yes,yes,OK
strict-sequence,easy,action,strict-sequence.yaml,yes,no,fit,34,yes,yes,OK
strict-sequence,medium,action,strict-sequence.yaml,yes,no,fit,44,yes,yes,OK
strict-sequence,hard,action,strict-sequence.yaml,yes,no,fit,46,yes,yes,OK
strict-toolban-fidelity-under-pressure,easy,action,strict-toolban-fidelity-under-pressure.yaml,yes,no,fit,55,yes,yes,OK
strict-toolban-fidelity-under-pressure,medium,action,strict-toolban-fidelity-under-pressure.yaml,yes,no,fit,55,yes,yes,OK
strict-toolban-fidelity-under-pressure,hard,action,strict-toolban-fidelity-under-pressure.yaml,yes,no,fit,55,yes,yes,OK
tech-aggro-all-in,easy,reasoning,tech-aggro-all-in.yaml,yes,yes,fit,50,yes,yes,OK
tech-aggro-all-in,medium,reasoning,tech-aggro-all-in.yaml,yes,yes,fit,40,yes,yes,OK
tech-aggro-all-in,hard,reasoning,tech-aggro-all-in.yaml,yes,yes,fit,37,yes,yes,OK
tech-balanced-econ-then-tech,easy,reasoning,tech-balanced-econ-then-tech.yaml,yes,yes,fit,90,yes,yes,OK
tech-balanced-econ-then-tech,medium,reasoning,tech-balanced-econ-then-tech.yaml,yes,yes,fit,70,yes,yes,OK
tech-balanced-econ-then-tech,hard,reasoning,tech-balanced-econ-then-tech.yaml,yes,yes,fit,60,yes,yes,OK
tech-production-planning,easy,reasoning,tech-production-planning.yaml,yes,yes,fit,60,yes,yes,OK
tech-production-planning,medium,reasoning,tech-production-planning.yaml,yes,yes,fit,80,yes,yes,OK
tech-production-planning,hard,reasoning,tech-production-planning.yaml,yes,yes,fit,90,yes,yes,OK
tech-turtle-defensive-tech,easy,reasoning,tech-turtle-defensive-tech.yaml,yes,yes,fit,90,yes,yes,OK
tech-turtle-defensive-tech,medium,reasoning,tech-turtle-defensive-tech.yaml,yes,yes,fit,80,yes,yes,OK
tech-turtle-defensive-tech,hard,reasoning,tech-turtle-defensive-tech.yaml,yes,yes,fit,80,yes,yes,OK
tempo-double-window,easy,reasoning,tempo-double-window.yaml,yes,no,fit,52,yes,yes,OK
tempo-double-window,medium,reasoning,tempo-double-window.yaml,yes,no,fit,52,yes,yes,OK
tempo-double-window,hard,reasoning,tempo-double-window.yaml,yes,no,fit,52,yes,yes,OK
tempo-strike-window,easy,reasoning,tempo-strike-window.yaml,yes,no,fit,48,yes,yes,OK
tempo-strike-window,medium,reasoning,tempo-strike-window.yaml,yes,no,fit,52,yes,yes,OK
tempo-strike-window,hard,reasoning,tempo-strike-window.yaml,yes,no,fit,56,yes,yes,OK
tp-decision-under-clock,easy,reasoning,tp-decision-under-clock.yaml,yes,no,fit,40,yes,yes,OK
tp-decision-under-clock,medium,reasoning,tp-decision-under-clock.yaml,yes,no,fit,35,yes,yes,OK
tp-decision-under-clock,hard,reasoning,tp-decision-under-clock.yaml,yes,no,fit,35,yes,yes,OK
tp-pressure-procedural,easy,action,tp-pressure-procedural.yaml,yes,no,fit,31,yes,yes,OK
tp-pressure-procedural,medium,action,tp-pressure-procedural.yaml,yes,no,fit,31,yes,yes,OK
tp-pressure-procedural,hard,action,tp-pressure-procedural.yaml,yes,no,fit,31,yes,yes,OK
tp-rush-multi-objective,easy,action,tp-rush-multi-objective.yaml,yes,no,fit,26,yes,yes,OK
tp-rush-multi-objective,medium,action,tp-rush-multi-objective.yaml,yes,no,fit,23,yes,yes,OK
tp-rush-multi-objective,hard,action,tp-rush-multi-objective.yaml,yes,no,fit,23,yes,yes,OK
tp-rush-objective-very-fast,easy,action,tp-rush-objective-very-fast.yaml,yes,yes,fit,40,yes,yes,OK
tp-rush-objective-very-fast,medium,action,tp-rush-objective-very-fast.yaml,yes,yes,fit,33,yes,yes,OK
tp-rush-objective-very-fast,hard,action,tp-rush-objective-very-fast.yaml,yes,yes,fit,33,yes,yes,OK
tp-survive-and-grow,easy,reasoning,tp-survive-and-grow.yaml,yes,yes,fit,60,yes,yes,OK
tp-survive-and-grow,medium,reasoning,tp-survive-and-grow.yaml,yes,yes,fit,60,yes,yes,OK
tp-survive-and-grow,hard,reasoning,tp-survive-and-grow.yaml,yes,yes,fit,60,yes,yes,OK
tp-survive-and-strike-at-window,easy,reasoning,tp-survive-and-strike-at-window.yaml,yes,no,fit,50,yes,yes,OK
tp-survive-and-strike-at-window,medium,reasoning,tp-survive-and-strike-at-window.yaml,yes,no,fit,45,yes,yes,OK
tp-survive-and-strike-at-window,hard,reasoning,tp-survive-and-strike-at-window.yaml,yes,no,fit,42,yes,yes,OK
tp-survive-n-turns,easy,reasoning,tp-survive-n-turns.yaml,yes,no,fit,45,yes,yes,OK
tp-survive-n-turns,medium,reasoning,tp-survive-n-turns.yaml,yes,no,fit,55,yes,yes,OK
tp-survive-n-turns,hard,reasoning,tp-survive-n-turns.yaml,yes,no,fit,65,yes,yes,OK
