pack,level,classification,leak_phrases,rewrite_suggestion
action-multiunit-coordination,easy,MEDIUM,"""Split your force into two groups and hit both at the same time, because a one-at-a-time push will not beat the clock.""","Drop the explicit ""split into two groups"" instruction and the ""one-at-a-time won't work"" negative-policy hint; let the model derive parallel dispatch from the deadline."
action-multiunit-coordination,medium,MEDIUM,"""Split your force into three groups, drive in parallel, and hold losses to no more than two.""","Drop the ""split into three groups, drive in parallel"" verb sequence; state forces + region predicates + deadline and let the model derive."
action-multiunit-coordination,hard,MEDIUM,"""Push columns toward each direction to scout for them; the instant a unit spots a target you will be interrupted and shown its exact location.""","Drop the strategy instruction (""push columns toward each direction""); just say the targets are fogged and that spotting triggers an interrupt revealing the location."
action-sequenced-execution,easy,MEDIUM,"""Drive your column through the route in order and do not let the tanks sit idle between stops — issue the next move the instant a unit reaches the previous stop.""","Drop the explicit ""issue next move immediately"" execution hint; state the ordered route + deadline only."
action-sequenced-execution,medium,MEDIUM,"""Drive both columns in parallel, do not halt between stops, and hold losses to one or fewer.""","Drop the ""drive both columns in parallel"" + ""do not halt between stops"" execution-style hints."
action-sequenced-execution,hard,MEDIUM,"""Drive both routes in parallel and hold losses to one or fewer.""","Drop ""drive both routes in parallel""; state the two ordered routes + attrition cap + deadline."
combat-attack-from-behind-fog,easy,HEAVY,"""Driving head-on through the corridor will burn the clock without reaching the yard at (48,20) behind the line."" | ""A clear NORTH fog lane runs above the central walls; take it, swing east past the line's longitude, then turn south to destroy the yard.""","Full rewrite needed: drop the negative-policy hint about head-on AND the step-by-step flank instructions; just describe forces + objective + fog state."
combat-attack-from-behind-fog,medium,HEAVY,"""A head-on push cooks the column in overlapping kill envelopes."" | ""Take one of them, drive east past the line's longitude, then turn in to destroy the yard at (48,20).""","Full rewrite: remove the negative outcome description (""cooks the column"") and the explicit flank routing."
combat-attack-from-behind-fog,hard,HEAVY,"""A head-on charge dies in the crossfire."" | ""Loop wide via your nearest fog lane (north y=2..5 if you staged north, south y=35..37 if you staged south), drive east past the line, then turn in to destroy the enemy yard at (48,20).""","Full rewrite: remove explicit ""loop wide"" routing instructions and the negative-policy outcome."
combat-bait-counter-attack,easy,CLEAN,"","No leak; trimmed description stays factual (""three leashed rocket-infantry guards wall the west face... destroy the yard"")."
combat-bait-counter-attack,medium,CLEAN,"","No leak; trimmed description stays factual."
combat-bait-counter-attack,hard,CLEAN,"","No leak; trimmed description stays factual."
combat-divide-and-conquer,easy,HEAVY,"""A straight east push along y=20 puts the lead tank under fire from both teams at once and the column bleeds."" | ""Flank wide north (or south) to break line-of-sight on the far team, destroy the near team in isolation, then pivot to the other flank and finish the second team.""","Full rewrite: drop the negative-policy description and the explicit ""flank wide, destroy near team, then pivot"" sequence."
combat-divide-and-conquer,medium,HEAVY,"""A head-on midpoint push eats fire from both teams at once."" | ""Flank wide, destroy one team in isolation, then pivot to the other side and finish the second.""","Full rewrite: drop negative-policy and explicit flank/sequence instructions."
combat-divide-and-conquer,hard,HEAVY,"""A straight east push through the middle corridor's choke gets cooked."" | ""Engage your near corridor's team first, traverse to the opposite corridor via the open west sliver, then engage the remaining teams.""","Full rewrite: drop the negative-policy hint and the explicit sequencing through corridors."
combat-flanking-attack,easy,HEAVY,"""Driving through the funnel will destroy the column."" | ""A clear NORTH detour lane runs above the water; take it to swing around and hit the line from the side.""","Full rewrite: drop the negative outcome AND the ""take the north detour to flank from the side"" instruction."
combat-flanking-attack,medium,HEAVY,"""The funnel is a kill zone; do not drive through it."" | ""Open detour lanes run above (north) and below (south) the water; take one of them and hit the line from the side.""","Full rewrite: same as easy; remove negative-policy and routing instruction."
combat-flanking-attack,hard,HEAVY,"""The funnel is a kill zone."" | ""Both groups must come around the open ground above and below the water and hit the wall from the sides at the same time.""","Full rewrite: remove ""funnel is kill zone"" + the explicit ""come around / hit from sides at same time"" pincer instruction."
combat-focus-fire-priority,easy,MILD,"""The rocket soldiers are the priority threat.""","Drop the ""priority threat"" naming — let the model infer threat ranking from weapon descriptions."
combat-focus-fire-priority,medium,MILD,"""The rocket soldiers are the priority threat.""","Drop the ""priority threat"" naming."
combat-focus-fire-priority,hard,MILD,"""Rockets are the priority threat.""","Drop the ""priority threat"" naming."
combat-formation-tank-wedge,easy,HEAVY,"""Driving as a single column down y=20 puts the lead tank inside every Dragon's range at once."" | ""Form a wedge — leader at y=20 absorbing the blocker's fire, flankers offset to y=18 and y=22 so they engage the rocket line end-on from off-axis — and push at least 4 tanks into the rally disc.""","Full rewrite: drop the ""single column = bad"" negative-policy and the explicit ""form a wedge, leader at y=20, flankers at y=18/22"" formation prescription."
combat-formation-tank-wedge,medium,HEAVY,"""A solid column on y=20 sits in Dragon range of BOTH brackets at once and the lead tank is destroyed in crossfire."" | ""Form a wedge — leader on y=20 absorbing the blocker, flankers angled into y=18 and y=22 so they engage each bracket end-on""","Full rewrite: same — drop negative-policy and explicit wedge geometry instruction."
combat-formation-tank-wedge,hard,HEAVY,"""Form an inverted-V wedge from each band — leader on y=20, flankers spreading to y=17..23 — and grind east in formation.""","Full rewrite: drop explicit ""inverted-V wedge"" naming and the leader/flanker placement instructions."
combat-harass-aggro-commit,easy,HEAVY,"""Three of your tanks shooting the guard at once still win the trade — focus your fire on the heavy first, then sweep the harvesters."" | ""Charging the harvesters while the heavy is alive lets it pick you off.""","Full rewrite: drop the ""focus fire on heavy first, then harvs"" sequence and the negative-policy outcome."
combat-harass-aggro-commit,medium,HEAVY,"""three of yours firing together still beat it. Focus all three on the guard first, then sweep the harvesters. Splitting fire or attacking the workers while the heavy is alive trades raiders you cannot spare.""","Full rewrite: drop the focus-then-sweep sequence and the negative-policy comparison."
combat-harass-aggro-commit,hard,HEAVY,"""Focus all three of your tanks on ONE guard at a time, then the second, then sweep the four harvesters."" | ""Splitting fire across both heavies lets them grind you down.""","Full rewrite: drop explicit focus-fire sequence and the negative-policy hint."
combat-harass-balanced-hit-and-run,easy,HEAVY,"""Strike one worker, immediately retreat west of x=50 (past its leash), let it snap back, then re-engage.""","Full rewrite: drop the entire strike-retreat-snap-back-reengage pulse-cycle script. State the leash mechanic factually."
combat-harass-balanced-hit-and-run,medium,HEAVY,"""Pulse: strike one worker, retreat west of x=50, let it snap back, re-engage.""","Full rewrite: drop the pulse-cycle script."
combat-harass-balanced-hit-and-run,hard,HEAVY,"""Engage whichever cluster your spawn opens onto: strike a worker, retreat west of x=50, let the heavy snap back, then re-engage.""","Full rewrite: drop the pulse-cycle script."
combat-heli-flank,easy,MILD,"""Fly the helicopters over the wall and gun all three down.""","Mild: the only mobile units are helis so this isn't strategy leak so much as restating the obstacle — could just say ""destroy the riflemen behind the wall""."
combat-heli-flank,medium,MILD,"""Fly the two helicopters over the wall and clear the whole line.""","Same as easy — neutral rewording (e.g., ""destroy the riflemen"")."
combat-heli-flank,hard,MILD,"""Fly the helicopters over the wall from your starting band, gun all five down""","Same — neutral rewording."
combat-hold-chokepoint,easy,HEAVY,"""Stay anchored at the mouth and concentrate ALL three tanks' fire on the lead attacker — the water forces the swarm to a four-abreast trickle, so a focused front kills faster than the queue can attrit you."" | ""Abandoning the mouth (charging east or retreating west into the open) lets the full force surround you.""","Full rewrite: drop the ""stay anchored, concentrate fire on lead"" prescription and the negative-policy description of abandoning the mouth."
combat-hold-chokepoint,medium,HEAVY,"""Anchor at the mouth and concentrate fire on the lead attacker — the water forces the swarm to a three-abreast trickle."" | ""Abandoning the mouth (charging east or retreating west into the open) lets the full force surround you.""","Full rewrite: same — drop anchor/focus + negative-policy."
combat-hold-chokepoint,hard,HEAVY,"""Anchor at the mouth and concentrate fire on the lead attacker; the water forces the swarm to a two-abreast queue"" | ""Abandoning the mouth lets the full force surround you.""","Full rewrite: same as easy/medium."
combat-kite-and-pull,easy,HEAVY,"""When the heavy closes inside seven cells, move your tank back along the lane; otherwise shoot from range.""","Full rewrite: drop the entire ""close within 7 → move back, else shoot"" decision-loop prescription."
combat-kite-and-pull,medium,HEAVY,"""Kite as a pair — back off whenever the heavy enters seven cells, snipe from outside — and kill the heavy with BOTH tanks alive""","Full rewrite: drop the kite cycle script with the 7-cell trigger."
combat-kite-and-pull,hard,HEAVY,"""The kite-and-pull cycle is the same — retreat past seven cells, attack from range""","Full rewrite: drop the explicit cycle and threshold prescription."
combat-kite-jeep-vs-tank,easy,HEAVY,"""Kite: when it closes within seven cells, move your raiders away along the lane, then attack from outside its lethal close-range window.""","Full rewrite: drop the kite cycle script with the 7-cell threshold."
combat-kite-jeep-vs-tank,medium,HEAVY,"""Kite: when the heavy enters seven cells, move away along the lane; otherwise fire from range.""","Full rewrite: drop kite cycle script."
combat-kite-jeep-vs-tank,hard,HEAVY,"""Kite: when the heavy enters seven cells, move your raiders away along the lane; otherwise fire from range.""","Full rewrite: drop kite cycle script."
combat-naval-shore-strike,easy,CLEAN,"","Forces + objective + constraint; no strategy leak."
combat-naval-shore-strike,medium,MILD,"""Hold position offshore and shell all three riflemen down""","Drop the ""hold position offshore"" prescription — the destroyer literally cannot move ashore, so this is borderline restating constraint, but ""hold offshore"" is still a positional hint."
combat-naval-shore-strike,hard,MEDIUM,"""Shell the rocket soldier FIRST before he ranges you, then clean up the four riflemen.""","Drop the explicit priority ordering — let the model derive that the rocket soldier outranges from his anti-armour weapon description."
combat-pincer-coordination,easy,HEAVY,"""Send both squads at the same time so they hit from north and south together; one squad alone cannot satisfy the four-in-region clause.""","Full rewrite: drop the explicit ""send both squads at the same time"" instruction and the negative-policy ""one squad alone fails"" hint."
combat-pincer-coordination,medium,HEAVY,"""A lone squad gets shredded by the armour before it can clear. Launch both squads on turn one for a true pincer""","Full rewrite: drop the negative-policy ""lone squad gets shredded"" and the explicit ""launch both on turn one"" instruction."
combat-pincer-coordination,hard,HEAVY,"""a lone squad gets crushed before help arrives. Drive both squads in simultaneously so neither side bleeds out.""","Full rewrite: drop negative-policy + explicit ""both squads simultaneously""."
combat-prevent-retreat,easy,HEAVY,"""slip one tank around the flank (north via y=5..10 or south via y=30..35, outside rocket range) to the cut-off disc at (43,20), while the other three grind the cluster down from the west.""","Full rewrite: drop the explicit ""slip one tank around the flank"" routing + the 3-vs-1 split prescription."
combat-prevent-retreat,medium,HEAVY,"""Detach one tank up or down the flank to reach the cut-off disc at (43,20); the other three focus-fire the cluster from range.""","Full rewrite: drop the explicit detach-one-tank + three-focus prescription."
combat-prevent-retreat,hard,HEAVY,"""Send one tank around the appropriate flank (north y=5..10 from a north spawn; south y=30..35 from a south spawn) to the cut-off disc at (43,20), grind the cluster down with the rest.""","Full rewrite: drop the explicit routing-by-spawn instructions."
combat-protect-vip-escort,easy,HEAVY,"""Move the escort tanks AHEAD to break each ambush in turn while holding the VIP back at staging; only after the route is cleared, send the harvester across to the extraction disc around (130,20).""","Full rewrite: drop the ""escort ahead, hold VIP back, then send across"" full strategy script."
combat-protect-vip-escort,medium,HEAVY,"""Move the escort tanks AHEAD to break each ambush in turn while holding the VIP back at staging; only after the route is cleared, send the harvester across""","Full rewrite: same as easy."
combat-protect-vip-escort,hard,HEAVY,"""Move the escort tanks AHEAD to break the interceptors while holding the VIP back at staging; only after the route is clear, send the harvester across""","Full rewrite: same as easy/medium."
combat-retreat-after-engagement,easy,HEAVY,"""The fight will chew you up if you stay; push east, focus-fire the two rockets, then pull back.""","Full rewrite: drop the negative-policy outcome and the explicit ""push east, focus-fire, then pull back"" script."
combat-retreat-after-engagement,medium,HEAVY,"""Strike, kill all three rockets, then disengage west before the heavy collapses the column.""","Full rewrite: drop the explicit strike-disengage script."
combat-retreat-after-engagement,hard,HEAVY,"""Strike, kill two rockets, then retreat to YOUR safe zone — not the wrong one.""","Full rewrite: drop the ""strike then retreat"" script."
combat-rocket-soldier-anti-vehicle,easy,HEAVY,"""Rifle infantry can't scratch tank armour; the budget only buys two light tanks, which lose the attrition trade against the heavies. Train six rocket soldiers (anti-vehicle launchers) from the Infantry Barracks, advance east into Dragon range""","Full rewrite: drop the negative-policy comparisons against rifles+light tanks AND the explicit ""train six rocket soldiers, advance east"" instruction."
combat-rocket-soldier-anti-vehicle,medium,HEAVY,"""Rifle infantry can't dent armour; the budget only fields two light tanks, which lose the attrition trade. Train six rocket soldiers from the Infantry Barracks, advance east""","Full rewrite: same as easy."
combat-rocket-soldier-anti-vehicle,hard,HEAVY,"""Light tanks lose attrition against heavy armour; rifles can't dent it. Train six rocket soldiers from your barracks, march east""","Full rewrite: same."
combat-skirmish-then-disengage,easy,HEAVY,"""Drive east, gun down at least three riflemen, then pull every survivor back into the 6-cell recovery disc around (4,20).""","Full rewrite: drop the explicit ""drive, kill three, pull back"" script."
combat-skirmish-then-disengage,medium,HEAVY,"""The cluster bleeds you every round you fight it, and mopping up all six eats the clock and leaves you stranded forward. Drive east, gun down three riflemen, then pull every survivor back""","Full rewrite: drop the negative-policy AND the script."
combat-skirmish-then-disengage,hard,HEAVY,"""Drive east, gun down three riflemen, then pull every survivor back into the 6-cell recovery disc around YOUR matching staging point"" | ""A slow retreat lets the hunters catch you.""","Full rewrite: drop the script + the negative-policy hint."
combat-stance-mgmt-attack,easy,HEAVY,"""none aggressive — they will not come to you. Change the tanks' orders to Attack-Anything and the engine will pathfind each kill on its own.""","Full rewrite: drop the explicit ""Change tanks' orders to Attack-Anything"" instruction — this names the exact tool call required."
combat-stance-mgmt-attack,medium,HEAVY,"""They are all on hold-fire and will not come to you. Change the tanks' orders to Attack-Anything; the engine will pathfind each kill on its own.""","Full rewrite: drop the explicit ""Change to Attack-Anything"" instruction."
combat-stance-mgmt-attack,hard,HEAVY,"""A memorised hunt path will not generalise: change the tanks' orders to Attack-Anything and let the engine pathfind the kills on its own.""","Full rewrite: drop the explicit instruction."
combat-suicide-charge-mission,easy,HEAVY,"""Keeping the strike package alive is NOT possible and NOT required. Commit every unit straight at the yard, focus-fire through the defenders, accept the losses, and raze the yard""","Full rewrite: drop the entire ""commit every unit, accept losses"" doctrine statement and the explicit ""focus-fire through defenders"" instruction."
combat-suicide-charge-mission,medium,HEAVY,"""Their Dragons outrange you in any standoff. Do not try to preserve the force: commit every unit, focus-fire through the wall""","Full rewrite: drop negative-policy (""don't preserve"") AND explicit commit/focus-fire instruction."
combat-suicide-charge-mission,hard,HEAVY,"""Halting short of the corridor or trying to keep the force alive will both miss the clock. Commit every unit all-in along whichever axis your seed opens, eat the casualties""","Full rewrite: drop multiple negative-policy hints + the explicit ""commit all-in"" instruction."
combat-tank-vs-tank-engagement,easy,HEAVY,"""Close to cannon range and concentrate fire on one enemy tank at a time, starting with the nearest — three tanks shooting one target will drop it fast"" | ""Do not drive straight into their midst; that bunches you in their crossfire and wipes the squad.""","Full rewrite: drop the explicit ""close + concentrate fire on one at a time"" instruction and the negative-policy on charging."
combat-tank-vs-tank-engagement,medium,HEAVY,"""Close to cannon range, concentrate fire on one target at a time, and work down the line"" | ""Driving straight into the cluster bunches you in their crossfire and wipes the squad.""","Full rewrite: same as easy."
combat-tank-vs-tank-engagement,hard,HEAVY,"""close to cannon range and concentrate fire on one enemy tank at a time. A brute drive into the line bunches you in crossfire and wipes the squad""","Full rewrite: same as easy/medium."
combat-tanya-vs-rush,easy,HEAVY,"""Lift Tanya's hold-fire order and attack the riflemen — at point-blank her pistol cuts down all four faster than they can dent her 150k HP. Sitting idle lets them surround her and she dies.""","Full rewrite: drop the explicit ""lift hold-fire, attack"" instruction + damage arithmetic ('150k HP'); state Tanya's stance constraint factually."
combat-tanya-vs-rush,medium,HEAVY,"""Lift Tanya's hold-fire order and attack each rifleman at point-blank — her Colt45 one-shots them.""","Full rewrite: drop the ""lift hold-fire, attack at point blank"" instruction + the one-shot claim."
combat-tanya-vs-rush,hard,HEAVY,"""Read the rush direction, lift Tanya's hold-fire order, and attack the riflemen at point-blank.""","Full rewrite: drop the explicit stance-flip + attack instruction."
combat-target-priority-highvalue,easy,HEAVY,"""The riflemen barely scratch Heavy armour; the rocket soldiers carry Dragon launchers and are the real threat. Concentrate all four tanks' fire on one rocket soldier at a time — four-on-one drops it in a turn or two — then the next, then the third, then mop up the rifles. Engaging the chaff first leaves all three rockets firing through the whole mop-up.""","Full rewrite: drop the threat-ranking statement, the focus-fire sequence prescription, and the negative-policy ""engaging chaff first leaves rockets firing""."
combat-target-priority-highvalue,medium,HEAVY,"""The riflemen barely scratch Heavy armour; the rocket soldiers (Dragon launchers) are the real threat. Concentrate all four tanks' fire on one rocket soldier at a time, then the next, then the third, then sweep the rifles. Starting on the chaff leaves all three rockets firing through the entire mop-up""","Full rewrite: same as easy."
combat-target-priority-highvalue,hard,HEAVY,"""The riflemen barely scratch Heavy armour; the rocket soldiers (Dragon launchers) are the real threat. Concentrate all four tanks' fire on one rocket soldier at a time — four-on-one drops it fast — then the next, then the third, then sweep the rifles.""","Full rewrite: same as easy/medium."
combat-vehicle-vs-infantry-counter,easy,HEAVY,"""tanks crush riflemen easily (Heavy armour soaks small-arms fire). Your budget buys exactly one dominant composition: 3 medium tanks at $800 each ($2400 total, $150 residual). Mass rockets waste cost-per-effect against soft targets; matching with own rifles is a 1:1 trade with no advantage. Build the three tanks from the War Factory and crush the cluster.""","Full rewrite: drop the explicit hard-counter naming (""tanks crush riflemen""), the dollar-per-policy outcome comparisons, AND the ""build the three tanks"" instruction."
combat-vehicle-vs-infantry-counter,medium,HEAVY,"""Three medium tanks ($2550 exactly) walk through small-arms fire; rockets waste cost-per-effect and own rifles are a 1:1 trade with no advantage. Build the trio, kill eight""","Full rewrite: same as easy — drop counter-naming, damage arithmetic, and explicit ""build the trio""."
combat-vehicle-vs-infantry-counter,hard,HEAVY,"""Three medium tanks ($2550 exactly) walk through small-arms fire; rockets and own rifles both lose the trade. Build the trio, kill eight""","Full rewrite: same."
harass-response-preserve,easy,HEAVY,"""Keep the garrison ON the Refinery and order them to attack the probe as it swings back into range — do not chase east, that leaves the Refinery undefended.""","Full rewrite: drop the explicit ""keep on refinery, attack as it swings, don't chase"" prescription and the negative-policy."
harass-response-preserve,medium,HEAVY,"""Hold the garrison ON the Refinery and order both probes engaged as they swing into range — chasing east leaves the Refinery undefended.""","Full rewrite: same — drop the prescription + negative-policy."
harass-response-preserve,hard,HEAVY,"""Hold the asset footprint and engage each probe in range — chasing east or pulling back loses a building.""","Full rewrite: drop the prescription + multiple negative-policies."
econ-burn-rate-management,easy,HEAVY,"""Sitting idle lets income lift cash past $1800; over-spending on extra production or pillboxes drops it below $400.""","Full rewrite: drop the per-policy outcome description (""sitting idle does X, over-spending does Y""); state the band + kill bar + deadline only."
econ-burn-rate-management,medium,HEAVY,"""Only a sustained two-to-three-tank commitment at the replenishment rate hits the band on the kill-bar turn — hoarding drifts above $1500, all-out spending crashes below $400.""","Full rewrite: drop the explicit ""sustained 2-3 tank commit"" prescription AND the per-policy outcomes."
econ-burn-rate-management,hard,HEAVY,"""The clock is short — over-spending cannot recover and pure hoarding drifts past the ceiling on either spawn.""","Full rewrite: drop the per-policy outcome statements."
econ-buy-vs-build-decision,easy,HEAVY,"""The budget covers EITHER four medium tanks (2tnk, $800 each, $3200 total) from the existing war factory OR a second war factory ($2000, leaving $1400 — one tank). Within about 17 turns, kill at least three enemies and keep your Construction Yard standing. A second factory does not field a defender in time.""","Full rewrite: drop the explicit two-options enumeration AND the negative-policy ""second factory does not field in time""."
econ-buy-vs-build-decision,medium,HEAVY,"""The budget covers EITHER four medium tanks ... OR a second war factory ... Long-run capacity does not survive the incoming wall.""","Full rewrite: same — drop enumeration + negative-policy."
econ-buy-vs-build-decision,hard,HEAVY,"""The budget covers EITHER four medium tanks ... OR a second war factory ($2000, residual $1400 — one tank).""","Full rewrite: same."
econ-cash-reserve-management,easy,HEAVY,"""a second Power Plant at $300 is the cheapest add"" | ""Stalling never adds the building; sinking $1400 into a second refinery dips the reserve below the floor at the latch moment.""","Full rewrite: drop the explicit ""build a 2nd power plant"" suggestion and the per-policy outcome descriptions."
econ-cash-reserve-management,medium,HEAVY,"""Two Power Plants at $300 each fit cleanly; a second refinery at $1400 dips cash too low to recover before the clock.""","Full rewrite: drop the explicit ""2 power plants fit cleanly"" prescription AND negative-policy on refinery."
econ-cash-reserve-management,hard,HEAVY,"""Three Power Plants at $300 each leave $600; mixing in a Pillbox or a second refinery busts the larger reserve before income can refill.""","Full rewrite: drop the explicit ""3 power plants"" prescription + per-option outcomes."
econ-contention-with-enemy,easy,HEAVY,"""Your tanks are too far back to see the patch from garrison. Within about 50 turns, drive the defenders forward to intercept the raider at the patch while the harvesters keep mining""","Full rewrite: drop the explicit ""drive defenders forward to intercept at the patch"" prescription."
econ-contention-with-enemy,medium,HEAVY,"""drive the defenders forward to intercept both raiders while the harvesters auto-mine""","Full rewrite: same — drop the explicit intercept-at-patch instruction."
econ-contention-with-enemy,hard,HEAVY,"""drive the defenders forward to intercept both raiders while the harvesters auto-mine""","Full rewrite: same."
econ-contested-expansion,easy,HEAVY,"""Build a second Refinery ($1400) and place it AT the contested patch — the engine ships the new refinery with a free harvester spawned on-site — and escort with your two Light Tanks so the guards do not kill the new ore truck.""","Full rewrite: drop the entire ""build proc + place at contested + escort with tanks"" three-step instruction sequence."
econ-contested-expansion,medium,HEAVY,"""Build a second Refinery ($1400) and place it AT the contested patch ... and escort with your Light Tanks, shooting through the corridor guard to reach the patch.""","Full rewrite: same as easy."
econ-contested-expansion,hard,HEAVY,"""Build a second Refinery and place it AT the contested patch ... and escort with your Light Tanks.""","Full rewrite: same."
econ-deny-enemy-expansion,easy,MEDIUM,"""Turtling at home never satisfies the raze clause.""","Drop the negative-policy hint at the end; the win predicate already specifies the raze clause."
econ-deny-enemy-expansion,medium,HEAVY,"""Focus fire on the rocket infantry first — spreading fire trades the whole column away.""","Full rewrite: drop the focus-fire ordering prescription AND the negative-policy ""spreading fire trades the column""."
econ-deny-enemy-expansion,hard,MEDIUM,"""A memorised attack vector cannot survive both staging lanes.""","Drop the meta-hint about ""memorised attack vector"" — let the model just see the seed-varied spawn."
econ-expansion-timing,easy,HEAVY,"""A single harvester plateaus near $4100 by the deadline; the second pays back only if you commit the buy in the first few turns.""","Full rewrite: drop the per-policy outcome arithmetic ($4100 plateau) AND the timing instruction (""commit early"")."
econ-expansion-timing,medium,HEAVY,"""One harvester plateaus near $5100; a second harvester clears the bar only if bought early — a buy at turn 10 already tops out near $7000 and misses.""","Full rewrite: drop the policy arithmetic + the explicit ""buy early"" timing instruction."
econ-expansion-timing,hard,HEAVY,"""The break-even tick is razor thin — a buy at turn six plateaus near $10000 and just misses. Identify the spawn and commit the second-harvester buy in the first few turns.""","Full rewrite: drop the arithmetic AND the explicit ""commit second-harvester buy in first few turns"" instruction."
econ-far-patch-vs-near-patch,easy,HEAVY,"""Under this deadline, round-trip latency dominates pile size — route the harvester to the near patch and let it complete many short cycles.""","Full rewrite: drop the explicit ""route to near patch"" instruction and the latency-dominates rationale."
econ-far-patch-vs-near-patch,medium,HEAVY,"""Only the near patch's short cycles clear this bar inside the deadline.""","Full rewrite: drop the explicit ""only the near patch"" answer."
econ-far-patch-vs-near-patch,hard,HEAVY,"""Route to the matched near patch — a memorised opening sends you off-axis on the wrong seed.""","Full rewrite: drop the explicit ""route to matched near patch"" instruction."
econ-harvester-defense-raid,easy,HEAVY,"""Flip your escort to Defend or AttackAnything stance and move them onto the corridor mouth (about x=44..46, y=18..21) so the raider dies on approach.""","Full rewrite: drop the explicit stance-flip instruction + the cell-coord placement of the corridor mouth."
econ-harvester-defense-raid,medium,HEAVY,"""Flip the escort to Defend or AttackAnything and hold the corridor mouth so BOTH waves die on approach.""","Full rewrite: drop stance-flip + hold-mouth instruction."
econ-harvester-defense-raid,hard,HEAVY,"""Flip the escort to Defend or AttackAnything and attack-move it onto the corridor mouth (about x=44..46, y=18..21) so all three waves die on approach.""","Full rewrite: drop stance-flip + cell coords."
econ-harvester-pathing-optimization,easy,HEAVY,"""Stacking both harvesters on the near patch pumps cash but never enters the mid disc; route one harvester to each patch.""","Full rewrite: drop the negative-policy AND the explicit ""route one to each patch"" answer."
econ-harvester-pathing-optimization,medium,HEAVY,"""Stacking both harvesters on the near patch earns the most raw credits but fails the far-disc clause; route one harvester to each patch.""","Full rewrite: same as easy."
econ-harvester-pathing-optimization,hard,HEAVY,"""A memorised opening sends both harvesters to the wrong band; identify the spawn and split-route to the matched pair.""","Full rewrite: drop the explicit ""identify spawn and split-route"" instruction."
econ-mine-and-grow,easy,HEAVY,"""build an Ore Refinery (proc, $1400) and place it adjacent to the patch — the harvester auto-mines as soon as a refinery exists ... Placing the refinery at base makes the round-trip too long; not placing it at all leaves the harvester idle.""","Full rewrite: drop the explicit ""place adjacent to patch"" instruction AND the per-policy negative outcomes."
econ-mine-and-grow,medium,HEAVY,"""build an Ore Refinery ($1400) and place it adjacent to the patch ... anything other than an adjacent placement misses the bar.""","Full rewrite: drop explicit placement instruction + per-policy outcome."
econ-mine-and-grow,hard,HEAVY,"""build an Ore Refinery ($1400) and place it adjacent to the NEAR patch ... Placing it on the far patch makes the harvester cross the map per bale and misses the bar.""","Full rewrite: drop placement instruction + negative-policy."
econ-multi-patch-allocation,easy,HEAVY,"""Commit to two productive medium patches — the single-refinery openings miss the count clause.""","Full rewrite: drop the explicit ""commit to two medium patches"" instruction + negative-policy."
econ-multi-patch-allocation,medium,HEAVY,"""Commit to two productive medium patches.""","Full rewrite: drop the explicit answer (""commit to two medium patches"")."
econ-multi-patch-allocation,hard,HEAVY,"""Commit to the two MEDIUM patches closest to your spawn.""","Full rewrite: drop the explicit answer."
econ-overflow-to-silos,easy,MILD,"""A single harvester stays well under the cap — a simple harvest loop clears the bar without silos (silos start to matter on the medium tier where many harvesters saturate the buffer).""","Drop the meta-hint about ""silos matter on medium""; just state the storage cap + bar."
econ-overflow-to-silos,medium,HEAVY,"""seven harvesters saturate that buffer fast, and any ore deposited beyond the cap is lost ... Build at least one Ore Silo (silo, $150, +3000 cap) to absorb the overflow — without it you plateau short of the bar.""","Full rewrite: drop the explicit ""build a silo"" instruction + the overflow rationale."
econ-overflow-to-silos,hard,HEAVY,"""Build at least one Ore Silo (silo, $150, +3000 cap) near your live yard""","Full rewrite: drop the explicit ""build a silo"" instruction."
econ-protect-harvester-route,easy,HEAVY,"""Drive the defenders east along the harvester's lane to kill the raider before contact.""","Full rewrite: drop the explicit ""drive defenders east to intercept"" instruction."
econ-protect-harvester-route,medium,HEAVY,"""Drive the defenders east on the harvester's lane to kill the raider before contact.""","Full rewrite: same as easy."
econ-protect-harvester-route,hard,HEAVY,"""Drive the defenders east on YOUR base's latitude to intercept — the wrong band leaves the live harvester unprotected.""","Full rewrite: drop intercept-on-correct-band instruction + negative-policy."
econ-quantitative-vs-qualitative-spend,easy,HEAVY,"""Either composition clears the garrison; pick one and commit (a piecemeal tank trickle gets shredded — hold tanks until grouped before pushing).""","Full rewrite: drop the per-policy outcome AND the ""hold tanks until grouped"" execution instruction."
econ-quantitative-vs-qualitative-spend,medium,HEAVY,"""a mixed mini-spend bleeds past the cap. Commit to one composition and hold the tanks until grouped.""","Full rewrite: drop negative-policy + ""commit / hold until grouped"" instruction."
econ-quantitative-vs-qualitative-spend,hard,HEAVY,"""Read your local garrison's composition and pick the correct counter — eight rifles ($800) against anti-vehicle, a grouped medium-tank fist (2tnk, $800 each) against anti-infantry.""","Full rewrite: drop the explicit RPS counter mapping (""rifles against anti-vehicle, tanks against anti-infantry"")."
econ-recover-from-zero-cash,easy,HEAVY,"""Move the harvester onto the patch at (22,18) and issue harvest — the auto-cycle takes over. Once you have $300, queue a Power Plant (powr) and place it adjacent to the yard.""","Full rewrite: drop the entire step-by-step ""harvest then build power plant at $300"" script."
econ-recover-from-zero-cash,medium,HEAVY,"""when you reach $2000, build a War Factory (weap) adjacent to the yard; when you reach $1400, queue a second harvester and send it to the patch.""","Full rewrite: drop the explicit conditional build sequence."
econ-recover-from-zero-cash,hard,HEAVY,"""Run the starting harvester on a near patch; once you have $2000, build a War Factory (weap) adjacent to the yard; then queue a second and third harvester""","Full rewrite: drop the explicit step-by-step build chain."
econ-replace-dead-harvester,easy,HEAVY,"""Build the replacement from the war factory and re-issue harvest to every worker — the death event interrupts their cycles.""","Full rewrite: drop the explicit ""build replacement"" + ""re-issue harvest after death"" instructions."
econ-replace-dead-harvester,medium,HEAVY,"""Build the replacement from the war factory and re-issue harvest to every worker — the death event interrupts their cycles, and a missed re-issue costs throughput you cannot recover.""","Full rewrite: same as easy + drop the warning about ""missed re-issue""."
econ-replace-dead-harvester,hard,HEAVY,"""Replace BOTH dead workers from the war factory and re-issue harvest after each death.""","Full rewrite: same."
econ-resource-trade-with-self,easy,HEAVY,"""Pure harvesting plateaus around $4500; sell the idle War Factory and redeploy the freed cash into a second Refinery near a patch to double income.""","Full rewrite: drop the policy arithmetic AND the explicit ""sell war factory, build second refinery"" instruction."
econ-resource-trade-with-self,medium,HEAVY,"""Pure harvesting plateaus around $6000; sell the idle War Factory and reinvest the freed cash into a second Refinery near the other patch to double income.""","Full rewrite: same as easy."
econ-resource-trade-with-self,hard,HEAVY,"""Sell the idle War Factory and reinvest into a second Refinery near YOUR live yard — a memorised placement misses on the flip.""","Full rewrite: drop the explicit ""sell + reinvest"" instruction + the ""memorised"" meta-hint."
econ-second-base-race,easy,HEAVY,"""Build an Ore Refinery ('ore refinery', cost 1400) and place it INSIDE the contested target zone — a disk of radius 6 around (88, 30). `place_building` auto-spawns a fresh harvester adjacent to the new refinery, which lands on the patch and starts cycling immediately. ... Placing the ore refinery at your home base still makes some income off the near patch but FAILS the spatial clause""","Full rewrite: drop the entire step-by-step ""build refinery, place it in target zone"" instruction AND the negative-policy on home placement. The spatial clause already enforces this."
econ-second-base-race,medium,MEDIUM,"""The spatial requirement is unchanged: place the 2nd Ore Refinery INSIDE the disk of radius 6 around (88, 30). Stalling, home-placement, and anywhere-else placement all lose.""","Drop the negative-policy comparisons; the win predicate states the spatial requirement."
econ-second-base-race,hard,HEAVY,"""Build an Ore Refinery, place it INSIDE the disk of radius 6 around your latitude's contested patch (centre (88, 30) for an NW spawn; (88, 8) for an SW spawn). The `place_building` auto-spawn lands a harvester on the patch and starts cycling immediately. ... Stalling, home-placement, and wrong-diagonal placement all lose.""","Full rewrite: drop the explicit ""build + place inside disk"" instruction + per-policy outcomes."
econ-silo-vs-spend,easy,MEDIUM,"""Pure observe leaves cash but no silo, no kills, no pillboxes — the any_of never latches.""","Drop the negative-policy explanation of how stall fails."
econ-silo-vs-spend,medium,MEDIUM,"""Idling lets income spoil and never latches the any_of.""","Drop the negative-policy stall outcome."
econ-silo-vs-spend,hard,CLEAN,"","No leak — just states the any-of options and the cash bar."
econ-startup-from-scratch,easy,HEAVY,"""Deploy the MCV to create a yard, build a power plant ($300) adjacent, then a refinery ($1400) adjacent — the refinery comes with a free harvester. Move the harvester onto the nearby patch and harvest.""","Full rewrite: drop the entire step-by-step build chain."
econ-startup-from-scratch,medium,HEAVY,"""Same chain — deploy, power, refinery (free harvester), commit to the patch""","Full rewrite: drop the build chain prescription."
econ-startup-from-scratch,hard,HEAVY,"""Deploy in place, build power, build refinery, send the free harvester to the LOCAL patch.""","Full rewrite: drop the build chain prescription."
econ-target-cash-amount-by-deadline,easy,HEAVY,"""The pre-placed harvester auto-harvests on its own, so a stall play passively reaches the cash bar — the 2-harvester requirement forces an explicit harv build (cost $1400 from the war factory). Spamming rifles drains every credit and never funds the 2nd harv. Build the 2nd harvester as soon as cash allows""","Full rewrite: drop the per-policy outcomes AND the explicit ""build 2nd harvester ASAP"" instruction."
econ-target-cash-amount-by-deadline,medium,HEAVY,"""the 2-harv requirement forces an explicit harv build. Build the 2nd harvester early ($1400 from the war factory) so the doubled income covers the capex""","Full rewrite: drop the explicit ""build 2nd harvester early"" instruction + rationale."
econ-target-cash-amount-by-deadline,hard,HEAVY,"""Build the 2nd harvester immediately and the doubled income clears the cash bar""","Full rewrite: drop the explicit ""build 2nd harvester immediately"" instruction."
econ-tech-vs-expand-decision,easy,HEAVY,"""One harvester plateaus near 6000; only the early expand clears the bar.""","Full rewrite: drop the per-policy arithmetic and the explicit ""early expand"" answer."
econ-tech-vs-expand-decision,medium,HEAVY,"""A single harvester tops out near 7500; sinking the budget into a second war factory adds no income. An early second-harvester buy compounds past the bar.""","Full rewrite: drop the per-policy arithmetic AND the explicit ""early second-harvester"" answer + negative-policy."
econ-tech-vs-expand-decision,hard,HEAVY,"""The single-harvester baseline and the tech-drained economy both miss by a wide margin; an early second-harvester compounds past it on either spawn.""","Full rewrite: same — drop per-policy outcomes + explicit answer."
economy-force-buildup,easy,HEAVY,"""stand up a second Power Plant AND train at least four anti-vehicle rocket soldiers ('e3' — 300cr each, longer-ranged than rifles). Spamming the cheap rifle ('e1', 100cr) clears neither bar.""","Full rewrite: drop the explicit ""stand up power plant + train 4 e3"" instruction AND the negative-policy on rifles."
economy-force-buildup,medium,HEAVY,"""Stand up a second Power Plant AND train at least five anti-vehicle rocket soldiers ('e3' — 300cr each). The budget covers exactly this one coherent build — cheap-rifle spam clears neither bar""","Full rewrite: same as easy."
economy-force-buildup,hard,HEAVY,"""Build and place a second Power Plant AND train at least six anti-vehicle rocket soldiers ('e3' — 300cr each) without losing a single one. ... cheap-rifle spam or any over-spend fails the clock""","Full rewrite: same."
economy-harvest-investment,easy,HEAVY,"""Stall alone (one pre-placed harv auto-harvesting) clears only ~11100 — under the bar. The DEEP commit (a second harvester auto-routing to the near patch) doubles throughput and clears the bar comfortably.""","Full rewrite: drop the per-policy arithmetic and the explicit ""DEEP commit (a second harvester)"" answer."
economy-harvest-investment,medium,HEAVY,"""Only the highest-yield reinvestment — a second harvester on the NEAR patch (DEEP) — clears it. Far-patch (GEOGRAPHIC) or hedged plays lose 3-7 turns of double-income and the deadline bites.""","Full rewrite: drop the explicit ""second harvester on near patch"" answer + per-policy outcomes."
economy-harvest-investment,hard,HEAVY,"""DEEP throughput is symmetric on both spawns; a memorised opening fails because the new harvester spawns in a different cell.""","Full rewrite: drop the ""DEEP throughput"" hint."
economy-harvest-timebox,easy,CLEAN,"","Pure situation report — forces, bar, deadline."
economy-harvest-timebox,medium,CLEAN,"","Pure situation report."
economy-harvest-timebox,hard,CLEAN,"","Pure situation report (just adds ""Locate your patches relative to your base"" which is borderline but factually informative)."
economy-investment,easy,HEAVY,"""That budget is precisely the cost of one Ore Refinery ($1400) plus one supporting Power Plant ($300). Build and place both — a second refinery and a second power plant. Any credit spent on units leaves too little to finish both structures before the clock""","Full rewrite: drop the explicit ""build refinery + power plant"" instruction + the negative-policy on units."
economy-investment,medium,HEAVY,"""Build the second refinery and the second power plant, AND train three units. A fourth unit or any diversion overspends and the second refinery never completes inside the clock""","Full rewrite: drop the explicit build composition + negative-policy."
economy-investment,hard,HEAVY,"""Keep the single refinery and field 22 rifle infantry ('e1' — 100cr each, 22 × 100 = $2200). Building a second refinery or a second power plant drains the credits the army needs""","Full rewrite: drop the explicit ""field 22 e1"" composition + negative-policy."
economy-time-box,easy,HEAVY,"""Idle cash is wasted; spending it all on units leaves only 3 buildings; spending it all on buildings leaves 0 units. The clock bites — sit on the budget and you LOSE.""","Full rewrite: drop the per-policy outcomes."
economy-time-box,medium,HEAVY,"""The budget covers exactly this mix; idling or spending it on a single line LOSES. Start the build chain early — serial build times eat the clock.""","Full rewrite: drop the per-policy outcome AND the ""start early"" timing instruction."
economy-time-box,hard,HEAVY,"""The budget covers a coherent serial build chain — every credit and every tick must convert into deployed structure or fielded unit. Spam, overspend, or any battlefield casualty LOSES.""","Full rewrite: drop the meta-strategy hint (""coherent serial build chain"") and per-policy outcomes."
