"pack","level","capability","map_name","map_size","map_fit","tools","agent_force","enemy_force","enemy_posture","posture_issue","briefing_RA","win_condition","lose_condition","max_turns","tick_budget","starting_cash","economy_setup","wrong_strategy_loss"
"econ-burn-rate-management","easy","reasoning","econ-burn-rate-management-56x40","56x40","fit","observe, build, place_building, harvest, move_units, attack_unit, attack_move, stop","Full Allied base @(10-18,18-22): fact + proc + 2× powr + tent + weap + fix + 2× harv on 2 near mines + 3× medium tank @(20,19-21) on HOLD-FIRE","3× rifle infantry garrison @(40,20-22) on Defend stance + anti-DRAW enemy fact @(124,36)","static (st2 e1 garrison) + anti-DRAW sentinel","","Commander, this is a burn-rate discipline drill. You hold a mature Allied base — Construction Yard (fact), Ore Refinery (proc), two Power Plants (powr), Allied Barracks (tent), War Factory (weap) and Service Depot (fix) — with two harvesters (harv, unarmed ore trucks) on two nearby ore patches feeding roughly $190 per turn, $1500 starting cash, and three pre-placed medium tanks (2tnk). Within about 14 turns, kill at least two enemies in the small central garrison at x=40, keep your Construction Yard standing, and finish with cash inside the band $400 to $1800. Sitting idle lets income lift cash past $1800; over-spending on extra production or pillboxes drops it below $400.","Kill ≥2 enemies AND cash in [$400, $1800] AND Construction Yard standing, within 1200 ticks.","Construction Yard lost, or deadline (1201 ticks).","14","1263","1500","2 harvs on 2 near patches @(22,18)/(22,20) feed ~190 cr/turn combined; starting cash 1500 + 3 pre-placed medium tanks for kill bar","Stall (observe only) drifts cash above $1800 ceiling with 0 kills → LOSS. Tank-only attack hoards cash above ceiling → LOSS. Chain-build pbox/powr drops cash below $400 floor → LOSS."
"econ-burn-rate-management","medium","reasoning","econ-burn-rate-management-56x40","56x40","fit","observe, build, place_building, harvest, move_units, attack_unit, attack_move, stop","Full Allied base @(10-18,18-22): fact + proc + 2× powr + tent + weap + fix + 2× harv on 2 near mines + 3× medium tank @(20,19-21) on HOLD-FIRE","5× rifle infantry garrison @(40,19-23) on Defend stance + anti-DRAW enemy fact @(124,36)","static (st2 e1 garrison) + anti-DRAW sentinel","","Commander, this is a tighter burn-rate drill. You hold the same mature Allied base — Construction Yard (fact), Ore Refinery (proc), two Power Plants (powr), Allied Barracks (tent), War Factory (weap) and Service Depot (fix) — with two harvesters on two ore patches feeding roughly $190 per turn, $1500 starting cash, and three pre-placed medium tanks (2tnk). Within about 12 turns, kill at least three enemies in the larger central garrison, keep the Construction Yard standing, and land cash inside the narrower band $400 to $1500. Only a sustained two-to-three-tank commitment at the replenishment rate hits the band on the kill-bar turn — hoarding drifts above $1500, all-out spending crashes below $400.","Kill ≥3 enemies AND cash in [$400, $1500] AND fact standing, within 1080 ticks.","Construction Yard lost, or deadline (1081 ticks).","12","1083","1500","2 harvs on 2 near patches @ ~190 cr/turn; 3 pre-placed 2tnk; narrower band 1100 wide vs easy 1400","Stall above $1500 ceiling, 0 kills → LOSS. Chain-build (4+ tanks + extra building) drops cash below $400 → LOSS."
"econ-burn-rate-management","hard","reasoning","econ-burn-rate-management-56x40","56x40","fit","observe, build, place_building, harvest, move_units, attack_unit, attack_move, stop","Full Allied base seed-rotated NORTH (y=14) or SOUTH (y=26) by spawn: fact + proc + 2× powr + tent + weap + fix + 2× harv + 3× medium tank on HOLD-FIRE","6× rifle infantry garrison duplicated at both NORTH (y=14) and SOUTH (y=26) latitudes at x=40 on Defend stance + anti-DRAW enemy fact @(124,36)","static (st2 e1 garrison) + anti-DRAW sentinel","","Commander, this is the tightest burn-rate drill with seed-rotated base latitude. You hold a mature Allied base — Construction Yard (fact), Ore Refinery (proc), two Power Plants (powr), Allied Barracks (tent), War Factory (weap) and Service Depot (fix) — at either the NORTH or SOUTH latitude (the seed picks), with two harvesters on two ore patches, three pre-placed medium tanks (2tnk), and $1500 starting cash. Within about 11 turns, kill at least four enemies in the matching central garrison, keep the Construction Yard standing, and finish with cash inside the band $300 to $1499. The clock is short — over-spending cannot recover and pure hoarding drifts past the ceiling on either spawn.","Kill ≥4 enemies AND cash in [$300, $1499] AND fact standing, within 990 ticks.","Construction Yard lost, or deadline (991 ticks).","11","993","1500","2 harvs on 2 near patches @ ~190 cr/turn (per spawn); 3 pre-placed 2tnk per spawn; very tight band 1199 wide","Stall hoards above $1499 → LOSS. Burn-everything crashes below $300 → LOSS. Memorised attack vector misses on wrong spawn → LOSS."
"econ-buy-vs-build-decision","easy","reasoning","econ-buy-vs-build-80x40","80x40","fit","build, place_building, move_units, attack_unit, attack_move, stop","Allied base @(10,20): fact + proc + powr + weap + fix; NO units; $3400 cash","4× rifle infantry @(70,20) HUNTER (st3) charging fact + anti-DRAW enemy fact @(76,20)","hunter (st3 rusher rifle wave; bot_type:rusher charges agent centroid)","","Commander, this is a capex-vs-opex call under live rush pressure. You hold a Construction Yard (fact), Ore Refinery (proc), Power Plant (powr), War Factory (weap) and Service Depot (fix), no units, and exactly $3400 in the bank. Four rifle infantry (e1) are charging your yard from the lane mouth NOW. The budget covers EITHER four medium tanks (2tnk, $850 each) from the existing war factory OR a second war factory ($2000, leaving $1400 — one tank). Within about 17 turns, kill at least three enemies and keep your Construction Yard standing. A second factory does not field a defender in time.","Kill ≥3 enemies AND fact standing, within 1499 ticks.","Construction Yard razed, or deadline (1500 ticks).","25","2253","3400","No income engine — must spend $3400 on units. Budget = exactly 4× 2tnk OR 1× weap + 1× 2tnk residual","Stall → fact razed by rush → LOSS. Build-weap-first spends $2000, first new tank fields too late → fact razed → LOSS."
"econ-buy-vs-build-decision","medium","reasoning","econ-buy-vs-build-80x40","80x40","fit","build, place_building, move_units, attack_unit, attack_move, stop","Allied base @(10,20): fact + proc + powr + weap + fix; NO units; $3400 cash","5× rifle infantry @(70,20) HUNTER (st3) charging fact + anti-DRAW enemy fact @(76,20)","hunter (st3 rusher rifle wave; bot_type:rusher charges agent centroid)","","Commander, this is a heavier capex-vs-opex call under live rush pressure. You hold a Construction Yard (fact), Ore Refinery (proc), Power Plant (powr), War Factory (weap) and Service Depot (fix), no units, and exactly $3400 in the bank. Five rifle infantry (e1) are charging your yard from the lane mouth NOW. The budget covers EITHER four medium tanks (2tnk, $850 each) from the existing war factory OR a second war factory ($2000, residual $1400 — one tank). Within about 17 turns, kill at least four enemies and keep your Construction Yard standing. Long-run capacity does not survive the incoming wall.","Kill ≥4 enemies AND fact standing, within 1499 ticks.","Construction Yard razed, or deadline (1500 ticks).","25","2253","3400","No income — $3400 budget chooses 4× 2tnk (immediate force) or 1× weap (long-run capacity, 1 residual tank)","Stall → fact razed → LOSS. Build-weap-first → 1 tank fields, fact razed by 5-man rush → LOSS."
"econ-buy-vs-build-decision","hard","reasoning","econ-buy-vs-build-80x40","80x40","fit","build, place_building, move_units, attack_unit, attack_move, stop","Allied base seed-rotated NORTH (y=14) or SOUTH (y=26): fact + proc + powr + weap + fix + inert spawn-witness e1; NO combat units; $3400 cash","5× rifle infantry + 1× rocket soldier per matched spawn @(70-72, 14 or 26) HUNTER (st3 rusher) + anti-DRAW enemy fact @(76, 14 or 26) at matching latitude","hunter (st3 rusher rifle wave; bot_type:rusher charges agent centroid)","","Commander, this is a capex-vs-opex call with seed-rotated base latitude. You hold a Construction Yard (fact), Ore Refinery (proc), Power Plant (powr), War Factory (weap) and Service Depot (fix) at either the NORTH (y=14) or SOUTH (y=26) latitude — the seed picks — with no combat units and exactly $3400 cash. Five rifle infantry (e1) and one rocket soldier (e3) are charging your live yard from the lane mouth NOW. The budget covers EITHER four medium tanks (2tnk, $850 each) from the existing war factory OR a second war factory ($2000, residual $1400 — one tank). Within about 19 turns, kill at least five enemies and keep your Construction Yard standing.","Kill ≥5 enemies AND fact standing, within 1649 ticks.","Construction Yard razed, or deadline (1650 ticks).","25","2253","3400","No income — same $3400 budget choice on either spawn; 5× e1 + 1× e3 mixed-rush wave","Stall → fact razed → LOSS. Build-weap-first → only 1 tank in time, mixed wave overruns fact → LOSS."
"econ-cash-reserve-management","easy","reasoning","econ-cash-reserve-management-48x40","48x40","fit","observe, build, place_building, harvest, move_units, stop","Allied base @(10-14,18-22): fact + proc + tent + powr + 2× harv on 2 near mines","1× anti-DRAW rifle infantry @(42,4) HoldFire","passive (st0 anti-DRAW e1 far east) — no enemy interaction","","Commander, this is a treasury-discipline drill. You hold four buildings — Construction Yard (fact), Ore Refinery (proc), Allied Barracks (tent) and Power Plant (powr) — with two harvesters (harv, unarmed ore trucks) on two near ore patches feeding about $95 per turn, and $1500 starting cash. Within about 60 turns, grow the base to at least five buildings (a second Power Plant at $300 is the cheapest add), keep both harvesters alive, and finish with at least $300 in the bank. Stalling never adds the building; sinking $1400 into a second refinery dips the reserve below the floor at the latch moment.","building_total ≥5 AND cash ≥$300 AND 2 harvs alive, within 5400 ticks.","Construction Yard lost, or deadline (5401 ticks).","60","5403","1500","2 harvs on 2 near patches @ ~190 cr/turn combined; building_total starts at 4; cheapest add is $300 powr","Stall builds nothing → building bar unmet → LOSS. Over-spend $1400 on 2nd proc dips reserve under $300 → LOSS."
"econ-cash-reserve-management","medium","reasoning","econ-cash-reserve-management-48x40","48x40","fit","observe, build, place_building, harvest, move_units, stop","Allied base @(10-14,18-22): fact + proc + tent + powr + 2× harv on 2 near mines","1× anti-DRAW rifle infantry @(42,4) HoldFire","passive (st0 anti-DRAW e1 far east) — no enemy interaction","","Commander, this is a tighter treasury drill. You hold four buildings — Construction Yard (fact), Ore Refinery (proc), Allied Barracks (tent) and Power Plant (powr) — with two harvesters on two near ore patches feeding roughly $95 per turn, and $1500 starting cash. Within about 9 turns, grow the base to at least six buildings (two more), keep both harvesters alive, and finish with at least $300 in the bank. Two Power Plants at $300 each fit cleanly; a second refinery at $1400 dips cash too low to recover before the clock.","building_total ≥6 AND cash ≥$300 AND 2 harvs alive, within 810 ticks.","Construction Yard lost, or deadline (811 ticks).","10","903","1500","2 harvs ~190 cr/turn; build 2 cheap powr (2×$300) leaves $900; 2nd proc $1400 dips reserve","Stall → 0 new buildings → LOSS. 2nd proc ($1400) dips reserve below $300 within clock → LOSS."
"econ-cash-reserve-management","hard","reasoning","econ-cash-reserve-management-48x40","48x40","fit","observe, build, place_building, harvest, move_units, stop","Allied base seed-rotated NORTH (y=14) or SOUTH (y=28): fact + proc + tent + powr + 2× harv on matching latitude patches","1× anti-DRAW rifle infantry @(42,4) HoldFire","passive (st0 anti-DRAW e1 far east) — no enemy interaction","","Commander, this is the tightest treasury drill with seed-rotated base latitude. You hold a Construction Yard (fact), Ore Refinery (proc), Allied Barracks (tent) and Power Plant (powr) — at either the NORTH (y=14) or SOUTH (y=28) latitude, the seed picks — with two harvesters on matching near ore patches and $1500 starting cash. Within about 12 turns, grow the base to at least seven buildings (three more), keep both harvesters alive, and finish with at least $500 in the bank. Three Power Plants at $300 each leave $600; mixing in a Pillbox or a second refinery busts the larger reserve before income can refill.","building_total ≥7 AND cash ≥$500 AND 2 harvs alive, within 1080 ticks.","Construction Yard lost, or deadline (1081 ticks).","12","1083","1500","2 harvs @ ~190 cr/turn per spawn; 3× powr (3×$300=$900) leaves $600 just above $500 reserve","Stall → no new buildings → LOSS. 3× pbox ($1800) crashes below $500 reserve → LOSS. 2nd proc ($1400) busts reserve → LOSS."
"econ-contention-with-enemy","easy","reasoning","econ-contention-with-enemy-96x40","96x40","fit","observe, build, place_building, harvest, move_units, attack_unit, attack_move, stop","Allied west base @(8-14,18-20): fact + proc + 2× harv + 2× medium tank @(6,19/21) on Defend stance","1× enemy heavy tank @(40,20) (raider bot) + visible enemy economy proc @(80,20) + 2× enemy harv @(76,18/22) + anti-DRAW enemy fact @(92,20)","hunter (raider bot — drives at nearest agent harv each turn)","","Commander, this is a contested-economy drill. Your Construction Yard (fact), Ore Refinery (proc) and two harvesters (harv, unarmed ore trucks) sit at the west base, with two medium tanks (2tnk) on garrison. A shared ore patch lies just east at x=22; an enemy heavy tank (3tnk) is approaching from mid-map and targeting your harvesters. Your tanks are too far back to see the patch from garrison. Within about 50 turns, drive the defenders forward to intercept the raider at the patch while the harvesters keep mining (they auto-route once a refinery exists). Win requires economy value 1500, at least one kill, and both harvesters still alive.","economy_value ≥$1500 AND 2 harvs alive AND ≥1 kill, within 4500 ticks.","Both harvs lost, or deadline (4501 ticks).","51","4593","500","2 harvs auto-cycle near patch @(22,18)/(22,20); starting cash 500; 2× 2tnk defenders at base x=6 (too far back to cover patch)","Stall → raider kills both harvs at patch → harv bar fails → LOSS. Pure defense (no harvest setup) loses time bar. Pure harvest no intercept → harvs die."
"econ-contention-with-enemy","medium","reasoning","econ-contention-with-enemy-96x40","96x40","fit","observe, build, place_building, harvest, move_units, attack_unit, attack_move, stop","Allied west base @(8-14,18-20): fact + proc + 2× harv + 3× heavy tank @(6,18/20/22) on Defend stance","2× enemy heavy tank @(70,18/22) (raider bot, two-axis) + visible enemy economy proc @(80,20) + 2× enemy harv + anti-DRAW enemy fact @(92,20)","hunter (raider bot — drives at nearest agent harv each turn)","","Commander, this is a contested-economy drill with two raiders. Your Construction Yard (fact), Ore Refinery (proc) and two harvesters (harv, unarmed ore trucks) sit at the west base, with three heavy tanks (3tnk) on garrison. A shared ore patch lies just east at x=22; two enemy heavy tanks are approaching from the east on two separate latitudes (y=18 and y=22), each targeting your harvesters. Your garrison cannot see the patch from base. Within about 50 turns, drive the defenders forward to intercept both raiders while the harvesters auto-mine. Win requires economy value 2200, at least two kills, and both harvesters still alive.","economy_value ≥$2200 AND 2 harvs alive AND ≥2 kills, within 4500 ticks.","Both harvs lost, or deadline (4501 ticks).","51","4593","500","2 harvs auto-cycle near patch; 3× 3tnk defenders at base x=6; need to defend both y-vectors","Stall → both raiders kill harvs → LOSS. Single-axis intercept → off-axis harv dies → LOSS."
"econ-contention-with-enemy","hard","reasoning","econ-contention-with-enemy-96x40","96x40","fit","observe, build, place_building, harvest, move_units, attack_unit, attack_move, stop","Allied base seed-rotated NORTH (y=14) or SOUTH (y=26): fact + proc + 2× harv + 3× heavy tank","2× enemy heavy tank @(90,14)/(90,26) — both raiders always place + 3× enemy harv + enemy proc + anti-DRAW fact @(92,20)","hunter (raider bot — drives at nearest agent harv each turn)","","Commander, this is a contested-economy drill with seed-rotated base latitude. Your Construction Yard (fact), Ore Refinery (proc), two harvesters (harv, unarmed ore trucks) and three heavy-tank (3tnk) defenders all stage at either the NORTH (y=14) or SOUTH (y=26) latitude — the seed picks. A shared ore patch sits at x=22 on your base's latitude. Two enemy heavy tanks are approaching from the east targeting your harvesters. Within about 50 turns, drive the defenders forward to intercept both raiders while the harvesters auto-mine. Win requires economy value 2200, at least two kills, and both harvesters still alive.","economy_value ≥$2200 AND 2 harvs alive AND ≥2 kills, within 4500 ticks.","Both harvs lost, or deadline (4501 ticks).","51","4593","500","2 harvs auto-cycle on spawn-matched patch; 3× 3tnk defenders; raiders track nearest harv across latitudes","Stall → raiders kill harvs → LOSS. Pure defense without harvest signal — but auto-route covers; risk is harv death."
"econ-contested-expansion","easy","reasoning","econ-contested-corridor-128x40","128x40","wide","observe, build, place_building, move_units, attack_move, attack_unit, set_stance, harvest, sell, stop","SW mini-base @(10-16,28-32): fact + powr + proc + 1× harv on home patch + 2× Light Tank (1tnk) @(18-20,32) on Defend","3× rocket infantry @(64-68,18-20) patrol bot on contested patch + anti-DRAW enemy fact @(118,10)","patrol bot — e3 oscillate around contested patch on Defend stance (auto-fire in range)","","Commander, this is a contested-expansion mission. You hold a mini-base in the south-west corner — Construction Yard (fact), Power Plant (powr), Ore Refinery (proc), one harvester (harv, an unarmed ore-collector truck) auto-cycling a small home patch at (15, 30), and two Light Tanks (1tnk) — with $2000 in the bank. A richer ore patch sits at the centre of the map at (66, 20), inside a horizontal corridor framed by water walls — the only passable band between your lobe and the patch. Two enemy infantry already loiter on the patch. Within about 45 turns, finish with at least $5800 cash. Build a second Refinery ($1400) and place it AT the contested patch — the engine ships the new refinery with a free harvester spawned on-site — and escort with your two Light Tanks so the guards do not kill the new ore truck.","2 procs AND cash ≥$5800, within 4000 ticks.","Construction Yard lost, or deadline (4001 ticks).","45","4053","2000","Home patch 3000 cap (too small alone); contested patch (66,20) 30000 amount; engine auto-spawns harv at new proc location and binds by path distance","Stall → home patch caps below bar → LOSS. Home-proc placement → both harvs compete on dry home patch → LOSS. Patch-no-escort → patrol e3 kills new harv → LOSS."
"econ-contested-expansion","medium","reasoning","econ-contested-corridor-128x40","128x40","wide","observe, build, place_building, move_units, attack_move, attack_unit, set_stance, harvest, sell, stop","SW mini-base: fact + powr + proc + 1× harv + 2× Light Tank on Defend","3× rocket infantry on contested patch + 1× rocket infantry at western corridor entry @(45,19) (patrol bot) + anti-DRAW enemy fact","patrol bot — e3 oscillate around contested patch on Defend stance (auto-fire in range)","","Commander, this is a contested-expansion mission with the corridor under fire. You hold a mini-base in the south-west corner — Construction Yard (fact), Power Plant (powr), Ore Refinery (proc), one harvester (harv, an unarmed ore-collector truck) cycling a small home patch at (15, 30), and two Light Tanks (1tnk) — with $2000. A richer ore patch sits at the centre of the map at (66, 20), inside a water-walled corridor. Three enemy rocket infantry are positioned: two on the patch and one at the western corridor entry at (45, 19). Within about 45 turns, finish with at least $6500 cash. Build a second Refinery ($1400) and place it AT the contested patch — the free on-site harvester will mine it — and escort with your Light Tanks, shooting through the corridor guard to reach the patch.","2 procs AND cash ≥$6500, within 4000 ticks.","Construction Yard lost, or deadline (4001 ticks).","45","4053","2000","Home patch 3000; rich patch 30000; extra e3 picket at west corridor entry blocks unescorted approach","Stall → home patch caps → LOSS. Home-proc → empty 2nd proc → LOSS. No-escort → harv killed by patrol → LOSS."
"econ-contested-expansion","hard","reasoning","econ-contested-corridor-128x40","128x40","wide","observe, build, place_building, move_units, attack_move, attack_unit, set_stance, harvest, sell, stop","Mini-base seed-rotated NW (y=8) or SW (y=32) corner: fact + powr + proc + 1× harv + 2× Light Tank","3× rocket infantry on patch + 1× at corridor entry (patrol bot, duplicated both spawns) + anti-DRAW enemy fact","patrol bot — e3 oscillate around contested patch on Defend stance (auto-fire in range)","","Commander, this is a contested-expansion mission with seed-rotated base corner. You hold a mini-base in either the north-west (y=8) or south-west (y=32) corner — Construction Yard (fact), Power Plant (powr), Ore Refinery (proc), one harvester (harv, an unarmed ore-collector truck) on a small home patch on the matching latitude, and two Light Tanks (1tnk) — with $2000. The contested patch is always at (66, 20) inside the central water-walled corridor; three enemy rocket infantry are positioned (two on the patch, one at the western corridor entry). Within about 45 turns, finish with at least $6500 cash. Build a second Refinery and place it AT the contested patch — the free on-site harvester mines the rich deposit — and escort with your Light Tanks.","2 procs AND cash ≥$6500, within 4000 ticks.","Construction Yard lost, or deadline (4001 ticks).","45","4053","2000","Per-spawn home patch 3000; central rich patch 30000 always at (66,20); approach diagonals from NW vs SW differ","Stall → home patch caps → LOSS. Home-proc → no real income gain → LOSS. No-escort → e3 patrol kills new harv → LOSS."
"econ-deny-enemy-expansion","easy","reasoning","rush-hour-arena","128x40","wide","move_units, attack_unit, attack_move, stop","Allied west: fact @(6,20) + 4× medium tank @(10,16-24) on Return-Fire","Light expansion @(60,20): proc + 1× harv + 1× rifleman guard. Fortified main @(108,20): fact + powr + 2× pbox + 3× rocket inf. Anti-DRAW fact @(124,4)","guard (bot leashed at expansion + fortified main far east) + static enemy fortifications","","Commander, this is an economic-denial raid. You hold a Construction Yard at (6,20) and 4 medium tanks (2tnk) at (10, y=16..24) on Return-Fire orders. The enemy has just dropped a soft second base mid-map — an Ore Refinery (proc) with one harvester, lightly guarded by a single rifleman, at (60,20). The enemy's main base far east is fortified (pillboxes plus rocket infantry) and far too tough to crack in budget. Within about 72 turns, drive your tank column to the mid-map expansion and raze the enemy refinery while keeping at least 2 of your tanks and your Construction Yard alive. Turtling at home or attacking the hard main both lose the run.","Enemy proc destroyed in radius-6 of (60,20) AND ≥2 own units alive AND fact standing, within 5400 ticks.","Fewer than 2 own units, fact lost, or deadline (5401 ticks).","72","6483","pack default (no override)","No harvest engine — pure-force pack; the ""economy"" decision is whether to RAID enemy expansion before it snowballs","Stall → enemy proc never falls → after_ticks fail → LOSS. Turtle home → same → LOSS. All-in on hard main far east → tanks die on pbox + e3 → LOSS."
"econ-deny-enemy-expansion","medium","reasoning","rush-hour-arena","128x40","wide","move_units, attack_unit, attack_move, stop","Allied west: fact + 4× medium tank on Return-Fire","Heavier expansion @(60,20): proc + harv + 2× rifleman + 3× rocket infantry (mixed). Fortified main far east. Anti-DRAW fact.","guard (bot leashed at expansion + fortified main far east) + static enemy fortifications","","Commander, this is an economic-denial raid against a thicker garrison. You hold a Construction Yard at (6,20) and 4 medium tanks (2tnk) at (10, y=16..24) on Return-Fire orders. The enemy's soft second base mid-map at (60,20) is an Ore Refinery (proc) and a harvester, guarded by 2 riflemen plus 3 anti-tank rocket soldiers. The enemy's main base far east is fortified and not viable in budget. Within about 60 turns, drive your tank column to the mid-map expansion, focus fire on the anti-tank rocket soldiers first, raze the refinery, and keep at least 2 tanks plus your Construction Yard alive.","Enemy proc destroyed in radius-6 of (60,20) AND ≥2 own units alive AND fact standing, within 4500 ticks.","Fewer than 2 own units, fact lost, or deadline (4501 ticks).","60","5403","pack default","No harvest engine; decision is timing the raid before garrison thickens","Stall → proc snowballs → LOSS. Naive charge into e3 cluster → loses ≥3 tanks → LOSS. Attack main far east → LOSS."
"econ-deny-enemy-expansion","hard","reasoning","rush-hour-arena","128x40","wide","move_units, attack_unit, attack_move, stop","Allied west seed-rotated NORTH (y=12) or SOUTH (y=28): fact + 4× medium tank on Return-Fire","Heavy expansion @(60,20) (always central): proc + harv + 2× e1 + 3× e3. Fortified main + anti-DRAW fact.","guard (bot leashed at expansion + fortified main far east) + static enemy fortifications","","Commander, this is an economic-denial raid with seed-rotated base latitude. You hold a Construction Yard and 4 medium tanks (2tnk) on Return-Fire orders, staged at either the NORTH (y=12) or SOUTH (y=28) latitude — the seed picks. The enemy's soft second base mid-map at (60,20) is an Ore Refinery (proc) and a harvester, guarded by 2 riflemen plus 3 anti-tank rocket soldiers. The enemy's main far east is fortified and not viable. Within about 60 turns, drive your tank column from your spawn latitude to the mid-map expansion, focus the anti-tank rockets first, raze the refinery, and keep at least 2 tanks plus your Construction Yard alive.","Enemy proc destroyed in radius-6 of (60,20) AND ≥2 own units alive AND fact standing, within 4500 ticks.","Fewer than 2 own units, fact lost, or deadline (4501 ticks).","60","5403","pack default","No harvest engine; raid timing decision; spawn-rotated approach diagonal","Stall → proc snowballs → LOSS. Charge in disorder → e3 cluster kills column → LOSS. Wrong-target (main) → LOSS."
"econ-expansion-timing","easy","reasoning","econ-expansion-timing-48x40","48x40","fit","observe, build, place_building, harvest, move_units, stop","Allied base @(8-16,18-22): fact + proc + powr + weap + 1× harv on near patches","1× anti-DRAW rifle infantry @(42,4) HoldFire","passive (st0 anti-DRAW e1 far east) — no enemy interaction","","Commander, this is an expansion-timing drill. You hold a Construction Yard (fact), Ore Refinery (proc), Power Plant (powr) and War Factory (weap), with one harvester (harv, unarmed ore truck) on two near ore patches feeding about $95 per turn, and $1100 starting cash. Within about 30 turns, finish with economy value at least $5200 while keeping the Construction Yard and at least one refinery standing. A second harvester ($1400 from the war factory) sharply lifts income; a second refinery ($2000) without harvs to feed it just burns budget.","economy_value ≥$5200 AND fact standing AND ≥1 proc, within 2700 ticks.","Construction Yard lost, no proc, or deadline (2701 ticks).","30","2703","1100","1 harv on 2 near patches @ ~95 cr/turn; weap available to build 2nd harv ($1400)","Stall → income too slow → economy bar unmet → LOSS. 2nd proc without 2nd harv → empty refinery, cash gone → LOSS."
"econ-expansion-timing","medium","reasoning","econ-expansion-timing-48x40","48x40","fit","observe, build, place_building, harvest, move_units, stop","Allied base @(8-16,18-22): fact + proc + powr + weap + 1× harv on near patches","1× anti-DRAW rifle infantry @(42,4) HoldFire","passive (st0 anti-DRAW e1 far east) — no enemy interaction","","Commander, this is a tighter expansion-timing drill. You hold a Construction Yard (fact), Ore Refinery (proc), Power Plant (powr) and War Factory (weap), with one harvester (harv, unarmed ore truck) on two near ore patches feeding about $95 per turn, and $1100 starting cash. Within about 40 turns, finish with economy value at least $7300 while keeping the Construction Yard and refinery standing. A timely second harvester nearly doubles income; over-expansion (extra refinery) burns budget without throughput.","economy_value ≥$7300 AND fact standing AND ≥1 proc, within 3600 ticks.","Construction Yard lost, no proc, or deadline (3601 ticks).","40","3603","1100","1 harv @ ~95 cr/turn; weap can build 2nd or 3rd harv","Stall → bar unmet → LOSS. Over-expand (2nd proc) → cash drain, no income gain → LOSS."
"econ-expansion-timing","hard","reasoning","econ-expansion-timing-48x40","48x40","fit","observe, build, place_building, harvest, move_units, stop","Allied base seed-rotated NORTH (y=10) or SOUTH (y=28): fact + proc + powr + weap + 1× harv","1× anti-DRAW rifle infantry @(42,4) HoldFire","passive (st0 anti-DRAW e1 far east) — no enemy interaction","","Commander, this is the tightest expansion-timing drill with seed-rotated base latitude. You hold a Construction Yard (fact), Ore Refinery (proc), Power Plant (powr) and War Factory (weap), with one harvester (harv, unarmed ore truck) on the matching latitude's patches feeding about $95 per turn, and $1100 starting cash. Within about 50 turns, finish with economy value at least $10200 while keeping the Construction Yard and refinery standing. Multiple harvesters compound income; over-building refineries without harvs to feed them stalls progress.","economy_value ≥$10200 AND fact standing AND ≥1 proc, within 4500 ticks.","Construction Yard lost, no proc, or deadline (4501 ticks).","50","4503","1100","1 harv on matching latitude patches @ ~95 cr/turn; weap to build more harvs","Stall → bar unmet → LOSS. Over-expand procs → cash drain → LOSS. Memorised pre-pick fails on wrong spawn."
"econ-far-patch-vs-near-patch","easy","reasoning","econ-far-patch-vs-near-patch-arena-64x40","64x40","fit","observe, harvest, move_units, stop","Allied base: fact @(8,22) + proc @(12,18) + 1× harv pre-placed at FAR patch @(56,18)","1× anti-DRAW rifle infantry @(60,36) HoldFire","passive (st0 anti-DRAW e1) — no combat","","Commander, this is a harvester routing decision. You hold a Construction Yard (fact) and Ore Refinery (proc) on the west side, plus one harvester (harv, unarmed ore truck) already sitting on a far ore patch at (56,18). A near patch at (16,18) sits beside your refinery. The harv will auto-route to whichever patch is closest by path distance after delivering, so leaving it on the far patch means an enormous round-trip per bale; manually re-routing it to the near patch slashes the cycle time. Within about 50 turns, deliver economy value of at least $3000 while keeping the Construction Yard and refinery standing.","economy_value ≥$3000 AND fact AND proc, within 4500 ticks.","fact or proc lost, or deadline (4501 ticks).","50","4503","0","Single harv on far patch (56,18) — distance ~44 cells from proc (12,18); near patch (16,18) is ~4 cells. Reroute is decisive","Stall (let harv stay on far patch) → 44-cell round-trip per bale → income bar unmet → LOSS."
"econ-far-patch-vs-near-patch","medium","reasoning","econ-far-patch-vs-near-patch-arena-64x40","64x40","fit","observe, harvest, move_units, stop","Allied base: fact + proc + 1× harv pre-placed at FAR patch @(56,18)","1× anti-DRAW rifle infantry @(60,36) HoldFire","passive (st0 anti-DRAW e1) — no combat","","Commander, this is a harvester routing decision with a higher economy bar. You hold a Construction Yard (fact) and Ore Refinery (proc) on the west side, plus one harvester (harv, unarmed ore truck) sitting on a far ore patch at (56,18). A near patch at (16,18) sits beside your refinery. The harv will auto-route to whichever patch is closest by path distance after delivering. Within about 50 turns, deliver economy value of at least $5000 while keeping the Construction Yard and refinery standing.","economy_value ≥$5000 AND fact AND proc, within 4500 ticks.","fact or proc lost, or deadline (4501 ticks).","50","4503","0","Same layout, higher $5000 bar makes the slow far-patch route insufficient","Stall → far-patch round-trip insufficient → LOSS. Mis-route to other off-base patch wastes time."
"econ-far-patch-vs-near-patch","hard","reasoning","econ-far-patch-vs-near-patch-arena-64x40","64x40","fit","observe, harvest, move_units, stop","Allied base seed-rotated NORTH (y=14) or SOUTH (y=28): fact + proc + 1× harv pre-placed at FAR patch on matching latitude","1× anti-DRAW rifle infantry HoldFire","passive (st0 anti-DRAW e1) — no combat","","Commander, this is a harvester routing decision with seed-rotated base latitude. You hold a Construction Yard (fact) and Ore Refinery (proc) on either the NORTH (y=14..18) or SOUTH (y=24..28) side of the map — the seed picks — plus one harvester (harv, unarmed ore truck) on a far ore patch at the matching latitude (56,14) or (56,28). A near patch at (16, your-y) sits beside your refinery. Within about 50 turns, deliver economy value of at least $5500 while keeping the Construction Yard and refinery standing — and finish with at least one harvester within radius 8 of (16,14) or (16,28), the near-patch region matching your spawn.","economy_value ≥$5500 AND ≥1 harv near matching near patch, within 4500 ticks.","fact or proc lost, or deadline (4501 ticks).","50","4503","0","Per-spawn far-patch harv; near-patch reroute is the decision; harv-in-region clause forces actual reroute","Stall → far patch insufficient income AND no harv at near patch → LOSS on both clauses."
"econ-harvester-defense-raid","easy","action","econ-harvester-defense-raid-arena","?x?","fit","observe, harvest, move_units, attack_unit, attack_move, set_stance, stop","Allied base @(8-14,8-14): fact + powr + proc + 1× harv + 2× medium tank on HOLD-FIRE","1× far mine @(30,28); raider bot active + anti-DRAW enemy fact @(90,20)","hunter (raider bot targets nearest harv)","","Commander, this is a harvester-defense-raid drill. You hold a Construction Yard (fact), Power Plant (powr), Ore Refinery (proc), one harvester (harv, unarmed ore truck), and two medium tanks (2tnk) on hold-fire orders, all in the NW base. An enemy raider bot will target your harvester. Within about 35 turns, accumulate $1200 cash by tick 1700, then maintain proc and at least one harv alive through the deadline. Lift the tanks' hold-fire and intercept the raider, then let the harv auto-route to ore.","cash ≥$1200 by tick 1700 (then) AND ≥1 harv AND proc alive, within 3000 ticks.","No harv, no proc, or deadline (3001 ticks).","35","3243","0","1 harv on patch ~22 cells from proc; raider bot threatens harv; 2 tanks on HOLD-FIRE must be activated","Stall → raider kills harv → harv-bar fails → LOSS. Tanks left on HOLD-FIRE → raider unopposed → harv dies → LOSS."
"econ-harvester-defense-raid","medium","action","econ-harvester-defense-raid-arena","?x?","fit","observe, harvest, move_units, attack_unit, attack_move, set_stance, stop","Allied base @(8-14,8-14): fact + powr + proc + 1× harv + 2× medium tank on HOLD-FIRE","Raider bot + anti-DRAW enemy fact","hunter (raider bot targets nearest harv)","","Commander, this is a harvester-defense-raid drill with a higher cash bar. You hold a Construction Yard (fact), Power Plant (powr), Ore Refinery (proc), one harvester (harv, unarmed ore truck), and two medium tanks (2tnk) on hold-fire orders. An enemy raider bot will target your harvester. Within about 45 turns, accumulate $2200 cash by tick 2700, then maintain proc and at least one harv alive through the deadline. Lift the tanks' hold-fire and intercept the raider while the harv keeps mining.","cash ≥$2200 by tick 2700 AND ≥1 harv AND proc alive, within 3900 ticks.","No harv, no proc, or deadline (3901 ticks).","45","4143","0","1 harv on patch; raider; 2 tanks on HOLD-FIRE need activation; higher $2200 bar","Stall → harv dies → LOSS. Tanks not engaged → harv dies → LOSS."
"econ-harvester-defense-raid","hard","action","econ-harvester-defense-raid-arena","?x?","fit","observe, harvest, move_units, attack_unit, attack_move, set_stance, stop","Allied base seed-rotated NW (y=8) or SW (y=32): fact + powr + proc + 1× harv + 3× medium tank on HOLD-FIRE","Raider bot + 2 patches (one each latitude) + anti-DRAW enemy fact","hunter (raider bot targets nearest harv)","","Commander, this is a harvester-defense-raid drill with seed-rotated base latitude. You hold a Construction Yard (fact), Power Plant (powr), Ore Refinery (proc), one harvester (harv, unarmed ore truck), and three medium tanks (2tnk) on hold-fire orders, staged in either the NW (y=8) or SW (y=32) corner. An enemy raider bot will target your harvester. Within about 50 turns, accumulate $2800 cash by tick 3500, then maintain proc and at least one harv alive through the deadline. Lift the tanks' hold-fire and intercept the raider while harvesting continues.","cash ≥$2800 by tick 3500 AND ≥1 harv AND proc alive, within 4300 ticks.","No harv, no proc, or deadline (4301 ticks).","50","4593","0","1 harv per spawn; 3× medium tank on HOLD-FIRE per spawn; raider bot per seed","Stall → harv dies → LOSS. Tanks not engaged → harv dies → LOSS. Wrong-spawn opening fails."
"econ-harvester-pathing-optimization","easy","reasoning","econ-harvester-pathing-optimization-96x40","96x40","fit","observe, harvest, move_units, stop","Allied base @(10-14,18-22): fact + proc + 2× harv at home patch + near (16,18) and mid (60,18) mines","1× anti-DRAW rifle infantry @(90,34) HoldFire","passive (st0 anti-DRAW e1) — no combat","","Commander, this is a harvester pathing optimization drill. You hold a Construction Yard (fact) and Ore Refinery (proc) on the west, with two harvesters (harv, unarmed ore trucks) and ore mines at (16,18) (near base) and (60,18) (mid map). The intended play is to route the two harvs to DIFFERENT patches so two parallel cycles run; leaving both on the near patch means one harv waits idle each turn. Within about 50 turns, deliver economy value of at least $4000 with one harvester near the near patch (radius 6 of (16,18)) AND one harvester near the mid patch (radius 6 of (60,18)), keeping the Construction Yard and refinery standing.","economy_value ≥$4000 AND 1 harv near near-patch AND 1 harv near mid-patch, within 4500 ticks.","fact or proc lost, or deadline (4500 ticks).","50","4503","0","2 harvs at home; 2 patches near (16,18) and mid (60,18); pathing-split decision","Stall → both auto-route to nearest → one patch idle → mid-region clause unmet → LOSS."
"econ-harvester-pathing-optimization","medium","reasoning","econ-harvester-pathing-optimization-96x40","96x40","fit","observe, harvest, move_units, stop","Allied base @(10-14,18-22): fact + proc + 2× harv; near (16,18) and FAR (80,18) mines","1× anti-DRAW rifle infantry @(90,34) HoldFire","passive (st0 anti-DRAW e1) — no combat","","Commander, this is a harvester pathing optimization drill with a farther mid-patch. You hold a Construction Yard (fact) and Ore Refinery (proc) on the west, with two harvesters (harv, unarmed ore trucks) and ore mines at (16,18) (near base) and (80,18) (far across the map). Within about 50 turns, deliver economy value of at least $5000 with one harvester near the near patch (radius 6 of (16,18)) AND one harvester near the far patch (radius 6 of (80,18)), keeping the Construction Yard and refinery standing.","economy_value ≥$5000 AND 1 harv near near-patch AND 1 harv near far-patch, within 4500 ticks.","fact or proc lost, or deadline (4500 ticks).","50","4503","0","Same 2 harvs; near (16) + far (80) — long route. Manual split needed","Stall → both on nearest patch → far-region clause unmet → LOSS."
"econ-harvester-pathing-optimization","hard","reasoning","econ-harvester-pathing-optimization-96x40","96x40","fit","observe, harvest, move_units, stop","Allied base seed-rotated NORTH (y=14) or SOUTH (y=28): fact + proc + 2× harv on matching latitude near/far patches","1× anti-DRAW rifle infantry HoldFire","passive (st0 anti-DRAW e1) — no combat","","Commander, this is a harvester pathing optimization drill with seed-rotated base latitude. You hold a Construction Yard (fact) and Ore Refinery (proc) at either NORTH (y=14) or SOUTH (y=28), with two harvesters (harv, unarmed ore trucks) and ore mines on the matching latitude — near (16) and far (80) patches. Within about 50 turns, deliver economy value of at least $5000 with one harvester near each patch on YOUR latitude.","economy_value ≥$5000 AND 1 harv near each patch on matching latitude, within 4500 ticks.","fact or proc lost, or deadline (4500 ticks).","50","4503","0","Per-spawn 2 harvs + near/far patches at spawn latitude","Stall → both on near patch → far-region clause unmet → LOSS."
"econ-mine-and-grow","easy","reasoning","econ-mine-and-grow-arena","96x40","fit","observe, build, place_building, move_units, stop","Allied base @(10,18-20): fact + powr + 1× harv; ore patches mid-map","Anti-DRAW enemy fact @(90,20)","passive (anti-DRAW enemy fact only)","","Commander, this is a mine-and-grow drill. You hold a Construction Yard (fact), Power Plant (powr), and one harvester (harv, unarmed ore truck), with $2000 cash. No refinery exists yet — you must build one ($2000 for proc) to convert mined ore into cash. Within about 40 turns, build at least one refinery and finish with at least $3000 cash.","≥1 proc AND cash ≥$3000, within 3600 ticks.","Deadline (3601 ticks).","40","3603","2000","1 harv idle without proc; starting cash 2000 funds exactly 1× proc ($2000); then harv mines → income builds bank","Stall → no proc → harv idle → cash bar unmet → LOSS. Spend cash on other buildings without proc → no income → LOSS."
"econ-mine-and-grow","medium","reasoning","econ-mine-and-grow-arena","96x40","fit","observe, build, place_building, move_units, stop","Allied base: fact + powr + 1× harv","Anti-DRAW enemy fact","passive (anti-DRAW enemy fact only)","","Commander, this is a mine-and-grow drill with a higher cash bar. You hold a Construction Yard (fact), Power Plant (powr), and one harvester (harv, unarmed ore truck), with $2000 cash. No refinery exists yet — you must build one to convert ore to cash. Within about 40 turns, build at least one refinery and finish with at least $4000 cash.","≥1 proc AND cash ≥$4000, within 3600 ticks.","Deadline (3601 ticks).","40","3603","2000","Same setup; tighter $4000 bar requires actually using the harv cycle through the proc for several rounds","Stall → no proc → no income → LOSS. Spend cash elsewhere → bar unmet → LOSS."
"econ-mine-and-grow","hard","reasoning","econ-mine-and-grow-arena","96x40","fit","observe, build, place_building, move_units, stop","Allied base seed-rotated NORTH (y=12) or SOUTH (y=28): fact + powr + 1× harv on matching latitude patch","Anti-DRAW enemy fact @(90,20) + ore patches @(60, 12 or 28)","passive (anti-DRAW enemy fact only)","","Commander, this is a mine-and-grow drill with seed-rotated base latitude. You hold a Construction Yard (fact), Power Plant (powr), and one harvester (harv, unarmed ore truck) at either the NORTH (y=12) or SOUTH (y=28) latitude — the seed picks — with $2000 cash. No refinery exists. Within about 40 turns, build at least one refinery and finish with at least $5000 cash.","≥1 proc AND cash ≥$5000, within 3600 ticks.","Deadline (3601 ticks).","40","3603","2000","Per-spawn 1 harv; build proc ($2000) on matching latitude near patch","Stall → no proc → LOSS. Spend cash elsewhere → LOSS. Memorised spawn vector wastes ticks on wrong spawn."
"econ-multi-patch-allocation","easy","reasoning","econ-multi-patch-arena","128x40","wide","observe, build, place_building, move_units, harvest, stop","Allied base @(8,18-20): fact + powr + 4× harv pre-placed at 4 patches (small 500cr @(20,20), mid 2000cr @(40,8)+(40,32), large 3500cr @(115,20))","Anti-DRAW enemy fact @(125,20)","passive (anti-DRAW enemy fact only)","","Commander, this is a multi-patch allocation drill. You hold a Construction Yard (fact) and Power Plant (powr) on the west, with FOUR harvesters (harv, unarmed ore trucks) pre-placed on four ore patches spread across the map: a small patch (500cr) at (20,20), two mid patches (2000cr each) at (40,8) and (40,32), and a large patch (3500cr) at (115,20). With $1500 cash, build a second refinery ($2000) somewhere useful — placing it near the far rich patch (115,20) lets that distant harv deposit locally instead of trekking to the home proc. Within about 40 turns, end with 2 refineries and at least $4500 cash.","2 procs AND cash ≥$4500, within 3600 ticks.","fact lost, or deadline (3601 ticks).","40","3603","1500","4 harvs on 4 patches at different distances (4 to 107 cells from home proc); placement choice for 2nd proc dominates throughput","Stall → no 2nd proc → bar unmet → LOSS. Place 2nd proc next to home → no income gain → LOSS."
"econ-multi-patch-allocation","medium","reasoning","econ-multi-patch-arena","128x40","wide","observe, build, place_building, move_units, harvest, stop","Allied base + 4× harv on 4 patches (same layout as easy)","Anti-DRAW enemy fact","passive (anti-DRAW enemy fact only)","","Commander, this is a multi-patch allocation drill with a higher cash bar. You hold a Construction Yard (fact) and Power Plant (powr) on the west, with FOUR harvesters (harv, unarmed ore trucks) pre-placed on four ore patches spread across the map (small at (20,20), two mid at (40,8) and (40,32), large at (115,20)). With $1500 cash, build a second refinery and place it near the far rich patch to shorten that round-trip. Within about 40 turns, end with 2 refineries and at least $5000 cash.","2 procs AND cash ≥$5000, within 3600 ticks.","fact lost, or deadline (3601 ticks).","40","3603","1500","Same 4 harvs/4 patches; $5000 bar requires 2nd proc placed near far patch","Stall → bar unmet → LOSS. 2nd proc at home → no gain → LOSS."
"econ-multi-patch-allocation","hard","reasoning","econ-multi-patch-arena","128x40","wide","observe, build, place_building, move_units, harvest, stop","Allied base seed-rotated NORTH (y=12) or SOUTH (y=28): fact + powr + 4× harv on 4 patches at matching latitude offsets","Anti-DRAW enemy fact","passive (anti-DRAW enemy fact only)","","Commander, this is a multi-patch allocation drill with seed-rotated base latitude. You hold a Construction Yard (fact) and Power Plant (powr) at either NORTH (y=12) or SOUTH (y=28), with FOUR harvesters on four patches at matching latitude offsets (small near (20), two mid at (40, 4/20/36 depending on seed), large at (115,20)). With $1500 cash, build a second refinery placed for best income. Within about 40 turns, end with 2 refineries and at least $5500 cash.","2 procs AND cash ≥$5500, within 3600 ticks.","fact lost, or deadline (3601 ticks).","40","3603","1500","Per-spawn 4 harvs/multi-patches; choice of 2nd proc location load-bearing","Stall → LOSS. Wrong placement (home or off-latitude) → no income gain → LOSS."
"econ-overflow-to-silos","easy","reasoning","econ-overflow-to-silos-64x40","64x40","fit","observe, build, place_building, harvest, move_units, stop","Allied base @(8-14,18-20): fact + proc + powr + 1× harv on near patch","Anti-DRAW enemy fact @(60,4)","passive (anti-DRAW enemy fact only)","","Commander, this is an overflow-to-silos drill. You hold a Construction Yard (fact), Ore Refinery (proc), Power Plant (powr), and one harvester (harv, unarmed ore truck) on a near patch, with $1000 cash. Without silos (storage), the refinery has limited buffer and overflowing ore is lost. Within about 20 turns, build extra silos ($150 each) or spend cash so the economy value (cash + buffer) reaches at least $6000.","economy_value ≥$6000 AND fact AND proc, within 1800 ticks.","fact or proc lost, or deadline (1801 ticks).","20","1803","1000","1 harv on near patch; refinery has small ore buffer; silos cost $150 each","Stall → buffer fills, ore lost → bar unmet → LOSS. No silos but harv keeps mining → wasted cycles."
"econ-overflow-to-silos","medium","reasoning","econ-overflow-to-silos-64x40","64x40","fit","observe, build, place_building, harvest, move_units, stop","Allied base @(8-14,14-22): fact + proc + powr + 7× harv on 7 stacked mines","Anti-DRAW enemy fact @(60,4)","passive (anti-DRAW enemy fact only)","","Commander, this is a heavy-overflow silo drill. You hold a Construction Yard (fact), Ore Refinery (proc), Power Plant (powr), and SEVEN harvesters (harv, unarmed ore trucks) on stacked patches all dumping into one refinery, with $500 cash. The refinery buffer overflows fast with seven harvs hauling — without silos to capture excess ore, most of the income is dropped. Within about 21 turns, build silos and reach economy value of at least $19500.","economy_value ≥$19500 AND fact AND proc, within 1803 ticks.","fact or proc lost, or deadline (1804 ticks).","21","1893","500","7 harvs flooding 1 proc; overflow loss without silos; silos $150 each","Stall → catastrophic overflow loss → bar unmet → LOSS. Cash spent on power/other → no storage → LOSS."
"econ-overflow-to-silos","hard","reasoning","econ-overflow-to-silos-64x40","64x40","fit","observe, build, place_building, harvest, move_units, stop","Allied base seed-rotated WEST (x=8) or EAST (x=40): fact + proc + powr + 7× harv on 7 stacked mines","Anti-DRAW enemy fact @(60,4)","passive (anti-DRAW enemy fact only)","","Commander, this is a heavy-overflow silo drill with seed-rotated base position. You hold a Construction Yard (fact), Ore Refinery (proc), Power Plant (powr), and SEVEN harvesters (harv, unarmed ore trucks) flooding one refinery at either the WEST (x=8) or EAST (x=40) base — the seed picks. With $500 cash, build silos fast or the refinery's tiny buffer drops most income. Within about 21 turns, reach economy value of at least $19500.","economy_value ≥$19500 AND fact AND proc, within 1803 ticks.","fact or proc lost, or deadline (1804 ticks).","21","1893","500","7 harvs per spawn; flood overflow; silos required","Stall → overflow drops income → LOSS. Wrong spawn opening fails."
"econ-protect-harvester-route","easy","action","rush-hour-arena","128x40","wide","observe, harvest, move_units, attack_unit, attack_move, stop","Allied base @(8-15,18-20): fact + proc + powr + 1× harv + 2× medium tank @(15,19/21) on Defend","Mid patch @(50,20) + 1× enemy medium tank @(75,20) (raider) + anti-DRAW enemy fact @(120,20)","hunter (raider bot — 2tnk targets harv)","","Commander, this is a protect-harvester-route drill. You hold a Construction Yard (fact), Ore Refinery (proc), Power Plant (powr), one harvester (harv, unarmed ore truck), and two medium tanks (2tnk) at base on Defend orders. The only ore patch is at (50,20) mid-map, and an enemy medium tank (raider bot) is hunting your harvester from (75,20). Within about 50 turns, deliver $1000 economy value while keeping your harvester, refinery, and Construction Yard alive. Escort the harv with your tanks; leaving them at base lets the raider pick the harv off in the open.","economy_value ≥$1000 AND ≥1 harv AND fact AND proc, within 4500 ticks.","No harv, fact lost, or deadline (4501 ticks).","50","4503","0","1 harv must travel 38 cells one-way to mid patch; raider 25 cells east of patch threatens convoy","Stall → harv idle, no income → LOSS. Send harv unescorted → raider kills harv → LOSS."
"econ-protect-harvester-route","medium","action","rush-hour-arena","128x40","wide","observe, harvest, move_units, attack_unit, attack_move, stop","Same as easy (medium uses same actor layout) + tighter $1200 bar","Mid patch + 1 raider 2tnk + anti-DRAW fact","hunter (raider bot — 2tnk targets harv)","","Commander, this is a protect-harvester-route drill with a higher cash bar. You hold a Construction Yard (fact), Ore Refinery (proc), Power Plant (powr), one harvester (harv, unarmed ore truck), and two medium tanks (2tnk) on Defend orders at base. The only ore patch is at (50,20) mid-map; an enemy medium tank (raider bot) hunts the harvester from (75,20). Within about 60 turns, deliver $1200 economy value while keeping the harvester, refinery, and Construction Yard alive. Escort with your tanks.","economy_value ≥$1200 AND ≥1 harv AND fact AND proc, within 5400 ticks.","No harv, fact lost, or deadline (5401 ticks).","60","5403","0","Same 1-harv-1-mid-patch setup; raider; higher cash bar","Stall → no income → LOSS. Unescorted harv → killed → LOSS."
"econ-protect-harvester-route","hard","action","rush-hour-arena","128x40","wide","observe, harvest, move_units, attack_unit, attack_move, stop","Allied base seed-rotated NORTH (y=14) or SOUTH (y=26): fact + proc + powr + 1× harv + 2× medium tank","Per-latitude mid patch @(50, 14 or 26) + 1× raider 2tnk + anti-DRAW fact","hunter (raider bot — 2tnk targets harv)","","Commander, this is a protect-harvester-route drill with seed-rotated base latitude. You hold a Construction Yard (fact), Ore Refinery (proc), Power Plant (powr), one harvester (harv, unarmed ore truck), and two medium tanks (2tnk) at either the NORTH (y=14) or SOUTH (y=26) base — the seed picks. The only ore patch is at (50, your-y); an enemy medium tank (raider bot) hunts the harvester. Within about 60 turns, deliver $1200 economy value while keeping the harvester, refinery, and Construction Yard alive.","economy_value ≥$1200 AND ≥1 harv AND fact AND proc, within 5400 ticks.","No harv, fact lost, or deadline (5401 ticks).","60","5403","0","Per-spawn 1 harv + 1 mid patch; raider hunts on matching latitude","Stall → no income → LOSS. Unescorted → harv dies → LOSS."
"econ-quantitative-vs-qualitative-spend","easy","reasoning","econ-quantitative-vs-qualitative-56x40","56x40","fit","build, place_building, move_units, attack_unit, attack_move, stop","Allied base @(8-16,20-26): fact + powr + tent + weap + fix + 2× rifle infantry HOLD-FIRE; $4500 cash","4× rifle infantry @(40,18-22) + 2× rocket infantry @(42,19/21) HUNTER (st3) + anti-DRAW enemy fact @(52,20)","hunter (st3 mixed e1/e3 rush + dog + pbox on hard)","","Commander, this is a quantitative-vs-qualitative spend drill. You hold a full Allied base — Construction Yard (fact), Power Plant (powr), Allied Barracks (tent), War Factory (weap), Service Depot (fix) — plus two starter rifle infantry on hold-fire, and $4500 cash. A mixed enemy wave of 4 riflemen plus 2 anti-tank rocket soldiers is rushing your base. The $4500 can buy a SWARM (many cheap units, e.g. 45× e1 @ $100) OR QUALITY (5× medium tank @ $850 = $4250). Within about 60 turns, kill at least 6 enemies while losing no more than 5 of your own, keeping the Construction Yard standing.","≥6 kills AND ≤5 own losses AND fact standing, within 5400 ticks.","Loss cap busted, fact lost, or deadline (5300 ticks per fail).","60","5403","4500","No income engine; $4500 spend = up to 45× $100 e1 (swarm) or 5× $850 2tnk (quality)","Pure swarm (45× e1) loses too many to e3 → loss cap busted → LOSS. Stall → fact razed → LOSS."
"econ-quantitative-vs-qualitative-spend","medium","reasoning","econ-quantitative-vs-qualitative-56x40","56x40","fit","build, place_building, move_units, attack_unit, attack_move, stop","Same Allied base + 2 starter rifle inf HOLD-FIRE; $4500","4× rifle infantry + 2× rocket infantry HUNTER + anti-DRAW fact @(52,20)","hunter (st3 mixed e1/e3 rush + dog + pbox on hard)","","Commander, this is a quantitative-vs-qualitative spend drill with a tighter loss cap. You hold a full Allied base — Construction Yard, Power Plant, Allied Barracks, War Factory, Service Depot — plus two starter rifle infantry on hold-fire, and $4500 cash. A mixed enemy wave of 4 riflemen plus 2 anti-tank rocket soldiers is rushing your base. Within about 60 turns, kill at least 6 enemies while losing no more than 4 of your own, keeping the Construction Yard standing.","≥6 kills AND ≤4 own losses AND fact standing, within 5400 ticks.","Loss cap busted, fact lost, or deadline (5300 ticks per fail).","60","5403","4500","Same $4500 budget; tighter ≤4 loss cap punishes pure swarm","Swarm loses 5+ infantry to e3 → cap busted → LOSS. Stall → fact razed → LOSS."
"econ-quantitative-vs-qualitative-spend","hard","reasoning","econ-quantitative-vs-qualitative-56x40","56x40","fit","build, place_building, move_units, attack_unit, attack_move, stop","Allied base seed-rotated NORTH (y=10) or SOUTH (y=30): fact + powr + tent + weap + fix + 2 starter rifle infantry HOLD-FIRE; $4500","NORTH spawn: 5× e1 + 1× dog + 1× pbox @x=40-44 y=8-12. SOUTH spawn: 6× e3 @x=40-42 y=28-32. Both HUNTER + anti-DRAW fact @(52,20)","hunter (st3 mixed e1/e3 rush + dog + pbox on hard)","","Commander, this is a quantitative-vs-qualitative spend drill with seed-rotated base latitude AND seed-rotated enemy composition. You hold a full Allied base on either NORTH (y=10) or SOUTH (y=30) — the seed picks — plus two starter rifle infantry on hold-fire, and $4500 cash. The enemy composition differs by spawn: NORTH faces a mixed wave with attack dogs and a pillbox; SOUTH faces a heavy anti-tank rocket soldier wall. Within about 60 turns, kill at least 6 enemies while losing no more than 4 of your own, keeping the Construction Yard standing. The right spend differs by what you face.","≥6 kills AND ≤4 own losses AND fact standing, within 5400 ticks.","Loss cap busted, fact lost, or deadline (5300 ticks per fail).","60","5403","4500","Same $4500; per-spawn enemy comp differs (mix vs all-e3); choice of swarm vs quality depends on spawn","Memorised one-shape spend (e.g. all tanks) fails on e3-heavy spawn or vice-versa → LOSS. Swarm vs e3 → cap busted → LOSS."
"econ-recover-from-zero-cash","easy","reasoning","econ-recover-from-zero-cash-48x40","48x40","fit","observe, build, place_building, harvest, move_units, stop","Allied base @(8-14,18): fact + proc + 1× harv on near patch (no powr — must build); $0 cash","Anti-DRAW enemy fact @(42,4)","passive (anti-DRAW enemy fact only)","","Commander, this is a zero-cash recovery drill. You hold a Construction Yard (fact), Ore Refinery (proc), and one harvester (harv, unarmed ore truck) on a near patch — but NO Power Plant and ZERO cash. Without power the refinery cannot process and the harv idles. Within about 70 turns, build at least one Power Plant ($300 — requires waiting for harvest income), keep the harv alive, and finish with economy value at least $1500.","economy_value ≥$1500 AND fact AND ≥1 powr AND ≥1 harv, within 6300 ticks.","No harv, fact lost, or deadline (6301 ticks).","70","6303","0","1 harv idle initially (no power); must wait for first bale income to build powr; $300 powr is minimum spend","Stall → no powr → no income → bar unmet → LOSS. Build wrong building → wastes scarce cash → LOSS."
"econ-recover-from-zero-cash","medium","reasoning","econ-recover-from-zero-cash-48x40","48x40","fit","observe, build, place_building, harvest, move_units, stop","Allied base: fact + proc + 1× harv; $0 cash","Anti-DRAW enemy fact @(42,4)","passive (anti-DRAW enemy fact only)","","Commander, this is a zero-cash recovery drill with a tighter target. You hold a Construction Yard (fact), Ore Refinery (proc), and one harvester (harv, unarmed ore truck) on a near patch — ZERO cash. Within about 70 turns, recover to economy value at least $2000 AND TWO harvesters alive (build a second harv at $1400 once cash allows), keeping the Construction Yard.","economy_value ≥$2000 AND ≥2 harvs AND fact, within 6300 ticks.","No harv, fact lost, or deadline (6301 ticks).","70","6303","0","1 harv → need to grow to 2 harvs (extra $1400 from earned income)","Stall → only 1 harv → 2-harv clause unmet → LOSS. Spend cash elsewhere → no 2nd harv → LOSS."
"econ-recover-from-zero-cash","hard","reasoning","econ-recover-from-zero-cash-48x40","48x40","fit","observe, build, place_building, harvest, move_units, stop","Allied base seed-rotated NORTH (y=14) or SOUTH (y=26): fact + proc + 1× harv on matching latitude; $0 cash","Anti-DRAW enemy fact @(42,4)","passive (anti-DRAW enemy fact only)","","Commander, this is a zero-cash recovery drill with seed-rotated base latitude AND a heavy growth target. You hold a Construction Yard (fact), Ore Refinery (proc), and one harvester (harv, unarmed ore truck) on a near patch at NORTH (y=14) or SOUTH (y=26) — ZERO cash. Within about 70 turns, recover to economy value at least $3000 AND THREE harvesters alive (build two more at $1400 each), keeping the Construction Yard.","economy_value ≥$3000 AND ≥3 harvs AND fact, within 6300 ticks.","No harv, fact lost, or deadline (6301 ticks).","70","6303","0","1 harv → grow to 3 (need $2800 + economy value)","Stall → only 1 harv → LOSS. Spend on tanks/other → no extra harvs → LOSS. Memorised opening fails on wrong spawn."
"econ-replace-dead-harvester","easy","reasoning","econ-replace-dead-harvester-64x40","64x40","fit","observe, build, place_building, harvest, move_units, stop","Allied base @(8-15,18-23): fact + proc + tent + weap + 3× harv + 2× heavy tank @(15,21/23) on Defend; $1100","1× Mammoth tank @(18,22) (in-base raider) + anti-DRAW enemy fact @(60,34)","hunter (Mammoth 4tnk in-base raider attacks harvs)","","Commander, this is a harvester-replacement drill. You hold a Construction Yard (fact), Ore Refinery (proc), Allied Barracks (tent), War Factory (weap), three harvesters (harv, unarmed ore trucks), and two heavy tanks (3tnk) on Defend orders, with $1100 cash. A Mammoth tank (4tnk — very heavy enemy raider) is already inside your base at (18,22) and will kill harvesters fast. Within about 60 turns, replace any dead harvs to maintain THREE harvs alive AND deliver economy value $1800, keeping the refinery. Building a replacement harv costs $1400 and requires the war factory.","economy_value ≥$1800 AND ≥3 harvs AND proc, within 5400 ticks.","No harv, no proc, or deadline (5401 ticks).","60","5403","1100","3 starter harvs + Mammoth in-base; weap @(12,22) is pre-placed so harv replacements ($1400) are queueable","Stall → Mammoth kills harvs → harv-count clause fails → LOSS. No tank engagement → replacements out-paced by losses → LOSS."
"econ-replace-dead-harvester","medium","reasoning","econ-replace-dead-harvester-64x40","64x40","fit","observe, build, place_building, harvest, move_units, stop","Same as easy: fact + proc + tent + weap + 3× harv + 2× heavy tank Defend; $1100","1× Mammoth + anti-DRAW fact @(60,34)","hunter (Mammoth 4tnk in-base raider attacks harvs)","","Commander, this is a harvester-replacement drill with a higher cash bar. You hold a Construction Yard (fact), Ore Refinery (proc), Allied Barracks (tent), three harvesters (harv, unarmed ore trucks), and two heavy tanks (3tnk) on Defend orders, with $1100 cash. A Mammoth tank (4tnk) is already inside your base at (18,22) and will kill harvesters. Within about 60 turns, maintain THREE harvs alive AND deliver economy value $2500.","economy_value ≥$2500 AND ≥3 harvs AND proc, within 5400 ticks.","No harv, no proc, or deadline (5401 ticks).","60","5403","1100","Same setup; tighter $2500 bar","Stall → harvs die → LOSS. Failure to neutralise Mammoth → cascading harv losses → LOSS."
"econ-replace-dead-harvester","hard","reasoning","econ-replace-dead-harvester-64x40","64x40","fit","observe, build, place_building, harvest, move_units, stop","Allied base seed-rotated NORTH (y=14) or SOUTH (y=26): fact + proc + tent + weap + 3× harv + 4× heavy tank; $3300","2× Mammoth in-base + 1× Mammoth mid-map @(60,20) + anti-DRAW fact @(60,34)","hunter (Mammoth 4tnk in-base raider attacks harvs)","","Commander, this is a harvester-replacement drill with seed-rotated base latitude and a heavier threat. You hold a Construction Yard, Ore Refinery, Allied Barracks, three harvesters, and four heavy tanks (3tnk) on Defend orders at NORTH (y=14) or SOUTH (y=26), with $3300 cash. TWO Mammoth tanks (4tnk) are already in your base plus a third at mid-map (60,20). Within about 60 turns, deliver economy value $3500 with three harvs alive by tick 3600, keeping the refinery.","economy_value ≥$3500 AND ≥3 harvs by tick 3600 AND proc, within 5400 ticks.","No harv, no proc, or deadline (5401 ticks).","60","5403","3300","3 harvs + 4× 3tnk + $3300; multi-Mammoth raid; replacements via weap (not present — must rely on combat-kill first)","Stall → Mammoths kill all harvs → LOSS. Failure to focus-fire Mammoths → cascading losses → LOSS."
"econ-resource-trade-with-self","easy","reasoning","econ-resource-trade-with-self-48x40","48x40","fit","observe, build, place_building, harvest, move_units, sell, stop","Allied base @(8-16,18-22): fact + proc + powr + 1× harv + weap (unused war factory); $500","Anti-DRAW enemy fact @(42,34)","passive (anti-DRAW enemy fact only)","","Commander, this is a resource-trade-with-self drill. You hold a Construction Yard (fact), Ore Refinery (proc), Power Plant (powr), one harvester (harv), and a War Factory (weap), with $500 cash. The `sell` order returns ~50% of a building's cost back as cash. Within about 30 turns, finish with $5500 cash — you can sell the unused war factory ($1000 back from $2000 cost) for immediate liquidity to combine with harvest income.","cash ≥$5500 AND fact AND proc, within 2700 ticks.","fact or proc lost, or deadline (2701 ticks).","30","2703","500","1 harv ~95 cr/turn; weap sellable for $1000 instant cash","Stall → income alone too slow → bar unmet → LOSS. Sell wrong building (e.g. proc) → no income → LOSS."
"econ-resource-trade-with-self","medium","reasoning","econ-resource-trade-with-self-48x40","48x40","fit","observe, build, place_building, harvest, move_units, sell, stop","Same as easy + $500","Anti-DRAW fact @(42,34)","passive (anti-DRAW enemy fact only)","","Commander, this is a resource-trade-with-self drill with a higher cash bar. You hold a Construction Yard, Ore Refinery, Power Plant, one harvester, and a War Factory, with $500 cash. The `sell` order returns half a building's cost. Within about 40 turns, finish with $7500 cash by combining sells with harvest income.","cash ≥$7500 AND fact AND proc, within 3600 ticks.","fact or proc lost, or deadline (3601 ticks).","40","3603","500","Same; $7500 bar requires sell + sustained harvest","Stall → bar unmet → LOSS. Sell proc/powr → wreck income → LOSS."
"econ-resource-trade-with-self","hard","reasoning","econ-resource-trade-with-self-48x40","48x40","fit","observe, build, place_building, harvest, move_units, sell, stop","Allied base seed-rotated NORTH (y=10) or SOUTH (y=28): fact + proc + powr + 1× harv + weap; $500","Anti-DRAW fact @(42,34)","passive (anti-DRAW enemy fact only)","","Commander, this is a resource-trade-with-self drill with seed-rotated base latitude. You hold a Construction Yard, Ore Refinery, Power Plant, one harvester, and a War Factory at NORTH (y=10) or SOUTH (y=28), with $500 cash. Within about 50 turns, finish with $9000 cash by combining sells with harvest income.","cash ≥$9000 AND fact AND proc, within 4500 ticks.","fact or proc lost, or deadline (4501 ticks).","50","4503","500","Per-spawn 1 harv + weap; $9000 bar — sells alone insufficient","Stall → bar unmet → LOSS. Wrong sell → income wrecked → LOSS."
"econ-second-base-race","easy","reasoning","econ-second-base-race-arena","128x40","wide","observe, build, place_building, move_units, harvest, stop","Allied NW base @(8-12,8-11): fact + powr + 1× harv on home patch; $2000","Enemy SE base @(102,30) (turtle bot, defensive) + 2 ore patches (rich SE @(88,30) 12000cr + small NW @(16,8) 3000cr)","turtle bot (enemy defends own base, no excursions)","","Commander, this is a second-base race drill. You hold a Construction Yard (fact), Power Plant (powr), and one harvester (harv) at the NW base, with $2000 cash. An enemy turtle is dug in at the SE base. To win, build a SECOND refinery in the region around the rich SE patch at (88,30) (radius 6) before the enemy locks it down — and reach economy value at least $2400. Building a proc requires fact + powr (you have both); cost $2000.","1 proc in radius-6 of (88,30) AND economy_value ≥$2400, within 3600 ticks.","Deadline (3601 ticks).","40","3603","2000","Home patch 3000cr small; rich SE patch 12000cr; race enemy to (88,30) with 2nd proc placement","Stall → no 2nd proc at (88,30) → location bar unmet → LOSS. Build proc at home → location clause fails → LOSS."
"econ-second-base-race","medium","reasoning","econ-second-base-race-arena","128x40","wide","observe, build, place_building, move_units, harvest, stop","Allied NW base + 1× harv; $2000","Enemy SE turtle + rich SE patch","turtle bot (enemy defends own base, no excursions)","","Commander, this is a second-base race drill with a higher cash target. You hold a Construction Yard, Power Plant, and one harvester at the NW base, with $2000 cash. An enemy turtle holds the SE base. Build a SECOND refinery in the radius-6 region around the rich SE patch at (88,30) and reach economy value at least $3500.","1 proc in radius-6 of (88,30) AND economy_value ≥$3500, within 3600 ticks.","Deadline (3601 ticks).","40","3603","2000","Same NW base; 2nd proc placement on rich SE patch; higher cash bar","Stall → location bar unmet → LOSS. Build at home → location fails → LOSS."
"econ-second-base-race","hard","reasoning","econ-second-base-race-arena","128x40","wide","observe, build, place_building, move_units, harvest, stop","Allied NW or SW base seed-rotated: fact + powr + 1× harv","Enemy on opposite corner; TWO rich patches (one each at NE+SE corners); pick whichever matches spawn","turtle bot (enemy defends own base, no excursions)","","Commander, this is a second-base race drill with seed-rotated base corner. You hold a Construction Yard, Power Plant, and one harvester at either the NW or SW corner — the seed picks. Two rich patches exist (one at (88,30) SE, one at (88,8) NE). Build a SECOND refinery in the radius-6 region of EITHER rich patch and reach economy value at least $4500.","1 proc in radius-6 of (88,30) OR (88,8) AND economy_value ≥$4500, within 3600 ticks.","Deadline (3601 ticks).","40","3603","2000","Per-spawn base; choice of EITHER rich patch for 2nd proc location","Stall → no 2nd proc → LOSS. Build at home → location fails → LOSS."
"econ-silo-vs-spend","easy","reasoning","econ-silo-vs-spend-48x40","48x40","fit","observe, build, place_building, harvest, move_units, attack_unit, attack_move, stop","Allied base @(8-14,18-20): fact + proc + powr + 1× harv on near patch; $1800","2× rifle infantry @(30,18-19) HoldFire + anti-DRAW enemy fact @(42,20)","passive (st0 e1 garrison at x=30 + anti-DRAW fact)","","Commander, this is a silo-vs-spend drill. You hold a Construction Yard (fact), Ore Refinery (proc), Power Plant (powr), and one harvester (harv) on a near patch, with $1800 cash. Two enemy riflemen sit at (40, 18..19) on hold-fire — they only fire if shot at. Within about 20 turns, satisfy at least one of: (a) build a silo, (b) kill at least 1 enemy, (c) build 2 pillboxes — AND reach economy value $1500 while keeping fact and proc. The pack tests cash conversion choice: storage, military, or defense.","(silo OR ≥1 kill OR 2 pbox) AND economy_value ≥$1500 AND fact AND proc, within 1800 ticks.","fact or proc lost, or deadline (1801 ticks).","20","1803","1800","1 harv near patch ~95 cr/turn; $1800 starting; 3 conversion options","Stall → no conversion clause met → LOSS. Spend only on procs/powr → no qualifying clause → LOSS."
"econ-silo-vs-spend","medium","reasoning","econ-silo-vs-spend-48x40","48x40","fit","observe, build, place_building, harvest, move_units, attack_unit, attack_move, stop","Allied base: fact + proc + powr + 2× harv on 2 near patches; $1800","3× rifle infantry @(30,18-20) HoldFire + anti-DRAW fact @(42,20)","passive (st0 e1 garrison at x=30 + anti-DRAW fact)","","Commander, this is a tighter silo-vs-spend drill. You hold a Construction Yard, Ore Refinery, Power Plant, and TWO harvesters on two near patches, with $1800 cash. Three enemy riflemen sit at (40, 18..20) on hold-fire. Within about 14 turns, satisfy at least one of: build a silo, kill ≥2 enemies, or build 2 pillboxes — AND reach economy value $2200 while keeping fact and proc.","(silo OR ≥2 kills OR 2 pbox) AND economy_value ≥$2200 AND fact AND proc, within 1260 ticks.","fact or proc lost, or deadline (1261 ticks).","14","1263","1800","2 harvs ~190 cr/turn; tighter clock; same 3 options","Stall → no conversion clause met → LOSS."
"econ-silo-vs-spend","hard","reasoning","econ-silo-vs-spend-48x40","48x40","fit","observe, build, place_building, harvest, move_units, attack_unit, attack_move, stop","Allied base seed-rotated NORTH (y=14) or SOUTH (y=26): fact + proc + powr + 2× harv on matching latitude patches; $1800","3× rifle infantry @(30,19-21) HoldFire + anti-DRAW fact @(42,20)","passive (st0 e1 garrison at x=30 + anti-DRAW fact)","","Commander, this is a silo-vs-spend drill with seed-rotated base latitude. You hold a Construction Yard, Ore Refinery, Power Plant, and TWO harvesters on near patches at NORTH (y=14) or SOUTH (y=26), with $1800 cash. Three enemy riflemen sit at (40, 19..21) on hold-fire. Within about 14 turns, satisfy at least one of: build a silo, kill ≥2 enemies, or build 2 pillboxes — AND reach economy value $2200 while keeping fact and proc.","(silo OR ≥2 kills OR 2 pbox) AND economy_value ≥$2200 AND fact AND proc, within 1260 ticks.","fact or proc lost, or deadline (1261 ticks).","14","1263","1800","Per-spawn 2 harvs; 3 conversion options","Stall → no clause met → LOSS. Wrong-spawn opening wastes time."
"econ-startup-from-scratch","easy","reasoning","econ-startup-from-scratch-48x40","48x40","fit","observe, deploy, build, place_building, harvest, move_units, stop","1× MCV @(20,20) + 1× ore mine @(26,20); $1900 cash; NO base built","Anti-DRAW enemy fact @(42,34)","passive (anti-DRAW enemy fact only)","","Commander, this is a startup-from-scratch drill. You hold ONE Mobile Construction Vehicle (mcv — a deployable vehicle that becomes a Construction Yard when deployed) at (20,20), with $1900 cash and an ore mine at (26,20). Deploy the MCV to spawn the fact, then build a Power Plant ($300) + Ore Refinery ($2000) + harvester ($1400) chain to get income flowing. Within about 50 turns, end with at least one refinery, at least one harvester, and economy value $800.","≥1 proc AND ≥1 harv AND economy_value ≥$800, within 4500 ticks.","Deadline (4501 ticks).","50","4503","1900","$1900 starting + need powr ($300) + proc ($2000) + harv ($1400) — must sequence carefully; build_total grows over time","Stall (no deploy) → no production → bar unmet → LOSS. Wrong build order (proc before powr) → no power, can't produce → LOSS."
"econ-startup-from-scratch","medium","reasoning","econ-startup-from-scratch-48x40","48x40","fit","observe, deploy, build, place_building, harvest, move_units, stop","1× MCV + 1 mine; $1900","Anti-DRAW fact @(42,34)","passive (anti-DRAW enemy fact only)","","Commander, this is a startup-from-scratch drill with tighter clock. You hold ONE Mobile Construction Vehicle (mcv) at (20,20), with $1900 cash and an ore mine at (26,20). Deploy, build powr + proc + harv, get mining. Within about 40 turns, end with ≥1 proc, ≥1 harv, and economy value $1200.","≥1 proc AND ≥1 harv AND economy_value ≥$1200, within 3600 ticks.","Deadline (3601 ticks).","40","3603","1900","Same setup; tighter clock + higher economy bar","Stall → bar unmet → LOSS. Wasted turns on wrong sequence → can't reach $1200 in time → LOSS."
"econ-startup-from-scratch","hard","reasoning","econ-startup-from-scratch-48x40","48x40","fit","observe, deploy, build, place_building, harvest, move_units, stop","1× MCV seed-rotated NORTH (y=14) or SOUTH (y=26) + matching latitude mine; $1900","Anti-DRAW fact @(42,34)","passive (anti-DRAW enemy fact only)","","Commander, this is a startup-from-scratch drill with seed-rotated start. You hold ONE Mobile Construction Vehicle (mcv) at either NORTH (y=14) or SOUTH (y=26) with a matching latitude ore mine, and $1900 cash. Deploy, build powr + proc + harv, get mining. Within about 45 turns, end with ≥1 proc, ≥1 harv, and economy value $1500.","≥1 proc AND ≥1 harv AND economy_value ≥$1500, within 4000 ticks.","Deadline (4001 ticks).","45","4053","1900","Per-spawn MCV+mine; sequencing as before","Stall → LOSS. Wrong build order → LOSS. Memorised deploy cell on wrong latitude → LOSS."
"econ-target-cash-amount-by-deadline","easy","reasoning","econ-target-cash-amount-by-deadline-48x40","48x40","fit","observe, build, place_building, harvest, move_units, stop","Allied base @(8-16,18-22): fact + proc + tent + powr + weap + 1× harv on near patches; $600","Anti-DRAW enemy e1 @(42,34) HoldFire","passive (anti-DRAW enemy fact only)","","Commander, this is a target-cash-by-deadline drill. You hold a Construction Yard (fact), Ore Refinery (proc), Allied Barracks (tent), Power Plant (powr), War Factory (weap), and one harvester (harv) on two near ore patches, with $600 cash. Within about 30 turns, reach $1500 cash with AT LEAST TWO harvesters alive (build a 2nd harv at $1400 from the war factory). Stalling will not reach the harv count; over-spending on other buildings will not reach the cash.","cash ≥$1500 AND ≥2 harvs, within 2700 ticks.","fact lost, no harv, or deadline (2701 ticks).","30","2703","600","1 harv ~95 cr/turn; need to build 2nd harv ($1400) and still hit $1500 cash","Stall → only 1 harv → 2-harv clause unmet → LOSS. Skip 2nd harv → bar unmet → LOSS."
"econ-target-cash-amount-by-deadline","medium","reasoning","econ-target-cash-amount-by-deadline-48x40","48x40","fit","observe, build, place_building, harvest, move_units, stop","Same: fact + proc + tent + powr + weap + 1× harv; $600","Anti-DRAW e1 @(42,34)","passive (anti-DRAW enemy fact only)","","Commander, this is a target-cash drill with a higher bar. You hold a full Allied production base — Construction Yard (fact), Ore Refinery (proc), Allied Barracks (tent), Power Plant (powr), War Factory (weap) — plus one harvester (harv), with $600 cash. Within about 51 turns, reach $5500 cash with at least two harvesters alive.","cash ≥$5500 AND ≥2 harvs, within 4500 ticks.","fact lost, no harv, or deadline (4501 ticks).","51","4593","600","Need 2nd harv + sustained income; $5500 requires patient harvest cycle","Stall → only 1 harv → LOSS. Skip 2nd harv → income too slow → LOSS."
"econ-target-cash-amount-by-deadline","hard","reasoning","econ-target-cash-amount-by-deadline-48x40","48x40","fit","observe, build, place_building, harvest, move_units, stop","Allied base seed-rotated NORTH (y=10) or SOUTH (y=28): fact + proc + tent + powr + weap + 1× harv; $600","Anti-DRAW e1 @(42,34)","passive (anti-DRAW enemy fact only)","","Commander, this is a target-cash drill with seed-rotated base latitude. You hold a full Allied production base — Construction Yard, Ore Refinery, Allied Barracks, Power Plant, War Factory — plus one harvester at NORTH (y=10) or SOUTH (y=28), with $600 cash. Within about 46 turns, reach $6500 cash with at least two harvesters alive.","cash ≥$6500 AND ≥2 harvs, within 4000 ticks.","fact lost, no harv, or deadline (4001 ticks).","46","4143","600","Per-spawn 1 harv + full prod base; need 2nd harv + sustained harvest","Stall → 1 harv only → LOSS. Wrong build sequence wastes ticks → bar unmet → LOSS."
"econ-tech-vs-expand-decision","easy","reasoning","econ-tech-vs-expand-decision-48x40","48x40","fit","observe, build, place_building, harvest, move_units, stop","Allied base @(8-16,18-22): fact + proc + powr + weap + 1× harv on near patches; $2000","Anti-DRAW enemy e1 @(42,34) HoldFire","passive (anti-DRAW enemy fact only)","","Commander, this is a tech-vs-expand decision drill. You hold a Construction Yard (fact), Ore Refinery (proc), Power Plant (powr), War Factory (weap), and one harvester (harv) on two near ore patches, with $2000 cash. The decision is to invest in TECH (more harvesters via war factory, or a Service Depot to enable higher tech) OR EXPAND (a 2nd refinery for parallel mining). Within about 30 turns, reach economy value at least $7000 while keeping the Construction Yard and refinery standing.","economy_value ≥$7000 AND fact AND ≥1 proc, within 2700 ticks.","fact or proc lost, or deadline (2701 ticks).","30","2703","2000","1 harv ~95 cr/turn; $2000 funds either 2nd harv ($1400) or 2nd proc ($2000); tech option (fix) is $1200","Stall → income too slow → LOSS. 2nd proc without 2nd harv → empty → LOSS."
"econ-tech-vs-expand-decision","medium","reasoning","econ-tech-vs-expand-decision-48x40","48x40","fit","observe, build, place_building, harvest, move_units, stop","Same: fact + proc + powr + weap + 1× harv; $2000","Anti-DRAW e1 @(42,34)","passive (anti-DRAW enemy fact only)","","Commander, this is a tech-vs-expand decision drill with a higher bar. You hold a Construction Yard, Ore Refinery, Power Plant, War Factory, and one harvester on two near patches, with $2000 cash. Within about 40 turns, reach economy value at least $9000 while keeping fact and refinery.","economy_value ≥$9000 AND fact AND ≥1 proc, within 3600 ticks.","fact or proc lost, or deadline (3601 ticks).","40","3603","2000","Same setup; $9000 bar","Stall → LOSS. Wrong investment → bar unmet → LOSS."
"econ-tech-vs-expand-decision","hard","reasoning","econ-tech-vs-expand-decision-48x40","48x40","fit","observe, build, place_building, harvest, move_units, stop","Allied base seed-rotated NORTH (y=10) or SOUTH (y=28): fact + proc + powr + weap + 1× harv; $2000","Anti-DRAW e1 @(42,34)","passive (anti-DRAW enemy fact only)","","Commander, this is a tech-vs-expand decision drill with seed-rotated base latitude. You hold a Construction Yard, Ore Refinery, Power Plant, War Factory, and one harvester at NORTH (y=10) or SOUTH (y=28), with $2000 cash. Within about 50 turns, reach economy value at least $12000.","economy_value ≥$12000 AND fact AND ≥1 proc, within 4500 ticks.","fact or proc lost, or deadline (4501 ticks).","50","4503","2000","Per-spawn 1 harv; high $12000 bar requires both tech (more harvs) and expansion","Stall → LOSS. Either tech or expand alone misses bar → LOSS."
"economy-force-buildup","easy","reasoning","economy-force-buildup-48x40","48x40","fit","build, place_building, move_units, deploy, stop","Allied base @(10-14,18-22): fact + powr + tent; $2400","Anti-DRAW enemy fact @(42,34) HoldFire","passive (anti-DRAW enemy fact at (42,34))","","Commander, this is an economy-driven force buildup. You hold a Construction Yard (fact), Power Plant (powr), and Allied Barracks (tent), with $2400 cash. Build a SECOND Power Plant ($300) to support more production, then queue at least four rocket soldiers (e3, $300 each) from the barracks. Within about 30 turns, end with 2 power plants and at least 4 rocket infantry.","≥2 powr AND ≥4 e3, within 2703 ticks.","Deadline (2703 ticks).","30","2703","2400","No harvesters — pure starting cash spend; $300 powr + 4× $300 e3 = $1500 (leaves slack)","Stall → no production → LOSS. Spend on wrong units (e1) → e3 bar unmet → LOSS."
"economy-force-buildup","medium","reasoning","economy-force-buildup-48x40","48x40","fit","build, place_building, move_units, deploy, stop","Allied base: fact + powr + tent; $1900","Anti-DRAW enemy fact","passive (anti-DRAW enemy fact at (42,34))","","Commander, this is an economy-driven force buildup with tighter cash. You hold a Construction Yard, Power Plant, and Allied Barracks, with $1900 cash. Build a second Power Plant ($300), then queue at least five rocket soldiers (e3, $300 each), keeping total own units at ≥5. Within about 28 turns.","≥2 powr AND ≥5 e3 AND own_units ≥5, within 2523 ticks.","Deadline (2523 ticks).","28","2523","1900","Same setup; tighter $1900 budget — $300 powr + 5× $300 e3 = $1800 (very tight)","Stall → LOSS. Wasted cash on wrong building → can't fit 5× e3 → LOSS."
"economy-force-buildup","hard","reasoning","economy-force-buildup-48x40","48x40","fit","build, place_building, move_units, deploy, stop","Allied base: fact + powr + tent; $2150","Anti-DRAW enemy fact","passive (anti-DRAW enemy fact at (42,34))","","Commander, this is an economy-driven force buildup with zero-loss requirement. You hold a Construction Yard, Power Plant, and Allied Barracks, with $2150 cash. Build a second Power Plant, then queue at least SIX rocket soldiers (e3) — and lose NONE. Within about 24 turns.","≥2 powr AND ≥6 e3 AND zero losses, within 2163 ticks.","Deadline (2163 ticks).","24","2163","2150","No harvs; $2150 budget; $300 powr + 6× $300 e3 = $2100 (almost exact)","Stall → LOSS. Any loss → zero-loss clause busted → LOSS."
"economy-harvest-investment","easy","reasoning","economy-harvest-investment-56x40","56x40","fit","build, place_building, harvest, move_units, deploy, stop","Allied base @(10-14,18-22): fact + proc + powr + weap + 1× harv on near patch; far mines at (40,8) and (40,28)","Anti-DRAW enemy fact @(52,34) HoldFire","passive (anti-DRAW enemy fact only)","","Commander, this is a harvest-investment drill. You hold a Construction Yard (fact), Ore Refinery (proc), Power Plant (powr), War Factory (weap), and one harvester (harv) on a near patch at (22,18), plus far ore patches at (40,8) and (40,28). With $1100 cash, the right play is to build more harvesters (each $1400) to exploit the multi-patch geography. Within about 80 turns, reach economy value $12000 with at least one own unit and refinery.","economy_value ≥$12000 AND ≥1 own unit AND proc, within 7200 ticks.","No own unit, no proc, or deadline (7200 ticks).","80","7203","1100","1 harv on near patch + 2 far patches; investment is more harvs via weap ($1400 each)","Stall → 1-harv income too slow → LOSS. Spend cash on tanks → no extra harvs → LOSS."
"economy-harvest-investment","medium","reasoning","economy-harvest-investment-56x40","56x40","fit","build, place_building, harvest, move_units, deploy, stop","Same: fact + proc + powr + weap + 1× harv; $1100","Anti-DRAW fact","passive (anti-DRAW enemy fact only)","","Commander, this is a harvest-investment drill with a higher bar. You hold a Construction Yard, Ore Refinery, Power Plant, War Factory, and one harvester on a near patch (plus two far patches at (40,8) and (40,28)), with $1100 cash. Within about 80 turns, reach economy value $17000.","economy_value ≥$17000 AND ≥1 own unit AND proc, within 7200 ticks.","No own unit, no proc, or deadline (7200 ticks).","80","7203","1100","Same setup; $17000 bar requires investing in multiple harvs","Stall → LOSS. Single harv insufficient → LOSS."
"economy-harvest-investment","hard","reasoning","economy-harvest-investment-56x40","56x40","fit","build, place_building, harvest, move_units, deploy, stop","Allied base seed-rotated NORTH (y=16) or SOUTH (y=20): fact + proc + powr + weap + 1× harv; far patches at (40,8) and (40,28); $1100","Anti-DRAW fact","passive (anti-DRAW enemy fact only)","","Commander, this is a harvest-investment drill with seed-rotated base latitude. You hold a Construction Yard, Ore Refinery, Power Plant, War Factory, and one harvester at NORTH (y=16) or SOUTH (y=20), with $1100 cash. Within about 90 turns, reach economy value $21000.","economy_value ≥$21000 AND ≥1 own unit AND proc, within 8100 ticks.","No own unit, no proc, or deadline (8100 ticks).","90","8103","1100","Per-spawn 1 harv; multi-patch geography; high $21000 bar","Stall → LOSS. Single-harv income → bar unmet → LOSS."
"economy-harvest-timebox","easy","reasoning","economy-harvest-timebox-48x40","48x40","fit","harvest, move_units, build, place_building, stop","Allied base @(8-14,18-22): fact + powr + proc + weap + 1× harv on near patches","No enemy actors","passive (no enemy listed)","","Commander, this is a timeboxed harvest drill. You hold a Construction Yard (fact), Power Plant (powr), Ore Refinery (proc), War Factory (weap), and one harvester (harv) on two near ore patches at (22,18) and (22,22), with $1100 cash. No enemies to worry about — pure harvest tempo test. Within about 22 turns, reach economy value at least $4000.","economy_value ≥$4000, within 1800 ticks.","No own unit, or deadline (1801 ticks).","22","1983","1100","1 harv ~190 cr/turn on 2 near patches; build extra harvs ($1400) to compound — but cost vs cycle tradeoff","Stall → income too slow → LOSS. All cash on harvs → can't spend within deadline → LOSS."
"economy-harvest-timebox","medium","reasoning","economy-harvest-timebox-48x40","48x40","fit","harvest, move_units, build, place_building, stop","Same: fact + powr + proc + weap + 1× harv; $1100","No enemy","passive (no enemy listed)","","Commander, this is a timeboxed harvest drill with higher bar. You hold a Construction Yard, Power Plant, Ore Refinery, War Factory, and one harvester on two near patches, with $1100 cash. Within about 35 turns, reach economy value at least $8000.","economy_value ≥$8000, within 3000 ticks.","No own unit, or deadline (3001 ticks).","35","3153","1100","Same setup; $8000 bar requires extra harv investment","Stall → LOSS. Pure harv hoard → bar unmet → LOSS."
"economy-harvest-timebox","hard","reasoning","economy-harvest-timebox-48x40","48x40","fit","harvest, move_units, build, place_building, stop","Allied base seed-rotated NORTH (y=10) or SOUTH (y=28): fact + powr + proc + weap + 1× harv on matching latitude patches + bonus mid mine; $2200","No enemy","passive (no enemy listed)","","Commander, this is a timeboxed harvest drill with seed-rotated base latitude. You hold a Construction Yard, Power Plant, Ore Refinery, War Factory, and one harvester on near patches at NORTH (y=10) or SOUTH (y=28) plus a bonus mid mine, with $2200 cash. Within about 42 turns, reach economy value at least $12000.","economy_value ≥$12000, within 3600 ticks.","No own unit, or deadline (3601 ticks).","42","3783","2200","Per-spawn 1 harv + 3 patches; $2200 funds extra harv","Stall → LOSS. Single harv on 3 patches → bar unmet → LOSS."
"economy-investment","easy","reasoning","economy-investment-48x40","48x40","fit","build, place_building, move_units, deploy, stop","Allied base @(10-14,18-22): fact + powr + proc + tent; $1700","Anti-DRAW enemy fact @(42,34)","passive (anti-DRAW enemy fact only)","","Commander, this is an investment drill. You hold a Construction Yard (fact), Power Plant (powr), Ore Refinery (proc), and Allied Barracks (tent), with $1700 cash. Build a SECOND refinery and a SECOND power plant — together $2300 (requires earning a bit more, or spending efficiently). Within about 24 turns, end with 2 refineries AND 2 power plants.","≥2 proc AND ≥2 powr, within 1893 ticks.","Deadline (1893 ticks).","24","2253","1700","No harv — starting cash 1700 vs $2300 spend needed; depends on income or careful sequencing","Stall → no new buildings → LOSS. Wrong spend (units) → building bars unmet → LOSS."
"economy-investment","medium","reasoning","economy-investment-48x40","48x40","fit","build, place_building, move_units, deploy, stop","Same: fact + powr + proc + tent; $2000","Anti-DRAW fact","passive (anti-DRAW enemy fact only)","","Commander, this is an investment drill with unit requirement. You hold a Construction Yard, Power Plant, Ore Refinery, and Allied Barracks, with $2000 cash. Build a second refinery, a second power plant, AND have at least 3 own units. Within about 26 turns.","≥2 proc AND ≥2 powr AND ≥3 own units, within 2073 ticks.","Deadline (2073 ticks).","26","2433","2000","$2000 budget; need procs/powrs + 3 units (likely 3 e1 from tent = $300)","Stall → LOSS. Wrong sequence → some bar unmet → LOSS."
"economy-investment","hard","reasoning","economy-investment-48x40","48x40","fit","build, place_building, move_units, deploy, stop","Same: fact + powr + proc + tent; $2200","Anti-DRAW fact","passive (anti-DRAW enemy fact only)","","Commander, this is an investment drill with unit-mass requirement. You hold a Construction Yard, Power Plant, Ore Refinery, and Allied Barracks, with $2200 cash. Within about 32 turns, end with at least 22 own units AND at least one refinery (likely build 22 rifle infantry $100 = $2200 from the barracks).","own_units ≥22 AND ≥1 proc, within 2613 ticks.","Deadline (2613 ticks).","32","2973","2200","$2200 funds exactly 22× e1 ($100 each); barracks must produce continuously","Stall → LOSS. Wrong unit choice (e3 at $300) → only 7 units → LOSS."
"economy-time-box","easy","reasoning","economy-time-box-48x40","48x40","fit","build, place_building, move_units, deploy, stop","Allied base @(10-14,18-22): fact + powr + tent; $4000","Anti-DRAW enemy fact @(42,34)","passive (anti-DRAW enemy fact only)","","Commander, this is a timeboxed buildup. You hold a Construction Yard (fact), Power Plant (powr), and Allied Barracks (tent), with $4000 cash. Build at least 4 own units AND grow building total to at least 4 (one more building). Within about 60 turns.","own_units ≥4 AND building_total ≥4, within 5000 ticks.","fact lost, or deadline (5001 ticks).","60","5403","4000","No harv — $4000 starting; cheap units (e1 $100) easy; need 1 extra building ($300 powr)","Stall → no units/no extra building → LOSS."
"economy-time-box","medium","reasoning","economy-time-box-48x40","48x40","fit","build, place_building, move_units, deploy, stop","Same: fact + powr + tent; $2400","Anti-DRAW fact","passive (anti-DRAW enemy fact only)","","Commander, this is a timeboxed buildup with tighter cash. You hold a Construction Yard, Power Plant, and Allied Barracks, with $2400 cash. Build at least 5 own units AND grow building total to at least 4. Within about 70 turns.","own_units ≥5 AND building_total ≥4, within 5500 ticks.","fact lost, or deadline (5501 ticks).","70","6303","2400","Same; $2400 + need 5 units + 1 building","Stall → LOSS. Wrong spend → some bar unmet → LOSS."
"economy-time-box","hard","reasoning","economy-time-box-48x40","48x40","fit","build, place_building, move_units, deploy, stop","Same: fact + powr + tent; $1700","Anti-DRAW fact","passive (anti-DRAW enemy fact only)","","Commander, this is a timeboxed buildup with zero losses. You hold a Construction Yard, Power Plant, and Allied Barracks, with $1700 cash. Build at least 6 own units AND grow building total to at least 5 — lose NONE. Within about 80 turns.","own_units ≥6 AND building_total ≥5 AND zero losses, within 6500 ticks.","fact lost, any loss, or deadline (6501 ticks).","80","7203","1700","Same; tightest $1700 + 6 units + 2 extra buildings","Stall → LOSS. Any loss → LOSS. Wrong sequence → bar unmet → LOSS."
