"pack","level","capability","map_name","map_size","map_fit","tools","agent_force","enemy_force","enemy_posture","posture_issue","briefing_RA","win_condition","lose_condition","max_turns","tick_budget","starting_cash","tech_chain","build_time_check","leak_flag","production_audit_issue"
"build-engineer-rebuild-after-loss","easy","reasoning","rush-hour-arena","128x40","large-trivial","observe, build, place_building, harvest, move_units, attack_unit, stop","Construction Yard @(8,18) + Refinery @(10,18) + War Factory @(12,18) + LOW-HP (15%) Power Plant @(14,18) + Harvester @(10,20) + ore patch @(22,18) + 1× heavy tank (3tnk) defender @(16,22); $500 cash","1× heavy tank (4tnk) @(15,18) on Attack-Anything adjacent to the low-HP Power Plant; sentinel Construction Yard @(120,20)","enemy 4tnk st3 adjacent to low-HP powr; matches briefing — one-shot kill is the test","","Commander, this is a disaster-recovery replan. You inherit a complete production base — Construction Yard, Refinery, War Factory, Power Plant, Harvester with an ore patch — and one heavy tank defender. Cash $500. The Power Plant is at 15% HP and a single enemy heavy tank sits ADJACENT to it on Attack-Anything orders — the plant WILL be destroyed in the opening seconds. Your defender tank will engage the striker eventually. Win: the Power Plant must be DESTROYED, then REBUILT, AND a Refinery must still stand at the end, within about 30 turns. Stalling, ignoring the rebuild, or spending the reserve on army units all miss the bar.","then-latch: Power Plant destroyed → Power Plant rebuilt, AND a Refinery stands, within 2700 ticks.","Construction Yard destroyed, or deadline (2701 ticks).","30","2703","500","powr (rebuild only — proc/weap/fix pre-placed)","ok (powr 6s rebuild, 30-turn ceiling)","clean",""
"build-engineer-rebuild-after-loss","medium","reasoning","rush-hour-arena","128x40","large-trivial","observe, build, place_building, harvest, move_units, attack_unit, stop","Same base — fact/proc/weap/low-HP powr/harv/ore + 1× heavy tank (3tnk) defender; $500","TWO heavy tanks (4tnk) @(15,17) and @(15,19) on Attack-Anything beside the low-HP Power Plant — the second tank guarantees the kill and lingers to engage a too-close rebuild","enemy 4tnk×2 st3 adjacent to low-HP powr; matches briefing","","Commander, this is a disaster-recovery replan under heavier pressure. Same inherited base — Construction Yard, Refinery, War Factory, low-HP Power Plant, Harvester, ore patch, one heavy tank defender — and $500 cash. TWO enemy heavy tanks sit adjacent to the Power Plant; the plant falls on turn 1 and both attackers linger to engage a fresh plant placed too close. Win: the Power Plant must be DESTROYED, then REBUILT (somewhere safe from the lingering attackers), AND a Refinery must still stand, within about 30 turns.","then-latch: Power Plant destroyed → Power Plant rebuilt, AND a Refinery stands, within 2700 ticks.","Construction Yard destroyed, or deadline (2701 ticks).","30","2703","500","powr (rebuild only, with safe placement axis)","ok (powr 6s rebuild, 30-turn ceiling)","clean",""
"build-engineer-rebuild-after-loss","hard","reasoning","rush-hour-arena","128x40","large-trivial","observe, build, place_building, harvest, move_units, attack_unit, stop","Same base layout (fact/proc/weap/low-HP powr/harv/3tnk defender) flips NORTH (y=18) or SOUTH (y=26) by seed; $500","2× heavy tank (4tnk) duplicated at BOTH latitudes (y=17/19 NORTH; y=25/27 SOUTH); the on-latitude tanks kill the active powr, the off-latitude pair sits at the filtered-out dormant cells","enemy 4tnk×2 st3 duplicated both latitudes; matches briefing","","Commander, this is a disaster-recovery replan with seed-rotated staging. Your base — Construction Yard, Refinery, War Factory, low-HP Power Plant, Harvester, ore patch, one heavy tank defender — may stage at the NORTH (y=18) or SOUTH (y=26) latitude depending on seed. TWO enemy heavy tanks at your latitude raze the Power Plant on turn 1. Read the Construction Yard's position, rebuild the Power Plant adjacent to it on the safe side from the strike. Win: destroyed-then-rebuilt Power Plant AND a surviving Refinery, within about 30 turns.","then-latch: Power Plant destroyed → Power Plant rebuilt, AND a Refinery stands, within 2700 ticks.","Construction Yard destroyed, or deadline (2701 ticks).","30","2703","500","powr (rebuild, latitude-dependent placement)","ok (powr 6s rebuild, 30-turn ceiling)","clean",""
"build-power-down-defensive","easy","reasoning","rush-hour-arena","128x40","large-trivial","observe, power_down, sell, stop","fact @(10,18) + powr @(14,18) + proc @(10,22) + tent @(14,22) + barr @(18,22) + weap @(10,26) + dome @(14,26) — provided 100 / drained 140 / surplus −40; $1000","sentinel Construction Yard @(120,20)","no enemy combat — far-east sentinel only","","Commander, this is a load-shedding drill. Your base is OVERDRAWN by 40 power — one Power Plant provides 100, five drainers (Refinery, Barracks, Soviet Barracks, War Factory, Radar Dome) consume 140 total, leaving net surplus −40 (production runs at half speed in low-power). Use `power_down` (a reversible toggle) to shed enough non-essential load to restore non-negative surplus. Do NOT `sell` any building — every drainer must still stand at the end. Do NOT power-down the Power Plant — gross provided power must stay at least 100. Deadline about 40 turns.","Surplus ≥ 0 AND provided power ≥ 100 AND all 7 buildings stand, within 3600 ticks.","Construction Yard or Refinery destroyed, or deadline (3601 ticks).","40","3603","1000","no builds — power_down toggle only","ok (toggle-only, no build chain)","clean",""
"build-power-down-defensive","medium","reasoning","rush-hour-arena","128x40","large-trivial","observe, power_down, sell, stop","Same 7 buildings + fix @(18,26) + hpad @(22,22) — provided 100 / drained 180 / surplus −80; $1000","sentinel Construction Yard @(120,20)","no enemy combat","","Commander, this is a heavier load-shedding drill. Same lone Power Plant (+100) carrying now NINE drainers — Refinery (−30), Allied Barracks (−20), Soviet Barracks (−20), War Factory (−30), Radar Dome (−40), Service Depot (−30), Helipad (−10) — totalling −180. Net surplus −80. No single power-down restores the grid; combinations required. Use `power_down` (reversible) on the right combination so net surplus reaches 0 without selling anything, and without powering down the lone Power Plant. Deadline about 36 turns.","Surplus ≥ 0 AND provided ≥ 100 AND all 9 buildings stand, within 3240 ticks.","Construction Yard or Refinery destroyed, or deadline (3241 ticks).","36","3243","1000","no builds — power_down toggle only","ok (toggle-only, no build chain)","clean",""
"build-power-down-defensive","hard","reasoning","rush-hour-arena","128x40","large-trivial","observe, power_down, sell, stop","Same 9-building base flips NORTH (y=12) or SOUTH (y=28) by seed + inert HoldFire e1 spawn-witness per group; $1000","sentinel Construction Yard @(120,20)","no enemy combat","","Commander, this is a load-shedding drill with seed-rotated staging. One Power Plant (+100 power) carries NINE drainers totalling −180 (net surplus −80). Your base latitude flips between NORTH (y=12) and SOUTH (y=28) by seed. The building IDs you must power-down sit at spawn-specific cells — read them from the observation. No single power-down closes the gap; combinations required. Use `power_down` (a reversible toggle) so net surplus reaches 0; do NOT sell anything; do NOT power-down the Power Plant. Deadline about 36 turns.","Surplus ≥ 0 AND provided ≥ 100 AND all 9 buildings stand, within 3240 ticks.","Construction Yard or Refinery destroyed, or deadline (3241 ticks).","36","3243","1000","no builds — power_down toggle only","ok (toggle-only, no build chain)","clean",""
"build-power-online-first","easy","reasoning","rush-hour-arena","128x40","large-trivial","observe, build, place_building, stop","Construction Yard @(20,20); $1900","sentinel Construction Yard @(120,20)","no enemy combat","","Commander, this is a grid bring-up drill. You start with ONE building — a Construction Yard — and $1900. There is no Power Plant, no Refinery, no infantry. Stand up a Power Plant (Power Plant, cost 300) and an Ore Refinery (cost 1400), in that order — the Refinery requires power as an engine prerequisite. About 40 turns. Stalling, attempting the Refinery before the Power Plant, or building an army instead all miss the clock.","then-latch: own a Power Plant → own a Refinery, within 3600 ticks.","Construction Yard destroyed, or deadline (3601 ticks).","40","3603","1900","powr → proc","ok (34s critical-path, 40 turns budget)","clean",""
"build-power-online-first","medium","reasoning","rush-hour-arena","128x40","large-trivial","observe, build, place_building, stop","Construction Yard @(20,20); $1750 (tighter — $50 slack over $1700 minimal chain)","sentinel Construction Yard @(120,20)","no enemy combat","","Commander, this is a grid bring-up drill on a tight budget. You start with one Construction Yard and $1750 — exactly $50 over the cost of a Power Plant plus a Refinery. Build the Power Plant ($300) first, then the Refinery ($1400) — the Refinery requires power. Tighter clock about 32 turns. Wrong-order or wasted-cash attempts overrun.","then-latch: Power Plant → Refinery, within 2880 ticks.","Construction Yard destroyed, or deadline (2881 ticks).","32","2883","1750","powr → proc","ok (34s critical-path, 32 turns budget — tight)","clean",""
"build-power-online-first","hard","reasoning","rush-hour-arena","128x40","large-trivial","observe, build, place_building, stop","Construction Yard flips NORTH (y=12) or SOUTH (y=28) by seed + inert HoldFire e1 spawn-witness per group; $1750","sentinel Construction Yard @(120,20)","no enemy combat","","Commander, this is a grid bring-up drill on a tight budget with seed-rotated staging. One Construction Yard, $1750 (just $50 over the minimal chain), no power, no economy. Your yard may sit in the NORTH or SOUTH band — read its position, build the Power Plant adjacent to it, then the Refinery (which requires power). About 32 turns.","then-latch: Power Plant → Refinery, within 2880 ticks.","Construction Yard destroyed, or deadline (2881 ticks).","32","2883","1750","powr → proc","ok (34s critical-path, 32 turns budget — tight)","clean",""
"build-production-throughput-multibuilding","easy","reasoning","rush-hour-arena","128x40","large-trivial","observe, build, place_building, stop","fact + 2× powr + proc + fix + ONE weap @(10..19, 20-23); $9000","sentinel Construction Yard @(120,20)","no enemy combat — pure throughput test","","Commander, this is a manufacturing-throughput drill. Your base — Construction Yard, two Power Plants, Refinery, Service Depot, and ONE War Factory — has $9000 cash. Field SIX Medium Tanks within about 30 turns. One War Factory is a single serial production line and cannot meet the quota alone. Cash covers a SECOND War Factory ($2000). Production buildings of the same category run in parallel (a second factory doubles the per-tick output of the Vehicle queue). The deadline is the binding constraint, not money.","≥6 Medium Tanks AND Construction Yard standing, within 2700 ticks.","Construction Yard destroyed, or deadline (2701 ticks).","35","3153","9000","weap (2nd factory) + 2tnk × 6","build-time-over-budget:48s>35t (single-factory) — DESIGNS for parallel: with 2 weap saturated the effective time is ~24-26s, fits","clean","build-time-over-budget:48s>35t"
"build-production-throughput-multibuilding","medium","reasoning","rush-hour-arena","128x40","large-trivial","observe, build, place_building, stop","Same base — fact + 2× powr + proc + fix + ONE weap; $9000","sentinel Construction Yard @(120,20)","no enemy combat","","Commander, this is a manufacturing-throughput drill at a tighter deadline. Same base — Construction Yard, two Power Plants, Refinery, Service Depot, ONE War Factory — and $9000. Field SIX Medium Tanks within about 29 turns (tick 2613). One factory hits the 5-tank mark by the deadline but not 6. Build a second War Factory and saturate both queues.","≥6 Medium Tanks AND Construction Yard standing, within 2613 ticks.","Construction Yard destroyed, or deadline (2614 ticks).","33","2973","9000","weap (2nd factory) + 2tnk × 6","build-time-over-budget:48s>33t — parallel weap is the design","clean","build-time-over-budget:48s>35t"
"build-production-throughput-multibuilding","hard","reasoning","rush-hour-arena","128x40","large-trivial","observe, build, place_building, stop","Same base flips NORTH (y=14) or SOUTH (y=26) by seed + inert HoldFire e1 spawn-witness per group; $9000","sentinel Construction Yard @(120,20)","no enemy combat","","Commander, this is a manufacturing-throughput drill with seed-rotated staging. Same base — Construction Yard, two Power Plants, Refinery, Service Depot, one War Factory — at either NORTH (y=14) or SOUTH (y=26) depending on seed. $9000. Field SIX Medium Tanks within about 29 turns. Read your War Factory's position; build the second factory adjacent to it.","≥6 Medium Tanks AND Construction Yard standing, within 2613 ticks.","Construction Yard destroyed, or deadline (2614 ticks).","33","2973","9000","weap (2nd factory) + 2tnk × 6","build-time-over-budget:48s>33t — parallel weap is the design","clean","build-time-over-budget:48s>35t"
"build-rally-point-management","easy","action","rush-hour-arena","128x40","large-trivial","observe, build, set_rally_point, stop","Construction Yard @(20,20) + Power Plant @(22,22) + Barracks @(24,22); $1500","enemy Barracks @(62,20) (unarmed kill target) + sentinel Construction Yard @(120,20)","enemy barr unarmed; matches briefing — far-east marker has no return fire","","Commander, this is a production-logistics drill. Your base — Construction Yard, Power Plant, Barracks — sits at (20,20) with $1500. An enemy Barracks (unarmed kill target) sits at the forward zone (62,20), roughly 38 cells east. Get at least three of your own units into a radius-5 disc around (62,20) and kill one enemy, within about 30 turns. By default, units produced from the Barracks pile up next to it; you have one tool that re-routes EVERY subsequent unit (a building-scoped rally point order) plus the cheap rifle infantry training.","≥3 units within radius 5 of (62,20) AND ≥1 enemy killed, within 2700 ticks.","Construction Yard destroyed, or deadline (2701 ticks).","30","2703","1500","e1 × 3+ (no factory build chain — train only)","ok (e1 5s × 3 = 15s, plus march ~38 cells)","clean",""
"build-rally-point-management","medium","action","rush-hour-arena","128x40","large-trivial","observe, build, set_rally_point, stop","Same base — fact + powr + tent @(20-24, 20-22); $1500","enemy Barracks @(62,20) + sentinel Construction Yard @(120,20)","enemy barr unarmed","","Commander, this is a production-logistics drill with a tighter clock. Same base (Construction Yard, Power Plant, Barracks at (20,20)..(24,22)) and $1500. Same enemy Barracks at the forward zone (62,20). Three of your units in the disc, one enemy killed, within about 21 turns. A few stall turns before re-routing production miss the window.","≥3 units within radius 5 of (62,20) AND ≥1 enemy killed, within 1900 ticks.","Construction Yard destroyed, or deadline (1901 ticks).","22","1983","1500","e1 × 3+","ok (e1 5s × 3 = 15s; tight march budget)","clean",""
"build-rally-point-management","hard","action","rush-hour-arena","128x40","large-trivial","observe, build, set_rally_point, stop","Same base flips NORTH (y=14-16) or SOUTH (y=26-28) by seed + inert HoldFire e1 spawn-witness per group; $1500","enemy Barracks @(62,20) at centreline (always places) + sentinel Construction Yard @(120,20)","enemy barr unarmed","","Commander, this is a production-logistics drill with seed-rotated staging. Your base — Construction Yard, Power Plant, Barracks — may sit in the NORTH (y≈16) or SOUTH (y≈28) band depending on seed. $1500. The forward zone (62,20) on the centreline is fixed; the enemy Barracks is parked there for both seeds. Three of your units in the disc, one enemy killed, within about 21 turns.","≥3 units within radius 5 of (62,20) AND ≥1 enemy killed, within 1900 ticks.","Construction Yard destroyed, or deadline (1901 ticks).","22","1983","1500","e1 × 3+ (latitude-varied origin)","ok (e1 5s × 3 = 15s; tight march budget)","clean",""
"build-repair-priority-under-fire","easy","reasoning","rush-hour-arena","128x40","large-trivial","observe, repair","proc @(20,8) + weap @(20,20) + pre-damaged pbox @(20,32) at 30% HP + fix @(44,20) + fact @(48,20); $8000","3× grenadier @(20,4) on the proc (lethal); 4× grenadier @(20,36) on the pbox (decoy, low chip); sentinel fact @(120,20)","enemy e2 (grenadier) st3; matches briefing — bands engage own-latitude buildings","","Commander, this is a disaster-recovery triage drill. Three of your buildings are under attrition: a Refinery in the north (under three grenadiers), a War Factory at the centre (no direct attackers yet), and a Pillbox in the south (already damaged to about 30% HP, looks worst but is heavily armoured and ignores the four grenadiers chipping it). The Refinery is on a LETHAL trajectory — it dies in a few turns without help. Toggle REPAIR on the right building(s). Win when both the Refinery AND the War Factory are still standing after turn 14, and before turn 27.","Refinery alive AND War Factory alive, between tick 1200 and 2400.","Refinery or War Factory destroyed, or deadline (2401 ticks).","28","2523","8000","no builds — repair only","ok (repair toggle, no build chain)","clean",""
"build-repair-priority-under-fire","medium","reasoning","rush-hour-arena","128x40","large-trivial","observe, repair","Same three buildings (proc N, weap C, pre-damaged pbox S) + fix + fact rear; $8000","3× grenadier on proc + 2× grenadier on weap (NEW lethal axis) + 4× grenadier on pbox (still decoy); sentinel","enemy e2 st3 on three latitudes","","Commander, this is a disaster-recovery triage drill at heavier weight. Same three buildings — Refinery (north), War Factory (centre), pre-damaged Pillbox (south, 30% HP, the decoy). Both the Refinery AND the War Factory are now on lethal trajectories (a separate grenadier band sits on the War Factory). Two repair targets, one repair organ — but the engine lets you toggle repair on more than one building. Keep BOTH the Refinery and the War Factory alive between turn 19 and about turn 30.","Refinery AND War Factory alive, between tick 1700 and 2700.","Refinery or War Factory destroyed, or deadline (2701 ticks).","31","2793","8000","no builds — repair only","ok (repair toggle)","clean",""
"build-repair-priority-under-fire","hard","reasoning","rush-hour-arena","128x40","large-trivial","observe, repair","Base flips WEST (x=20) or EAST (x=70) by seed — both bands and three target buildings duplicated per spawn; $8000","Same three grenadier bands at the active longitude (per-owner spawn_point on enemy side); sentinel","enemy e2 st3 with per-owner spawn_point; matches briefing","","Commander, this is a disaster-recovery triage drill with seed-rotated staging. Three buildings under attrition — Refinery, War Factory, pre-damaged Pillbox decoy. Your base stages at either the WEST (x=20) or EAST (x=70) longitude depending on seed; the matching grenadier bands follow. Keep the Refinery and the War Factory alive between turn 19 and about turn 30.","Refinery AND War Factory alive, between tick 1700 and 2700.","Refinery or War Factory destroyed, or deadline (2701 ticks).","31","2793","8000","no builds — repair only","ok (repair toggle)","clean",""
"build-sell-and-rebuild-elsewhere","easy","reasoning","rush-hour-arena","128x40","large-trivial","observe, sell, build, place_building","Safe NW Construction Yard @(4,4) + Power Plant @(4,9); EXPOSED forward Refinery @(60,20); $800","2× rifle infantry @(110,20) Attack-Anything (hunt bot); sentinel fact @(125,20)","enemy hunt e1 st3 on centre lane; matches briefing","","Commander, this is a capital-reallocation drill. Your safe north-west corner has a Construction Yard and a Power Plant. A forward Refinery sits exposed at (60,20) on the centre lane, in the path of two rifle infantry approaching from the east on hunt orders — the forward Refinery will be razed within roughly 25-30 turns. Cash $800. Win: own a Refinery near (16,8) in the safe north-west pocket AND keep the Construction Yard, within about 50 turns. Note: a new Refinery costs $1400 — more than your starting cash. Selling a building refunds half its build cost.","Refinery within radius 6 of (16,8) AND Construction Yard standing, within 4500 ticks.","Construction Yard destroyed, or deadline (4501 ticks).","60","5403","800","proc (rebuild at safe region)","unaffordable-without-sell:cost=1400,have=800; refund 700 closes the gap","clean","unaffordable:need=1400,have=800,proj=800"
"build-sell-and-rebuild-elsewhere","medium","reasoning","rush-hour-arena","128x40","large-trivial","observe, sell, build, place_building","Same safe NW base + exposed forward Refinery @(60,20); $700 (exactly half a proc)","3× rifle infantry @(110,20) Attack-Anything (heavier hunt band); sentinel fact @(125,20)","enemy hunt e1 st3","","Commander, this is a capital-reallocation drill on a tighter budget. Same safe NW corner (Construction Yard + Power Plant) and exposed forward Refinery at (60,20). A heavier hunt band — three riflemen — closes from the east and razes the forward Refinery in roughly 20 turns. Cash $700 (exactly half a Refinery's cost). Win: a Refinery near (16,8) AND the Construction Yard alive, within about 50 turns.","Refinery within radius 6 of (16,8) AND Construction Yard standing, within 4500 ticks.","Construction Yard destroyed, or deadline (4501 ticks).","60","5403","700","proc (rebuild at safe region)","unaffordable-without-sell:cost=1400,have=700; refund 700 closes the gap exactly","clean","unaffordable:need=1400,have=800,proj=800"
"build-sell-and-rebuild-elsewhere","hard","reasoning","rush-hour-arena","128x40","large-trivial","observe, sell, build, place_building","Safe NW base @(4,4)/(4,9) (spawn 0) OR safe SW base @(4,36)/(4,31) (spawn 1) by seed + inert HoldFire e1 spawn-witness per group; exposed forward proc @(60,20) — always places; $700","3× rifle infantry @(110,20) Attack-Anything; sentinel fact @(125,20)","enemy hunt e1 st3","","Commander, this is a capital-reallocation drill with seed-rotated staging. Your safe base stages at either the NORTH corner (y=4) or SOUTH corner (y=36) depending on seed; the forward exposed Refinery is on the centre lane (60,20) for both seeds. Three riflemen close from the east. $700. Win: a Refinery at the safe corner of YOUR latitude (radius 6 of (16,8) for NORTH, (16,36) for SOUTH) AND your Construction Yard alive, within about 50 turns.","Refinery at matching-latitude safe region AND Construction Yard standing, within 4500 ticks.","Construction Yard destroyed, or deadline (4501 ticks).","60","5403","700","proc (latitude-matched relocation)","unaffordable-without-sell:cost=1400,have=700","clean","unaffordable:need=1400,have=800,proj=800"
"build-sequence-tech-cheapest","easy","reasoning","rush-hour-arena","128x40","large-trivial","observe, build, place_building","Construction Yard @(10,18); $3750 (fixed, no ore, no income)","sentinel Construction Yard @(115,30)","no enemy combat","","Commander, this is a cost-minimal build-order drill. You start with ONE building — a Construction Yard — and $3750 cash. There is no ore patch and no harvester, so the starting cash is the entire budget. Build a War Factory (cost 2000) — which requires a Refinery (cost 1400) — which requires a Power Plant (cost 300). Deadline about 36 turns. The chain must be built in the prerequisite order.","then-latch: Power Plant → Refinery → War Factory, within 3200 ticks.","Construction Yard destroyed, or deadline (3201 ticks).","40","3603","3750","powr → proc → weap (66s critical-path)","build-time-over-budget:66s>40t — flagged conservatively; engine measured ~74t fits","clean","build-time-over-budget:66s>40t"
"build-sequence-tech-cheapest","medium","reasoning","rush-hour-arena","128x40","large-trivial","observe, build, place_building","Construction Yard @(10,18); $3720 (only $20 slack)","sentinel Construction Yard @(115,30)","no enemy combat","","Commander, this is a cost-minimal build-order drill on a tighter budget. One Construction Yard and $3720 — only $20 of slack over the minimum chain ($3700 = $300 + $1400 + $2000). No ore, no income. Build a War Factory via Power Plant then Refinery. About 36 turns.","then-latch: Power Plant → Refinery → War Factory, within 3200 ticks.","Construction Yard destroyed, or deadline (3201 ticks).","40","3603","3720","powr → proc → weap","build-time-over-budget:66s>40t — same as easy","clean","build-time-over-budget:66s>40t"
"build-sequence-tech-cheapest","hard","reasoning","rush-hour-arena","128x40","large-trivial","observe, build, place_building","Construction Yard flips NORTH (y=14) or SOUTH (y=26) by seed + inert e1 (st2, no move tool) spawn-witness per group; $3720","sentinel Construction Yard @(115,30)","no enemy combat","","Commander, this is a cost-minimal build-order drill with seed-rotated staging. One Construction Yard at NORTH (y=14) or SOUTH (y=26) by seed; $3720; no ore, no income. Read the yard's position, build Power Plant → Refinery → War Factory adjacent to it. About 36 turns.","then-latch: Power Plant → Refinery → War Factory, within 3200 ticks.","Construction Yard destroyed, or deadline (3201 ticks).","40","3603","3720","powr → proc → weap","build-time-over-budget:66s>40t — flagged conservatively","clean","build-time-over-budget:66s>40t"
"build-sequence-tech-fastest","easy","reasoning","rush-hour-arena","128x40","large-trivial","observe, build, place_building","Construction Yard @(10,18) + 2× ore patches @(22,18)/(22,22); $5000","sentinel Construction Yard @(115,30)","no enemy combat","","Commander, this is a fastest-build-order drill. One Construction Yard, $5000, and a near-base ore patch. Build a War Factory by following the prerequisite chain: Power Plant first (needed for the Refinery and the rest of the grid), then the Refinery, then the War Factory. Detours into other buildings (a barracks, a second power plant) waste both cash and queue time and bust the clock. About 34 turns.","then-latch: Power Plant → Refinery → War Factory, within 3000 ticks.","Construction Yard destroyed, or deadline (3001 ticks).","40","3603","5000","powr → proc → weap (66s critical-path)","build-time-over-budget:66s>40t — empirically fits at ~74t with measured timings (tick 2613 ~ 29 turns)","clean","build-time-over-budget:66s>40t"
"build-sequence-tech-fastest","medium","reasoning","rush-hour-arena","128x40","large-trivial","observe, build, place_building","Same — fact + 2× ore patches; $5000","sentinel Construction Yard @(115,30)","no enemy combat","","Commander, this is a fastest-build-order drill on a tight clock. One Construction Yard, $5000, near-base ore. Power Plant → Refinery → War Factory in order. Deadline tightens to about 31 turns; a detour overruns.","then-latch: Power Plant → Refinery → War Factory, within 2800 ticks.","Construction Yard destroyed, or deadline (2801 ticks).","35","3153","5000","powr → proc → weap","build-time-over-budget:66s>35t — measured fits at 29 turns intended","clean","build-time-over-budget:66s>40t"
"build-sequence-tech-fastest","hard","reasoning","rush-hour-arena","128x40","large-trivial","observe, build, place_building","Construction Yard flips NORTH (y=14) or SOUTH (y=26) by seed + per-spawn e1 sentry + ore patches duplicated at both latitudes; $5000","sentinel Construction Yard @(115,30)","no enemy combat","","Commander, this is a fastest-build-order drill with seed-rotated staging. One Construction Yard at NORTH or SOUTH (by seed) with $5000 and adjacent ore. Read the yard's position, build Power Plant → Refinery → War Factory in order. About 31 turns.","then-latch: Power Plant → Refinery → War Factory, within 2800 ticks.","Construction Yard destroyed, or deadline (2801 ticks).","35","3153","5000","powr → proc → weap","build-time-over-budget:66s>35t — measured fits","clean","build-time-over-budget:66s>40t"
"build-sequence-tech-most-resilient","easy","reasoning","rush-hour-arena","128x40","large-trivial","observe, build, place_building, harvest, move_units, stop","fact @(8,18) + proc @(12,18) + fix @(16,18) + harv @(12,22) + ore patch @(20,22) + EXPOSED powr @(40,18); $6000","scheduled_events: destroy_actors at tick 1500 region (40,18,r=6) razes the exposed powr; sentinel fact @(115,30)","enemy is scheduled-event strike only — no scripted bot","","Commander, this is a resilient build-order drill. You inherit a base — Construction Yard, Refinery, Service Depot, Ore Truck on an ore patch — and ONE exposed Power Plant pushed forward at (40,18). $6000 cash. An enemy strike will raze that forward Power Plant around turn 17 (tick 1500). If it is your only Power Plant when the strike lands, your grid goes negative, production halves, and the tank quota misses the deadline. Win: own a Power Plant, then a War Factory (in order), still own a Power Plant at the end, field three Medium Tanks, Construction Yard standing, within about 60 turns.","then-latch: powr → weap, AND ≥1 powr alive AND ≥3 Medium Tanks AND fact alive, within 5400 ticks.","Construction Yard destroyed, or deadline (5401 ticks).","60","5403","6000","powr (redundant) → weap → 2tnk×3","ok with parallel queues — Building serial powr+weap = 46s, Vehicle parallel 16s/tank with overlap","clean",""
"build-sequence-tech-most-resilient","medium","reasoning","rush-hour-arena","128x40","large-trivial","observe, build, place_building, harvest, move_units, stop","Same base + exposed forward powr; $6000","Same scheduled strike at tick 1500; sentinel","scheduled-event strike","","Commander, this is a resilient build-order drill on a tighter clock. Same inherited base (Construction Yard, Refinery, Service Depot, Ore Truck) plus one exposed forward Power Plant at (40,18). Same tick-1500 strike. $6000. Deadline tightens to about 50 turns; commit the redundant Power Plant early.","then-latch: powr → weap, AND ≥1 powr alive AND ≥3 Medium Tanks AND fact alive, within 4500 ticks.","Construction Yard destroyed, or deadline (4501 ticks).","50","4503","6000","powr (redundant) → weap → 2tnk×3","ok (parallel queues, 50-turn budget)","clean",""
"build-sequence-tech-most-resilient","hard","reasoning","rush-hour-arena","128x40","large-trivial","observe, build, place_building, harvest, move_units, stop","Full base + exposed forward powr flips NORTH (y=12) or SOUTH (y=26) by seed; strike regions duplicated per latitude; ore patches per latitude; $6000","Two scheduled destroy_actors at tick 1500 — region (40,12,r=6) AND (40,26,r=6); only the active-latitude strike hits anything; sentinel @(115,33)","scheduled-event strike","","Commander, this is a resilient build-order drill with seed-rotated staging. Same base (Construction Yard, Refinery, Service Depot, Ore Truck) plus exposed forward Power Plant — all may sit in the NORTH (y=12) or SOUTH (y=26) band. The mid-episode strike at tick 1500 razes the exposed Power Plant at your active latitude. $6000, about 50 turns to land Power Plant → War Factory, keep a Power Plant alive, field three Medium Tanks.","then-latch: powr → weap, AND ≥1 powr alive AND ≥3 Medium Tanks AND fact alive, within 4500 ticks.","Construction Yard destroyed, or deadline (4501 ticks).","50","4503","6000","powr (redundant, latitude-matched) → weap → 2tnk×3","ok (parallel queues, 50-turn budget)","clean",""
"build-tech-skip-decision","easy","reasoning","rush-hour-arena","128x40","large-trivial","observe, build, place_building, move_units, attack_move, stop","Construction Yard @(10,20) + Barracks @(13,20); $6000","5× rifle infantry @(52,20) on Attack-Anything (closes on the agent base); sentinel fact @(120,20)","enemy e1 st3 advances on agent base — matches briefing","","Commander, this is a right-sizing decision drill. Your base has a Construction Yard and a Barracks pre-placed, so rifle infantry (cost 100 each) are trainable from turn 1 with no further tech. $6000 cash. A light enemy garrison of five riflemen is advancing from the east on Attack-Anything orders. Kill at least four enemies AND keep your Construction Yard, within about 17 turns. Cash also covers a full tech climb to a War Factory and tanks, but that whole tier costs CLOCK — by the deadline the tech play has zero tanks fielded.","≥4 enemies killed AND Construction Yard standing, within 1600 ticks.","Construction Yard destroyed, or deadline (1601 ticks).","30","2703","6000","e1 swarm (no tech climb; pre-placed tent enables turn-1 training)","ok (e1 5s × 4-5 trains comfortably in 17 turns)","clean",""
"build-tech-skip-decision","medium","reasoning","rush-hour-arena","128x40","large-trivial","observe, build, place_building, move_units, attack_move, stop","Same — fact + tent; $6000","7× rifle infantry @(52,20) Attack-Anything; sentinel","enemy e1 st3","","Commander, this is a right-sizing decision drill at heavier weight. Same base (Construction Yard + Barracks) and $6000. A larger enemy garrison — seven riflemen — advances from the east. Kill at least six AND keep the Construction Yard, within about 15 turns.","≥6 enemies killed AND Construction Yard standing, within 1400 ticks.","Construction Yard destroyed, or deadline (1401 ticks).","30","2703","6000","e1 swarm","ok","clean",""
"build-tech-skip-decision","hard","reasoning","rush-hour-arena","128x40","large-trivial","observe, build, place_building, move_units, attack_move, stop","fact + tent flip NORTH (y=14) or SOUTH (y=26) by seed + inert HoldFire e1 spawn-witness per group; $6000","7× rifle infantry duplicated at both latitudes (52,14) AND (52,26) Attack-Anything; sentinel","enemy e1 st3 duplicated both latitudes","","Commander, this is a right-sizing decision drill with seed-rotated staging. Construction Yard + Barracks at NORTH (y=14) or SOUTH (y=26) by seed. $6000. Seven-rifle garrisons at BOTH latitudes — only the on-latitude band converges in time. Kill six enemies AND keep the Construction Yard, within about 15 turns.","≥6 enemies killed AND Construction Yard standing, within 1400 ticks.","Construction Yard destroyed, or deadline (1401 ticks).","30","2703","6000","e1 swarm","ok","clean",""
"building-and-planning","easy","reasoning","rush-hour-arena","128x40","large-trivial","build, place_building, move_units, stop","Construction Yard @(10,18); $6000","static e1 @(78,20) st2 + sentinel fact @(112,20)","enemy e1 inert at x=78 — no real pressure","","Commander, this is a build-order drill. Your base has ONE Construction Yard at (10,18) and $6000. No Power Plant, no Barracks. Win: own a Barracks (which the engine requires Power for) AND own at least three buildings total, within about 27 turns. A power-less Barracks queue never completes; spamming Power Plants never yields a Barracks.","Total buildings ≥ 3 AND own a Barracks, within 2400 ticks.","Deadline (2400 ticks).","30","2703","6000","powr → tent (Barracks)","ok (powr 6s + tent 10s = 16s ≤ 27t)","clean",""
"building-and-planning","medium","reasoning","rush-hour-arena","128x40","large-trivial","build, place_building, move_units, stop","Same — fact @(10,18); $5000","static e1 @(78,20) + sentinel","enemy e1 inert","","Commander, this is a build-order drill with a spatial axis. Construction Yard at (10,18), $5000. Build a defensive line in the EAST: place at least two Pillboxes (which require Barracks, which requires Power) inside a radius-9 disc of (40,20). About 38 turns.","≥2 Pillboxes within radius 9 of (40,20), within 3400 ticks.","Deadline (3400 ticks).","40","3603","5000","powr → tent → pbox×2 at distant region","ok (powr 6s + tent 10s + 2×pbox 16s = 32s ≤ 38t; build radius creep adds ~3 turns)","clean",""
"building-and-planning","hard","reasoning","rush-hour-arena","128x40","large-trivial","build, place_building, move_units, stop","Same — fact @(10,18); $6000","static e1 @(78,20) + sentinel","enemy e1 inert","","Commander, this is a build-order drill testing base relocation. Construction Yard at (10,18), $6000. Found the defensive line FAR east near (60,20) — well beyond the Construction Yard's initial build radius. Each new building extends where you may build next. Place at least two Pillboxes inside radius 10 of (60,20), within about 64 turns.","≥2 Pillboxes within radius 10 of (60,20), within 5800 ticks.","Deadline (5800 ticks).","70","6303","6000","powr×chain → tent → pbox×2 at FAR region (creep via chained powr)","ok (~5 powr to creep + tent + 2×pbox ≈ 60s, fits 64t)","clean",""
"tech-aggro-all-in","easy","reasoning","rush-hour-arena","128x40","large-trivial","observe, build, place_building, move_units, stop","Soviet — fact @(10,18) + barr @(14,22) + powr @(10,26); $5500","sentinel Construction Yard @(110,20)","no enemy combat","","Commander, this is an all-in tech rush. You command Soviet forces. Pre-placed: Construction Yard, Barracks, Power Plant. $5500 cash. Win: own a War Factory AND a Tesla Coil within about 50 turns. Tech-chain prerequisites: War Factory requires a Refinery (which the Power Plant enables). Tesla Coil requires a War Factory.","Own War Factory AND Tesla Coil, within 4500 ticks.","Construction Yard destroyed, or deadline (4501 ticks).","50","4503","5500","proc → weap → tsla (Soviet)","build-time-over-budget:82s>50t — flagged; intended chain measured ~tick 2973 (33t)","clean","build-time-over-budget:82s>50t"
"tech-aggro-all-in","medium","reasoning","rush-hour-arena","128x40","large-trivial","observe, build, place_building, move_units, stop","Same Soviet base — fact + barr + powr; $4800","sentinel","no enemy combat","","Commander, this is an all-in tech rush on a tight clock. Soviet base — Construction Yard, Barracks, Power Plant. $4800 (covers Refinery + War Factory + Tesla Coil with $200 slack). Own War Factory AND Tesla Coil within about 40 turns. Detours overrun.","Own War Factory AND Tesla Coil, within 3600 ticks.","Construction Yard destroyed, or deadline (3601 ticks).","40","3603","4800","proc → weap → tsla","build-time-over-budget:82s>40t — flagged; intended chain ~33t fits","clean","build-time-over-budget:82s>50t"
"tech-aggro-all-in","hard","reasoning","rush-hour-arena","128x40","large-trivial","observe, build, place_building, move_units, stop","Soviet base flips NORTH (y=10) or SOUTH (y=30) by seed + spawn-witness e1 per group; $4800","sentinel","no enemy combat","","Commander, this is an all-in tech rush under the tightest clock. Soviet base — Construction Yard, Barracks, Power Plant — at NORTH (y=10) or SOUTH (y=30) by seed. $4800. Hard cap of 6 total buildings forbids any extra structure. Own War Factory AND Tesla Coil with at most 6 buildings total, within about 37 turns.","Own War Factory AND Tesla Coil AND ≤6 total buildings, within 3300 ticks.","Construction Yard destroyed, or deadline (3301 ticks).","37","3333","4800","proc → weap → tsla (cap-locked)","build-time-over-budget:82s>37t — tight; intended chain ~33t at full speed","clean","build-time-over-budget:82s>50t"
"tech-balanced-econ-then-tech","easy","reasoning","rush-hour-arena","128x40","large-trivial","observe, build, place_building, harvest, move_units, stop","fact @(10,18) + tent @(10,22) + powr @(14,18) + harv @(14,22) + ore patch @(22,20); $2800","sentinel Construction Yard @(120,20)","no enemy combat","","Commander, this is a balanced macro-tech drill. Allied base — Construction Yard, Barracks, Power Plant, Ore Truck on an ore patch. $2800 cash. Win: build a Refinery, push your economy value to at least 800, then build a War Factory, then build a Radar Dome — IN THAT ORDER. About 90 turns. Skipping the Refinery is engine-blocked (War Factory and Radar Dome both require the Refinery as prereq).","then-latch: Refinery → economy_value ≥ 800 → War Factory → Radar Dome, within 8100 ticks.","Construction Yard destroyed, or deadline (8101 ticks).","90","8103","2800","proc → income 800 → weap → dome","ok (proc 28s + weap 40s + dome 56s = 124s; 90t budget, parallel Building queue means weap and dome serial = OK)","clean","tight-cash:need=4400,have=2800"
"tech-balanced-econ-then-tech","medium","reasoning","rush-hour-arena","128x40","large-trivial","observe, build, place_building, harvest, move_units, stop","Same base — fact + tent + powr + harv + ore; $2800","sentinel","no enemy combat","","Commander, this is a balanced macro-tech drill with a tighter economy bar. Allied base + $2800. Build a Refinery, push your economy value to at least 1500, then a War Factory, then a Radar Dome — in order. About 70 turns.","then-latch: Refinery → economy_value ≥ 1500 → War Factory → Radar Dome, within 6300 ticks.","Construction Yard destroyed, or deadline (6301 ticks).","70","6303","2800","proc → income 1500 → weap → dome","ok (124s ≤ 70t; intended income window ~7 turns post-proc fits)","clean","tight-cash:need=4400,have=2800"
"tech-balanced-econ-then-tech","hard","reasoning","rush-hour-arena","128x40","large-trivial","observe, build, place_building, harvest, move_units, stop","Full base flips NORTH (y=10) or SOUTH (y=30) by seed + ore patches duplicated at both latitudes; $2800","sentinel","no enemy combat","","Commander, this is a balanced macro-tech drill with seed-rotated staging. Allied base — Construction Yard, Barracks, Power Plant, Ore Truck — at NORTH (y=10) or SOUTH (y=30) by seed. $2800. Build a Refinery, push economy value to 2200, then War Factory, then Radar Dome. About 60 turns.","then-latch: Refinery → economy_value ≥ 2200 → War Factory → Radar Dome, within 5400 ticks.","Construction Yard destroyed, or deadline (5401 ticks).","60","5403","2800","proc → income 2200 → weap → dome","ok (124s ≤ 60t requires parallelism; income window ~9 turns post-proc fits)","clean","tight-cash:need=4400,have=2800"
"tech-production-planning","easy","reasoning","rush-hour-arena","128x40","large-trivial","build, place_building, train, cancel_production, move_units, deploy, stop, set_rally_point","Soviet — fact @(10,18) + powr @(14,18) + proc @(16,22) + ore patch @(20,24); $5000","inert enemy e1 @(114,34) st2 (far-east static)","inert e1; no real combat","","Commander, this is a sequential dependency drill. You command Soviet forces. Pre-placed: Construction Yard, Power Plant, Refinery, ore patch. $5000. Build a War Factory, then a Service Depot, then train one Heavy Tank — in that order. The Heavy Tank requires both War Factory and Service Depot as engine prerequisites. About 60 turns.","≥1 Heavy Tank AND Service Depot stands, within 5403 ticks.","Deadline (5403 ticks).","60","5403","5000","weap → fix → 3tnk (Soviet)","build-time-over-budget:72s>60t — flagged; engine measured ~tick 2883 (32t) intended","clean","build-time-over-budget:72s>60t; hard-adds-bldgs:barr"
"tech-production-planning","medium","reasoning","rush-hour-arena","128x40","large-trivial","build, place_building, train, cancel_production, move_units, deploy, stop, set_rally_point","Soviet — fact + powr + ore patch only (no proc); $6500","inert e1 @(114,34) st2","inert e1","","Commander, this is a parallel-branch dependency drill. Soviet base: Construction Yard, Power Plant, ore patch — no Refinery yet. $6500. Produce ONE Heavy Tank PLUS one Rocket Soldier PLUS three Rifle Infantry, with power surplus non-negative at the deadline. The combined build drains the grid below zero against a single Power Plant — a second one is mandatory. Infantry (Barracks) branch must run IN PARALLEL with the Vehicle (War Factory + Service Depot) branch — serial production busts the clock. About 80 turns.","≥1 Heavy Tank AND ≥1 Rocket Soldier AND ≥3 Rifle Infantry AND power_surplus ≥ 0, within 7203 ticks.","Deadline (7203 ticks).","80","7203","6500","proc → weap → fix → 3tnk + 2nd powr + barr → e3 + e1×3","build-time-over-budget:~140s>80t serial; parallel Infantry+Vehicle queues halve it","clean","build-time-over-budget:72s>60t; hard-adds-bldgs:barr"
"tech-production-planning","hard","reasoning","rush-hour-arena","128x40","large-trivial","build, place_building, train, cancel_production, move_units, deploy, stop, set_rally_point","Soviet mid-game — fact + powr + proc + barr + 3× e1 @(8,16) + ore patch; $3000","3× Heavy Tank @(110,34) st2 in eastern fog (passive)","enemy 3tnk×3 st2 in fog — passive defenders (briefing says ""passive"")","","Commander, this is an adaptive tech-transition drill. Soviet mid-game start: Construction Yard, Power Plant, Refinery, Barracks, three Rifle Infantry, ore patch — an INFANTRY plan is already committed. $3000. Three enemy Heavy Tanks sit passive in the eastern fog. Scout the threat, recognise that infantry cannot trade with armour, pivot to FIVE Rocket Soldiers. About 90 turns. Overproducing infantry past 10 exhausts the budget and fails.","≥2 enemies discovered AND ≥5 Rocket Soldiers, within 8103 ticks.","≥10 Rifle Infantry built, or deadline (8103 ticks).","90","8103","3000","scout + e3×5 (pivot from infantry plan)","ok (e3 8s × 5 = 40s + scout time; 90t budget)","clean","build-time-over-budget:72s>60t; hard-adds-bldgs:barr"
"tech-turtle-defensive-tech","easy","reasoning","rush-hour-arena","128x40","large-trivial","observe, build, place_building, harvest, move_units, attack_unit, attack_move, stop","Allied base — fact @(10,20) + tent @(8,18) + 2× powr @(6,20)/(6,22) + proc @(6,16) + harv @(8,22) + ore patch @(2,20) + 3× rifle defenders @(16,20) st2; $3000","4× rifle infantry @(95,20) on Attack-Anything (hunt bot); sentinel fact @(120,20)","enemy hunt bot st3; matches briefing","","Commander, this is a fortify-then-tech drill. Allied base — Construction Yard, Barracks, two Power Plants, Refinery, Ore Truck on an ore patch, three Rifle Infantry on Defend stance at the east lane mouth. $3000 cash. A four-rifle hunt band is closing from mid-map. Build the defence line FIRST, then tech: (1) at least three Pillboxes, (2) at least one gun turret (which needs the War Factory as prereq), (3) own a War Factory, (4) own a Radar Dome — in order. Keep Construction Yard alive, at least 1 unit alive. About 80 turns.","then-latch: pbox×3 → gun×1 → War Factory → Radar Dome, AND yard alive, AND ≥1 unit, within 7200 ticks.","Construction Yard destroyed, or deadline (7201 ticks).","90","8103","3000","pbox×3 → gun → weap → dome (defense + tech queues parallel)","ok (defense queue: 3×8s + 14s = 38s; building queue: 40s+56s = 96s; parallel fits 90t)","clean","tight-cash:need=5400,have=3000; build-time-over-budget:98s>90t"
"tech-turtle-defensive-tech","medium","reasoning","rush-hour-arena","128x40","large-trivial","observe, build, place_building, harvest, move_units, attack_unit, attack_move, stop","Same Allied base + 6× e1 / 2× e3 screen at the lane mouth; $3000","4× rifle + 1× rocket infantry hunt band @(105/107, 20) st3; sentinel","enemy hunt bot st3","","Commander, this is a fortify-then-tech drill at heavier weight. Same Allied base layout plus a screen of six rifles and two rocket soldiers at the east lane mouth. $3000. A heavier hunt band — four rifles plus a rocket soldier — closes from the far east. Build three Pillboxes, then a gun turret (needs War Factory), War Factory, Radar Dome — in order. Lose at most six own units. About 80 turns.","then-latch: pbox×3 → gun → War Factory → Radar Dome, yard alive, ≥1 unit, ≤6 lost, within 7200 ticks.","Construction Yard destroyed, >6 lost, or deadline (7201 ticks).","80","7203","3000","pbox×3 → gun → weap → dome","ok (parallel queues fit 80t)","clean","tight-cash:need=5400,have=3000; build-time-over-budget:98s>90t"
"tech-turtle-defensive-tech","hard","reasoning","rush-hour-arena","128x40","large-trivial","observe, build, place_building, harvest, move_units, attack_unit, attack_move, stop","Full Allied base flips NORTH (y=14) or SOUTH (y=26) by seed; screen + tent + powr×3 + proc + harv + ore duplicated per group; $3000","TWO hunt bands @(100,10) AND @(100,30) st3 (4× e1 + 1× e3 each); sentinel","enemy hunt bot st3 both latitudes","","Commander, this is a fortify-then-tech drill with seed-rotated staging and two simultaneous hunt bands. Allied base — Construction Yard, Barracks, three Power Plants, Refinery, Ore Truck, six-rifle + two-rocket screen — at NORTH (y=14) or SOUTH (y=26) by seed. Two hunt bands hit from BOTH latitudes (north and south). $3000. Build at least EIGHT Pillboxes (enough to cover both lanes), one gun turret (needs War Factory), War Factory, Radar Dome — in order. Lose at most six own units. About 80 turns.","then-latch: pbox×8 → gun → War Factory → Radar Dome, yard alive, ≥1 unit, ≤6 lost, within 7200 ticks.","Construction Yard destroyed, >6 lost, or deadline (7201 ticks).","80","7203","3000","pbox×8 → gun → weap → dome (heavy defense queue)","build-time-over-budget:8×8s+14s+40s+56s=174s>80t serial; defense-vs-building queues parallel — defense path 78s, building path 96s — fit 80t with overlap","clean","tight-cash:need=5400,have=3000; build-time-over-budget:98s>90t"
"power-budget-online","easy","reasoning","rush-hour-arena","128x40","large-trivial","observe, build, place_building, stop","fact @(12,20) + powr @(16,20) + tent @(12,24) + dome @(16,24) + pbox @(20,24) — provided 100 / drained 80 / surplus +20; $8200","sentinel Construction Yard @(120,20)","no enemy combat","","Commander, this is a power-budget bring-up drill. Your base — Construction Yard, ONE Power Plant (+100 power), Barracks (−20), Radar Dome (−40), Pillbox (−20) — runs at provided 100, drained 80, net surplus +20 (just enough headroom). $8200. Expand production: build a Refinery (−30), War Factory (−30), Service Depot (−30, required for tanks), and field three Medium Tanks. Each new production building takes another 30 of load — building the Refinery on the single Power Plant alone drives the grid NEGATIVE and the engine throttles ALL production to 50% speed. Bring more Power Plants online ahead of demand. Win: gross provided power ≥ 200, own a Refinery and War Factory, ≥3 Medium Tanks, before tick 6300 (about 70 turns).","Provided ≥ 200 AND Refinery AND War Factory AND ≥3 Medium Tanks, within 6300 ticks.","Construction Yard destroyed, or deadline (6301 ticks).","71","6393","8200","powr (extra) → proc → weap → fix → 2tnk×3","build-time-over-budget:98s>71t — flagged; engine measures intended ~tick 5050 (56t) fits","clean","build-time-over-budget:98s>71t"
"power-budget-online","medium","reasoning","rush-hour-arena","128x40","large-trivial","observe, build, place_building, stop","Same starting base — fact + powr + tent + dome + pbox (surplus +20); $8500","sentinel","no enemy combat","","Commander, this is a power-budget bring-up drill with a bigger generation requirement. Same starting base. $8500. Expand to Refinery, War Factory, Service Depot, three Medium Tanks — AND bring gross provided power to at least 300 (two additional Power Plants). Bring them online ahead of each new production building. About 67 turns.","Provided ≥ 300 AND Refinery AND War Factory AND ≥3 Medium Tanks, within 6000 ticks.","Construction Yard destroyed, or deadline (6001 ticks).","67","6033","8500","powr×2 → proc → weap → fix → 2tnk×3","build-time-over-budget:104s>67t — flagged; intended ~tick 5320 (~59t) fits","clean","build-time-over-budget:98s>71t"
"power-budget-online","hard","reasoning","rush-hour-arena","128x40","large-trivial","observe, build, place_building, stop","Same 5-building standing base flips NORTH (y=12) or SOUTH (y=28) by seed + inert HoldFire e1 spawn-witness per group; $8500","sentinel","no enemy combat","","Commander, this is a power-budget bring-up drill with seed-rotated staging. Standing base — Construction Yard, Power Plant, Barracks, Radar Dome, Pillbox — at NORTH (y≈12) or SOUTH (y≈28). $8500. Same expansion task: Refinery, War Factory, Service Depot, three Medium Tanks, gross provided power ≥ 300. Bring the two extra Power Plants online ahead of demand. About 67 turns.","Provided ≥ 300 AND Refinery AND War Factory AND ≥3 Medium Tanks, within 6000 ticks.","Construction Yard destroyed, or deadline (6001 ticks).","67","6033","8500","powr×2 → proc → weap → fix → 2tnk×3","build-time-over-budget:104s>67t — flagged; intended fits","clean","build-time-over-budget:98s>71t"
