pack,tier,predicate_kind,predicate_coord,arena_size,nearest_actor_coord,nearest_actor_type,distance,defect_class,recommendation
artofwar-lure-the-tiger,easy,units_in_region_gte,"(112,20,r=6)",128x48,"(112,20)",fact(enemy),0,OK,OK
artofwar-lure-the-tiger,medium,units_in_region_gte,"(112,20,r=6)",128x48,"(112,20)",fact(enemy),0,OK,OK
artofwar-lure-the-tiger,hard,units_in_region_gte,"(112,20,r=6)",128x48,"(112,20)",fact(enemy),0,OK,OK
build-defensive-tower-line,easy,building_in_region,"(60,8,r=0.5)",112x48,"(14,18)",tent(agent),46,OK,OK
build-defensive-tower-line,easy,building_in_region,"(60,20,r=0.5)",112x48,"(14,18)",tent(agent),46,OK,OK
build-defensive-tower-line,easy,building_in_region,"(60,32,r=0.5)",112x48,"(14,18)",tent(agent),46,OK,OK
build-defensive-tower-line,medium,building_in_region,"(60,4,r=0.5)",112x48,"(14,18)",tent(agent),46,OK,OK
build-defensive-tower-line,medium,building_in_region,"(60,12,r=0.5)",112x48,"(14,18)",tent(agent),46,OK,OK
build-defensive-tower-line,medium,building_in_region,"(60,20,r=0.5)",112x48,"(14,18)",tent(agent),46,OK,OK
build-defensive-tower-line,medium,building_in_region,"(60,28,r=0.5)",112x48,"(14,18)",tent(agent),46,OK,OK
build-defensive-tower-line,medium,building_in_region,"(60,36,r=0.5)",112x48,"(14,18)",tent(agent),46,OK,OK
build-defensive-tower-line,hard,building_in_region,"(60,4,r=0.5)",112x48,"(10,12)",fact(agent),50,OK,OK
build-defensive-tower-line,hard,building_in_region,"(60,10,r=0.5)",112x48,"(10,12)",fact(agent),50,OK,OK
build-defensive-tower-line,hard,building_in_region,"(60,16,r=0.5)",112x48,"(10,12)",fact(agent),50,OK,OK
build-defensive-tower-line,hard,building_in_region,"(60,22,r=0.5)",112x48,"(10,12)",fact(agent),50,OK,OK
build-defensive-tower-line,hard,building_in_region,"(60,28,r=0.5)",112x48,"(10,12)",fact(agent),50,OK,OK
build-defensive-tower-line,hard,building_in_region,"(60,34,r=0.5)",112x48,"(10,12)",fact(agent),50,OK,OK
build-rally-point-management,easy,units_in_region_gte,"(62,20,r=5)",80x40,"(62,20)",barr(enemy),0,OK,OK
build-rally-point-management,medium,units_in_region_gte,"(62,20,r=5)",80x40,"(62,20)",barr(enemy),0,OK,OK
build-rally-point-management,hard,units_in_region_gte,"(62,20,r=5)",80x40,"(62,20)",barr(enemy),0,OK,OK
build-sell-and-rebuild-elsewhere,easy,building_in_region,"(16,8,r=6)",96x40,"(4,4)",fact(agent),12,OK,OK
build-sell-and-rebuild-elsewhere,medium,building_in_region,"(16,8,r=6)",96x40,"(4,4)",fact(agent),12,OK,OK
build-sell-and-rebuild-elsewhere,hard,building_in_region,"(4,4,r=4)",96x40,"(4,4)",fact(agent),0,OK,OK
build-sell-and-rebuild-elsewhere,hard,building_in_region,"(16,8,r=6)",96x40,"(4,4)",fact(agent),12,OK,OK
build-sell-and-rebuild-elsewhere,hard,building_in_region,"(4,36,r=4)",96x40,"(4,36)",fact(agent),0,OK,OK
build-sell-and-rebuild-elsewhere,hard,building_in_region,"(16,36,r=6)",96x40,"(4,36)",fact(agent),12,OK,OK
building-and-planning,medium,building_in_region,"(40,20,r=9)",80x40,"(10,18)",fact(agent),30,OK,OK
building-and-planning,hard,building_in_region,"(60,20,r=10)",80x40,"(10,18)",fact(agent),50,OK,OK
combat-skirmish-then-disengage,easy,units_in_region_gte,"(4,20,r=6)",64x40,"(4,20)",jeep(agent),0,OK,OK
combat-skirmish-then-disengage,medium,units_in_region_gte,"(4,20,r=6)",64x40,"(4,20)",jeep(agent),0,OK,OK
combat-skirmish-then-disengage,hard,units_in_region_gte,"(4,10,r=6)",64x40,"(4,10)",jeep(agent),0,OK,OK
combat-skirmish-then-disengage,hard,units_in_region_gte,"(4,30,r=6)",64x40,"(4,30)",jeep(agent),0,OK,OK
combat-suicide-charge-mission,easy,enemy_key_buildings_destroyed_in_region,"(50,20,r=6)",56x40,"(50,20)",fact(enemy),0,OK,OK
combat-suicide-charge-mission,medium,enemy_key_buildings_destroyed_in_region,"(50,20,r=6)",56x40,"(50,20)",fact(enemy),0,OK,OK
combat-suicide-charge-mission,hard,enemy_key_buildings_destroyed_in_region,"(50,20,r=6)",56x40,"(50,20)",fact(enemy),0,OK,OK
coord-converge-on-target,easy,units_in_region_gte,"(100,20,r=8)",128x48,"(100,20)",fact(enemy),0,OK,OK
coord-converge-on-target,medium,units_in_region_gte,"(100,20,r=8)",128x48,"(100,20)",fact(enemy),0,OK,OK
coord-converge-on-target,hard,units_in_region_gte,"(100,20,r=8)",128x48,"(100,20)",fact(enemy),0,OK,OK
coord-cover-and-move,easy,units_in_region_gte,"(100,20,r=6)",112x40,"(106,35)",fact(enemy),15,OK,OK
coord-cover-and-move,medium,units_in_region_gte,"(100,20,r=6)",112x40,"(106,35)",fact(enemy),15,OK,OK
coord-cover-and-move,hard,units_in_region_gte,"(100,20,r=6)",112x40,"(106,35)",fact(enemy),15,OK,OK
coord-diversionary-attack,easy,enemy_key_buildings_destroyed_in_region,"(100,10,r=6)",112x40,"(100,10)",fact(enemy),0,OK,OK
coord-diversionary-attack,medium,enemy_key_buildings_destroyed_in_region,"(100,10,r=6)",112x40,"(100,10)",fact(enemy),0,OK,OK
coord-diversionary-attack,hard,enemy_key_buildings_destroyed_in_region,"(100,10,r=6)",112x40,"(100,10)",fact(enemy),0,OK,OK
coord-mutual-support,easy,units_in_region_gte,"(40,20,r=5)",96x40,"(38,23)",e3(enemy),3,OK,OK
coord-mutual-support,easy,units_in_region_gte,"(60,20,r=6)",96x40,"(59,19)",e3(enemy),1,OK,OK
coord-mutual-support,medium,units_in_region_gte,"(40,20,r=5)",96x40,"(36,24)",e3(enemy),4,OK,OK
coord-mutual-support,medium,units_in_region_gte,"(60,20,r=6)",96x40,"(59,19)",e3(enemy),1,OK,OK
coord-mutual-support,hard,units_in_region_gte,"(43,20,r=5)",96x40,"(46,20)",e3(enemy),3,OK,OK
coord-mutual-support,hard,units_in_region_gte,"(60,20,r=6)",96x40,"(59,19)",e3(enemy),1,OK,OK
coord-relay-vision-chain,easy,units_in_region_gte,"(45,20,r=6)",120x40,"(16,20)",jeep(agent),29,OK,OK
coord-relay-vision-chain,easy,units_in_region_gte,"(75,20,r=6)",120x40,"(108,20)",e3(enemy),33,OK,OK
coord-relay-vision-chain,easy,units_in_region_gte,"(108,20,r=6)",120x40,"(108,20)",e3(enemy),0,OK,OK
coord-relay-vision-chain,medium,units_in_region_gte,"(45,20,r=6)",120x40,"(16,20)",jeep(agent),29,OK,OK
coord-relay-vision-chain,medium,units_in_region_gte,"(60,20,r=6)",120x40,"(108,20)",e3(enemy),48,OK,OK
coord-relay-vision-chain,medium,units_in_region_gte,"(75,20,r=6)",120x40,"(108,20)",e3(enemy),33,OK,OK
coord-relay-vision-chain,medium,units_in_region_gte,"(108,20,r=6)",120x40,"(108,20)",e3(enemy),0,OK,OK
coord-relay-vision-chain,hard,units_in_region_gte,"(45,13,r=6)",120x40,"(16,13)",jeep(agent),29,OK,OK
coord-relay-vision-chain,hard,units_in_region_gte,"(60,13,r=6)",120x40,"(108,13)",e3(enemy),48,OK,OK
coord-relay-vision-chain,hard,units_in_region_gte,"(75,13,r=6)",120x40,"(108,13)",e3(enemy),33,OK,OK
coord-relay-vision-chain,hard,units_in_region_gte,"(108,13,r=6)",120x40,"(108,13)",e3(enemy),0,OK,OK
coord-relay-vision-chain,hard,units_in_region_gte,"(45,27,r=6)",120x40,"(16,13)",jeep(agent),29,OK,OK
coord-relay-vision-chain,hard,units_in_region_gte,"(60,27,r=6)",120x40,"(108,13)",e3(enemy),48,OK,OK
coord-relay-vision-chain,hard,units_in_region_gte,"(75,27,r=6)",120x40,"(108,13)",e3(enemy),33,OK,OK
coord-relay-vision-chain,hard,units_in_region_gte,"(108,27,r=6)",120x40,"(108,27)",e3(enemy),0,OK,OK
coord-squad-handoff,easy,units_of_type_in_region_gte,"(50,10,r=8)",116x40,"(5,5)",jeep(agent),45,OK,OK
coord-squad-handoff,easy,units_of_type_in_region_gte,"(90,30,r=8)",116x40,"(5,5)",jeep(agent),85,OK,OK
coord-squad-handoff,medium,units_of_type_in_region_gte,"(50,10,r=8)",116x40,"(5,5)",jeep(agent),45,OK,OK
coord-squad-handoff,medium,units_of_type_in_region_gte,"(90,30,r=8)",116x40,"(5,5)",jeep(agent),85,OK,OK
coord-squad-handoff,medium,units_of_type_in_region_gte,"(60,20,r=8)",116x40,"(5,5)",jeep(agent),55,OK,OK
coord-squad-handoff,hard,units_of_type_in_region_gte,"(50,10,r=8)",116x40,"(5,5)",jeep(agent),45,OK,OK
coord-squad-handoff,hard,units_of_type_in_region_gte,"(90,30,r=8)",116x40,"(5,5)",jeep(agent),85,OK,OK
coord-squad-handoff,hard,units_of_type_in_region_gte,"(60,20,r=8)",116x40,"(5,5)",jeep(agent),55,OK,OK
coord-squad-handoff,hard,units_of_type_in_region_gte,"(100,15,r=8)",116x40,"(5,5)",jeep(agent),95,OK,OK
coordination-staggered-window,easy,units_in_region_gte,"(115,6,r=8)",124x40,"(115,6)",barr(enemy),0,OK,OK
coordination-staggered-window,easy,units_in_region_gte,"(20,36,r=8)",124x40,"(20,36)",proc(enemy),0,D2,"fix predicate: coord (20,36) out of arena 124x40 cordon=4"
coordination-staggered-window,medium,units_in_region_gte,"(115,6,r=8)",124x40,"(115,6)",barr(enemy),0,OK,OK
coordination-staggered-window,medium,units_in_region_gte,"(20,36,r=8)",124x40,"(20,36)",proc(enemy),0,D2,"fix predicate: coord (20,36) out of arena 124x40 cordon=4"
coordination-staggered-window,hard,units_in_region_gte,"(115,6,r=8)",124x40,"(115,6)",barr(enemy),0,OK,OK
coordination-staggered-window,hard,units_in_region_gte,"(20,36,r=8)",124x40,"(20,36)",proc(enemy),0,D2,"fix predicate: coord (20,36) out of arena 124x40 cordon=4"
coordination-staggered-window,hard,units_in_region_gte,"(115,34,r=8)",124x40,"(115,34)",powr(enemy),0,OK,OK
def-evacuation,easy,units_in_region_gte,"(90,12,r=6)",136x48,"(125,20)",fact(enemy),35,OK,OK
def-evacuation,medium,units_in_region_gte,"(90,6,r=6)",136x48,"(125,20)",fact(enemy),35,OK,OK
def-evacuation,hard,units_in_region_gte,"(90,6,r=6)",136x48,"(125,20)",fact(enemy),35,OK,OK
def-evacuation,hard,units_in_region_gte,"(90,34,r=6)",136x48,"(125,20)",fact(enemy),35,OK,OK
def-in-depth,easy,building_in_region,"(25,20,r=4)",64x40,"(25,19)",pbox(agent),1,OK,OK
def-in-depth,easy,building_in_region,"(15,20,r=4)",64x40,"(8,20)",fact(agent),7,OK,OK
def-in-depth,medium,building_in_region,"(25,20,r=4)",64x40,"(25,19)",pbox(agent),1,OK,OK
def-in-depth,medium,building_in_region,"(15,20,r=4)",64x40,"(8,20)",fact(agent),7,OK,OK
def-in-depth,hard,building_in_region,"(25,14,r=4)",64x40,"(25,13)",pbox(agent),1,OK,OK
def-in-depth,hard,building_in_region,"(15,14,r=4)",64x40,"(8,14)",fact(agent),7,OK,OK
def-in-depth,hard,building_in_region,"(25,26,r=4)",64x40,"(25,25)",pbox(agent),1,OK,OK
def-in-depth,hard,building_in_region,"(15,26,r=4)",64x40,"(8,26)",fact(agent),7,OK,OK
def-multi-direction,easy,units_in_region_gte,"(64,12,r=5)",128x40,"(64,4)",e1(enemy),8,OK,OK
def-multi-direction,easy,units_in_region_gte,"(64,28,r=5)",128x40,"(64,36)",e1(enemy),8,OK,OK
def-multi-direction,medium,units_in_region_gte,"(64,12,r=5)",128x40,"(64,4)",e1(enemy),8,OK,OK
def-multi-direction,medium,units_in_region_gte,"(64,28,r=5)",128x40,"(64,36)",e1(enemy),8,OK,OK
def-multi-direction,medium,units_in_region_gte,"(108,20,r=5)",128x40,"(124,20)",e1(enemy),16,OK,OK
def-multi-direction,hard,units_in_region_gte,"(36,8,r=5)",128x40,"(28,2)",e1(enemy),8,OK,OK
def-multi-direction,hard,units_in_region_gte,"(92,8,r=5)",128x40,"(100,2)",e1(enemy),8,OK,OK
def-multi-direction,hard,units_in_region_gte,"(36,20,r=5)",128x40,"(28,16)",e1(enemy),8,OK,OK
def-multi-direction,hard,units_in_region_gte,"(92,20,r=5)",128x40,"(100,16)",e1(enemy),8,OK,OK
def-multi-direction,hard,units_in_region_gte,"(36,20,r=5)",128x40,"(28,16)",e1(enemy),8,OK,OK
def-multi-direction,hard,units_in_region_gte,"(92,20,r=5)",128x40,"(100,16)",e1(enemy),8,OK,OK
def-multi-direction,hard,units_in_region_gte,"(36,32,r=5)",128x40,"(28,24)",e1(enemy),8,OK,OK
def-multi-direction,hard,units_in_region_gte,"(92,32,r=5)",128x40,"(100,24)",e1(enemy),8,OK,OK
def-pre-position-mobile-reserve,easy,units_in_region_gte,"(60,12,r=10)",80x40,"(72,10)",e1(enemy),12,OK,OK
def-pre-position-mobile-reserve,medium,units_in_region_gte,"(60,14,r=12)",80x40,"(72,10)",e1(enemy),12,OK,OK
def-pre-position-mobile-reserve,medium,units_in_region_gte,"(60,26,r=12)",80x40,"(72,30)",e1(enemy),12,OK,OK
def-pre-position-mobile-reserve,hard,units_in_region_gte,"(60,12,r=10)",80x40,"(72,10)",e1(enemy),12,OK,OK
def-pre-position-mobile-reserve,hard,units_in_region_gte,"(65,20,r=12)",80x40,"(74,20)",e1(enemy),9,OK,OK
def-pre-position-mobile-reserve,hard,units_in_region_gte,"(60,28,r=10)",80x40,"(72,30)",e1(enemy),12,OK,OK
def-reinforce-the-breach,easy,units_in_region_gte,"(62,28,r=12)",88x40,"(78,12)",e1(enemy),16,OK,OK
def-reinforce-the-breach,medium,units_in_region_gte,"(62,28,r=12)",88x40,"(78,12)",e1(enemy),16,OK,OK
def-reinforce-the-breach,hard,units_in_region_gte,"(62,28,r=12)",88x40,"(78,12)",e1(enemy),16,OK,OK
def-retreat-and-rebuild,easy,building_in_region,"(10,20,r=8)",136x40,"(6,20)",powr(agent),4,OK,OK
def-retreat-and-rebuild,easy,building_in_region,"(10,20,r=8)",136x40,"(6,20)",powr(agent),4,OK,OK
def-retreat-and-rebuild,medium,building_in_region,"(10,20,r=8)",136x40,"(6,20)",powr(agent),4,OK,OK
def-retreat-and-rebuild,medium,building_in_region,"(10,20,r=8)",136x40,"(6,20)",powr(agent),4,OK,OK
def-retreat-and-rebuild,hard,building_in_region,"(10,14,r=8)",136x40,"(6,14)",powr(agent),4,OK,OK
def-retreat-and-rebuild,hard,building_in_region,"(10,14,r=8)",136x40,"(6,14)",powr(agent),4,OK,OK
def-retreat-and-rebuild,hard,building_in_region,"(10,26,r=8)",136x40,"(6,26)",powr(agent),4,OK,OK
def-retreat-and-rebuild,hard,building_in_region,"(10,26,r=8)",136x40,"(6,26)",powr(agent),4,OK,OK
def-tower-line-vs-cluster,easy,building_in_region,"(60,4,r=3)",112x40,"(14,18)",tent(agent),46,OK,OK
def-tower-line-vs-cluster,easy,building_in_region,"(60,12,r=3)",112x40,"(14,18)",tent(agent),46,OK,OK
def-tower-line-vs-cluster,easy,building_in_region,"(60,28,r=3)",112x40,"(14,18)",tent(agent),46,OK,OK
def-tower-line-vs-cluster,easy,building_in_region,"(60,36,r=3)",112x40,"(14,18)",tent(agent),46,OK,OK
def-tower-line-vs-cluster,medium,building_in_region,"(60,20,r=5)",112x40,"(14,18)",tent(agent),46,OK,OK
def-tower-line-vs-cluster,hard,building_in_region,"(60,20,r=5)",112x40,"(14,18)",tent(agent),46,OK,OK
def-tower-line-vs-cluster,hard,building_in_region,"(60,4,r=3)",112x40,"(14,18)",tent(agent),46,OK,OK
def-tower-line-vs-cluster,hard,building_in_region,"(60,12,r=3)",112x40,"(14,18)",tent(agent),46,OK,OK
def-tower-line-vs-cluster,hard,building_in_region,"(60,28,r=3)",112x40,"(14,18)",tent(agent),46,OK,OK
def-tower-line-vs-cluster,hard,building_in_region,"(60,36,r=3)",112x40,"(14,18)",tent(agent),46,OK,OK
econ-deny-enemy-expansion,easy,enemy_key_buildings_destroyed_in_region,"(60,20,r=6)",136x40,"(60,20)",proc(enemy),0,OK,OK
econ-deny-enemy-expansion,medium,enemy_key_buildings_destroyed_in_region,"(60,20,r=6)",136x40,"(60,20)",proc(enemy),0,OK,OK
econ-deny-enemy-expansion,hard,enemy_key_buildings_destroyed_in_region,"(60,20,r=6)",136x40,"(60,20)",proc(enemy),0,OK,OK
econ-far-patch-vs-near-patch,hard,units_of_type_in_region_gte,"(16,14,r=8)",128x48,"(16,14)",mine(neutral),0,OK,OK
econ-far-patch-vs-near-patch,hard,units_of_type_in_region_gte,"(16,28,r=8)",128x48,"(16,28)",mine(neutral),0,OK,OK
econ-harvester-pathing-optimization,easy,units_of_type_in_region_gte,"(16,18,r=6)",128x48,"(16,18)",mine(neutral),0,OK,OK
econ-harvester-pathing-optimization,easy,units_of_type_in_region_gte,"(60,18,r=6)",128x48,"(60,18)",mine(neutral),0,OK,OK
econ-harvester-pathing-optimization,medium,units_of_type_in_region_gte,"(16,18,r=6)",128x48,"(16,18)",mine(neutral),0,OK,OK
econ-harvester-pathing-optimization,medium,units_of_type_in_region_gte,"(80,18,r=6)",128x48,"(80,18)",mine(neutral),0,OK,OK
econ-harvester-pathing-optimization,hard,units_of_type_in_region_gte,"(16,14,r=6)",128x48,"(16,14)",mine(neutral),0,OK,OK
econ-harvester-pathing-optimization,hard,units_of_type_in_region_gte,"(80,14,r=6)",128x48,"(80,14)",mine(neutral),0,OK,OK
econ-harvester-pathing-optimization,hard,units_of_type_in_region_gte,"(16,28,r=6)",128x48,"(16,28)",mine(neutral),0,OK,OK
econ-harvester-pathing-optimization,hard,units_of_type_in_region_gte,"(80,28,r=6)",128x48,"(80,28)",mine(neutral),0,OK,OK
expansion-balanced-2-base-defended,easy,building_in_region,"(130,15,r=8)",160x60,"(18,20)",powr(agent),112,OK,OK
expansion-balanced-2-base-defended,medium,building_in_region,"(130,15,r=8)",160x60,"(18,20)",powr(agent),112,OK,OK
expansion-balanced-2-base-defended,hard,building_in_region,"(130,15,r=8)",160x60,"(18,20)",powr(agent),112,OK,OK
expansion-balanced-2-base-defended,hard,building_in_region,"(130,45,r=8)",160x60,"(18,20)",powr(agent),112,OK,OK
lh-build-army-coordinate-multifront-attack,easy,enemy_key_buildings_destroyed_in_region,"(130,15,r=8)",160x60,"(130,15)",fact(enemy),0,OK,OK
lh-build-army-coordinate-multifront-attack,easy,enemy_key_buildings_destroyed_in_region,"(130,45,r=8)",160x60,"(130,45)",fact(enemy),0,OK,OK
lh-build-army-coordinate-multifront-attack,medium,enemy_key_buildings_destroyed_in_region,"(130,15,r=8)",160x60,"(130,15)",fact(enemy),0,OK,OK
lh-build-army-coordinate-multifront-attack,medium,enemy_key_buildings_destroyed_in_region,"(130,45,r=8)",160x60,"(130,45)",fact(enemy),0,OK,OK
lh-build-army-coordinate-multifront-attack,hard,enemy_key_buildings_destroyed_in_region,"(130,15,r=8)",160x60,"(130,15)",fact(enemy),0,OK,OK
lh-build-army-coordinate-multifront-attack,hard,enemy_key_buildings_destroyed_in_region,"(130,45,r=8)",160x60,"(130,45)",fact(enemy),0,OK,OK
lh-credit-only-final-phase,easy,enemy_key_buildings_destroyed_in_region,"(130,30,r=8)",160x60,"(130,30)",fact(enemy),0,OK,OK
lh-credit-only-final-phase,medium,enemy_key_buildings_destroyed_in_region,"(130,30,r=8)",160x60,"(130,30)",fact(enemy),0,OK,OK
lh-credit-only-final-phase,hard,enemy_key_buildings_destroyed_in_region,"(130,30,r=8)",160x60,"(130,30)",fact(enemy),0,OK,OK
lh-opening-to-defense-to-counter,easy,enemy_key_buildings_destroyed_in_region,"(85,20,r=8)",96x40,"(85,20)",fact(enemy),0,OK,OK
lh-opening-to-defense-to-counter,medium,enemy_key_buildings_destroyed_in_region,"(85,20,r=8)",96x40,"(85,20)",fact(enemy),0,OK,OK
lh-opening-to-defense-to-counter,hard,enemy_key_buildings_destroyed_in_region,"(85,20,r=8)",96x40,"(85,20)",fact(enemy),0,OK,OK
lh-tech-pivot-attack,easy,units_of_type_in_region_gte,"(80,18,r=10)",96x40,"(82,18)",fact(enemy),2,OK,OK
lh-tech-pivot-attack,medium,units_of_type_in_region_gte,"(80,5,r=10)",96x40,"(82,5)",fact(enemy),2,OK,OK
lh-tech-pivot-attack,medium,units_of_type_in_region_gte,"(80,38,r=10)",96x40,"(82,38)",fact(enemy),2,D2,"fix predicate: coord (80,38) out of arena 96x40 cordon=2"
lh-tech-pivot-attack,hard,units_of_type_in_region_gte,"(80,5,r=10)",96x40,"(82,5)",fact(enemy),2,OK,OK
lh-tech-pivot-attack,hard,units_of_type_in_region_gte,"(80,38,r=10)",96x40,"(82,38)",fact(enemy),2,D2,"fix predicate: coord (80,38) out of arena 96x40 cordon=2"
longhorizon-opening-to-assault,easy,reach_region,"(80,20,r=8)",96x40,"(80,18)",fact(enemy),2,OK,OK
longhorizon-opening-to-assault,medium,reach_region,"(80,20,r=7)",96x40,"(80,18)",fact(enemy),2,OK,OK
longhorizon-opening-to-assault,hard,reach_region,"(80,20,r=6)",96x40,"(80,18)",fact(enemy),2,OK,OK
mcv-deploy-relocate-under-pressure,easy,building_in_region,"(60,8,r=8)",120x40,"(14,18)",tent(agent),46,OK,OK
mcv-deploy-relocate-under-pressure,easy,building_in_region,"(60,32,r=8)",120x40,"(14,18)",tent(agent),46,OK,OK
mcv-deploy-relocate-under-pressure,easy,building_in_region,"(60,8,r=8)",120x40,"(14,18)",tent(agent),46,OK,OK
mcv-deploy-relocate-under-pressure,easy,building_in_region,"(60,32,r=8)",120x40,"(14,18)",tent(agent),46,OK,OK
mcv-deploy-relocate-under-pressure,medium,building_in_region,"(60,8,r=8)",120x40,"(14,18)",tent(agent),46,OK,OK
mcv-deploy-relocate-under-pressure,medium,building_in_region,"(60,32,r=8)",120x40,"(14,18)",tent(agent),46,OK,OK
mcv-deploy-relocate-under-pressure,medium,building_in_region,"(60,8,r=8)",120x40,"(14,18)",tent(agent),46,OK,OK
mcv-deploy-relocate-under-pressure,medium,building_in_region,"(60,32,r=8)",120x40,"(14,18)",tent(agent),46,OK,OK
mcv-deploy-relocate-under-pressure,hard,building_in_region,"(60,8,r=8)",120x40,"(14,18)",tent(agent),46,OK,OK
mcv-deploy-relocate-under-pressure,hard,building_in_region,"(60,32,r=8)",120x40,"(14,18)",tent(agent),46,OK,OK
mcv-deploy-relocate-under-pressure,hard,building_in_region,"(40,8,r=8)",120x40,"(14,18)",tent(agent),26,OK,OK
mcv-deploy-relocate-under-pressure,hard,building_in_region,"(40,32,r=8)",120x40,"(14,18)",tent(agent),26,OK,OK
mcv-deploy-relocate-under-pressure,hard,building_in_region,"(60,8,r=8)",120x40,"(14,18)",tent(agent),46,OK,OK
mcv-deploy-relocate-under-pressure,hard,building_in_region,"(60,32,r=8)",120x40,"(14,18)",tent(agent),46,OK,OK
mcv-deploy-relocate-under-pressure,hard,building_in_region,"(40,8,r=8)",120x40,"(14,18)",tent(agent),26,OK,OK
mcv-deploy-relocate-under-pressure,hard,building_in_region,"(40,32,r=8)",120x40,"(14,18)",tent(agent),26,OK,OK
mfb-supply-line-link-between-bases,easy,units_in_region_gte,"(50,20,r=6)",160x60,"(42,6)",e1(enemy),14,OK,OK
mfb-supply-line-link-between-bases,medium,units_in_region_gte,"(50,20,r=6)",160x60,"(40,6)",e1(enemy),14,OK,OK
mfb-supply-line-link-between-bases,hard,building_in_region,"(15,12,r=6)",160x60,"(15,12)",fact(agent),0,OK,OK
mfb-supply-line-link-between-bases,hard,units_in_region_gte,"(50,12,r=6)",160x60,"(50,4)",e1(enemy),8,OK,OK
mfb-supply-line-link-between-bases,hard,building_in_region,"(15,28,r=6)",160x60,"(15,28)",fact(agent),0,OK,OK
mfb-supply-line-link-between-bases,hard,units_in_region_gte,"(50,28,r=6)",160x60,"(50,36)",e1(enemy),8,OK,OK
mfb-tech-base-vs-economy-base,easy,building_in_region,"(20,20,r=10)",160x80,"(20,20)",fact(agent),0,OK,OK
mfb-tech-base-vs-economy-base,easy,building_in_region,"(140,60,r=10)",160x80,"(140,60)",fact(agent),0,OK,OK
mfb-tech-base-vs-economy-base,medium,building_in_region,"(20,20,r=10)",160x80,"(20,20)",fact(agent),0,OK,OK
mfb-tech-base-vs-economy-base,medium,building_in_region,"(140,60,r=10)",160x80,"(140,60)",fact(agent),0,OK,OK
mfb-tech-base-vs-economy-base,hard,building_in_region,"(20,20,r=10)",160x80,"(20,20)",fact(agent),0,OK,OK
mfb-tech-base-vs-economy-base,hard,building_in_region,"(140,60,r=10)",160x80,"(140,60)",fact(agent),0,OK,OK
mfb-third-base-against-clock,easy,building_in_region,"(90,20,r=8)",128x40,"(53,20)",proc(agent),37,OK,OK
mfb-third-base-against-clock,medium,building_in_region,"(90,20,r=8)",128x40,"(53,20)",proc(agent),37,OK,OK
mfb-third-base-against-clock,hard,building_in_region,"(90,20,r=8)",128x64,"(53,20)",proc(agent),37,OK,OK
mfb-third-base-against-clock,hard,building_in_region,"(90,50,r=8)",128x64,"(53,20)",proc(agent),37,OK,OK
proc-conditional-branch-action,easy,enemy_key_buildings_destroyed_in_region,"(20,4,r=12)",128x48,"(20,4)",tent(enemy),0,OK,OK
proc-conditional-branch-action,easy,enemy_key_buildings_destroyed_in_region,"(20,36,r=12)",128x48,"(20,4)",tent(enemy),32,D1,"fix predicate to match actor at (20,4) [d=32, r=12]"
proc-conditional-branch-action,medium,enemy_key_buildings_destroyed_in_region,"(20,4,r=12)",128x48,"(20,4)",tent(enemy),0,OK,OK
proc-conditional-branch-action,medium,enemy_key_buildings_destroyed_in_region,"(20,36,r=12)",128x48,"(20,4)",tent(enemy),32,D1,"fix predicate to match actor at (20,4) [d=32, r=12]"
proc-conditional-branch-action,hard,enemy_key_buildings_destroyed_in_region,"(20,4,r=12)",128x48,"(20,4)",tent(enemy),0,OK,OK
proc-conditional-branch-action,hard,enemy_key_buildings_destroyed_in_region,"(20,36,r=12)",128x48,"(20,36)",tent(enemy),0,OK,OK
proc-instruction-following-edge-case,easy,units_of_type_in_region_gte,"(90,20,r=6)",32x48,"(10,20)",2tnk(agent),80,D2,"fix predicate: coord (90,20) out of arena 32x48 cordon=0"
proc-instruction-following-edge-case,medium,units_of_type_in_region_gte,"(90,20,r=6)",32x48,"(10,20)",2tnk(agent),80,D2,"fix predicate: coord (90,20) out of arena 32x48 cordon=0"
proc-instruction-following-edge-case,medium,units_of_type_in_region_gte,"(8,20,r=6)",32x48,"(8,20)",2tnk(agent),0,OK,OK
proc-instruction-following-edge-case,medium,units_of_type_in_region_gte,"(8,20,r=6)",32x48,"(8,20)",2tnk(agent),0,OK,OK
proc-instruction-following-edge-case,hard,units_of_type_in_region_gte,"(90,20,r=6)",32x48,"(10,20)",2tnk(agent),80,D2,"fix predicate: coord (90,20) out of arena 32x48 cordon=0"
proc-instruction-following-edge-case,hard,units_of_type_in_region_gte,"(8,20,r=6)",32x48,"(8,20)",2tnk(agent),0,OK,OK
proc-instruction-following-edge-case,hard,units_of_type_in_region_gte,"(8,20,r=6)",32x48,"(8,20)",2tnk(agent),0,OK,OK
proc-no-attack-passive-only,easy,reach_region,"(110,20,r=6)",104x32,"(55,18)",gun(enemy),55,D2,"fix predicate: coord (110,20) out of arena 104x32 cordon=0"
proc-no-attack-passive-only,medium,reach_region,"(110,20,r=6)",104x32,"(75,18)",gun(enemy),35,D2,"fix predicate: coord (110,20) out of arena 104x32 cordon=0"
proc-no-attack-passive-only,hard,reach_region,"(110,20,r=6)",104x32,"(90,18)",gun(enemy),20,D2,"fix predicate: coord (110,20) out of arena 104x32 cordon=0"
proc-ordered-action-strict,easy,building_in_region,"(30,20,r=5)",128x32,"(14,18)",tent(agent),16,OK,OK
proc-ordered-action-strict,easy,building_in_region,"(90,20,r=5)",128x32,"(14,18)",tent(agent),76,OK,OK
proc-ordered-action-strict,easy,building_in_region,"(90,20,r=5)",128x32,"(14,18)",tent(agent),76,OK,OK
proc-ordered-action-strict,easy,building_in_region,"(30,20,r=5)",128x32,"(14,18)",tent(agent),16,OK,OK
proc-ordered-action-strict,medium,building_in_region,"(30,20,r=5)",128x32,"(14,18)",tent(agent),16,OK,OK
proc-ordered-action-strict,medium,building_in_region,"(60,20,r=5)",128x32,"(14,18)",tent(agent),46,OK,OK
proc-ordered-action-strict,medium,building_in_region,"(90,20,r=5)",128x32,"(14,18)",tent(agent),76,OK,OK
proc-ordered-action-strict,medium,building_in_region,"(60,20,r=5)",128x32,"(14,18)",tent(agent),46,OK,OK
proc-ordered-action-strict,medium,building_in_region,"(30,20,r=5)",128x32,"(14,18)",tent(agent),16,OK,OK
proc-ordered-action-strict,medium,building_in_region,"(90,20,r=5)",128x32,"(14,18)",tent(agent),76,OK,OK
proc-ordered-action-strict,medium,building_in_region,"(30,20,r=5)",128x32,"(14,18)",tent(agent),16,OK,OK
proc-ordered-action-strict,medium,building_in_region,"(90,20,r=5)",128x32,"(14,18)",tent(agent),76,OK,OK
proc-ordered-action-strict,medium,building_in_region,"(60,20,r=5)",128x32,"(14,18)",tent(agent),46,OK,OK
proc-ordered-action-strict,hard,building_in_region,"(30,20,r=5)",128x32,"(14,18)",tent(agent),16,OK,OK
proc-ordered-action-strict,hard,building_in_region,"(50,20,r=5)",128x32,"(14,18)",tent(agent),36,OK,OK
proc-ordered-action-strict,hard,building_in_region,"(70,20,r=5)",128x32,"(14,18)",tent(agent),56,OK,OK
proc-ordered-action-strict,hard,building_in_region,"(90,20,r=5)",128x32,"(14,18)",tent(agent),76,OK,OK
proc-ordered-action-strict,hard,building_in_region,"(50,20,r=5)",128x32,"(14,18)",tent(agent),36,OK,OK
proc-ordered-action-strict,hard,building_in_region,"(30,20,r=5)",128x32,"(14,18)",tent(agent),16,OK,OK
proc-ordered-action-strict,hard,building_in_region,"(70,20,r=5)",128x32,"(14,18)",tent(agent),56,OK,OK
proc-ordered-action-strict,hard,building_in_region,"(30,20,r=5)",128x32,"(14,18)",tent(agent),16,OK,OK
proc-ordered-action-strict,hard,building_in_region,"(70,20,r=5)",128x32,"(14,18)",tent(agent),56,OK,OK
proc-ordered-action-strict,hard,building_in_region,"(50,20,r=5)",128x32,"(14,18)",tent(agent),36,OK,OK
proc-ordered-action-strict,hard,building_in_region,"(90,20,r=5)",128x32,"(14,18)",tent(agent),76,OK,OK
proc-ordered-action-strict,hard,building_in_region,"(30,20,r=5)",128x32,"(14,18)",tent(agent),16,OK,OK
proc-ordered-action-strict,hard,building_in_region,"(90,20,r=5)",128x32,"(14,18)",tent(agent),76,OK,OK
proc-ordered-action-strict,hard,building_in_region,"(50,20,r=5)",128x32,"(14,18)",tent(agent),36,OK,OK
proc-ordered-action-strict,hard,building_in_region,"(90,20,r=5)",128x32,"(14,18)",tent(agent),76,OK,OK
proc-ordered-action-strict,hard,building_in_region,"(70,20,r=5)",128x32,"(14,18)",tent(agent),56,OK,OK
proc-strict-toolban-fidelity,easy,units_in_region_gte,"(90,20,r=6)",128x48,"(120,20)",fact(enemy),30,OK,OK
proc-strict-toolban-fidelity,medium,units_in_region_gte,"(90,20,r=6)",128x48,"(120,20)",fact(enemy),30,OK,OK
proc-strict-toolban-fidelity,hard,units_in_region_gte,"(90,20,r=6)",128x48,"(120,20)",fact(enemy),30,OK,OK
proc-tool-use-multi-distractor,easy,reach_region,"(110,20,r=6)",128x48,"(118,20)",fact(enemy),8,OK,OK
proc-tool-use-multi-distractor,medium,reach_region,"(110,20,r=6)",128x48,"(118,20)",fact(enemy),8,OK,OK
proc-tool-use-multi-distractor,hard,reach_region,"(110,20,r=6)",128x48,"(118,20)",fact(enemy),8,OK,OK
proc-tool-use-with-distractor,easy,reach_region,"(110,20,r=6)",128x48,"(120,20)",fact(enemy),10,OK,OK
proc-tool-use-with-distractor,medium,reach_region,"(110,20,r=6)",128x48,"(120,20)",fact(enemy),10,OK,OK
proc-tool-use-with-distractor,hard,reach_region,"(110,20,r=6)",128x48,"(120,20)",fact(enemy),10,OK,OK
reasoning-risk-route,easy,reach_region,"(120,20,r=7)",136x48,"(120,20)",fact(enemy),0,OK,OK
reasoning-risk-route,medium,reach_region,"(120,20,r=7)",136x48,"(120,20)",fact(enemy),0,OK,OK
reasoning-risk-route,hard,reach_region,"(122,20,r=6)",136x48,"(122,20)",fact(enemy),0,OK,OK
risk-blockade-bypass,easy,reach_region,"(110,20,r=6)",120x32,"(110,20)",fact(enemy),0,OK,OK
risk-blockade-bypass,medium,reach_region,"(110,20,r=6)",120x32,"(110,20)",fact(enemy),0,OK,OK
risk-blockade-bypass,hard,reach_region,"(110,20,r=6)",120x32,"(110,20)",fact(enemy),0,OK,OK
rob-objective-change-midway,easy,units_in_region_gte,"(55,8,r=6)",136x48,"(55,8)",proc(enemy),0,OK,OK
rob-objective-change-midway,easy,enemy_key_buildings_destroyed_in_region,"(100,30,r=6)",136x48,"(100,30)",fact(enemy),0,OK,OK
rob-objective-change-midway,medium,units_in_region_gte,"(55,12,r=6)",136x48,"(55,12)",proc(enemy),0,OK,OK
rob-objective-change-midway,medium,enemy_key_buildings_destroyed_in_region,"(105,34,r=6)",136x48,"(105,34)",fact(enemy),0,OK,OK
rob-objective-change-midway,hard,units_in_region_gte,"(55,20,r=6)",136x48,"(55,20)",proc(enemy),0,OK,OK
rob-objective-change-midway,hard,enemy_key_buildings_destroyed_in_region,"(100,30,r=6)",136x48,"(100,30)",fact(enemy),0,OK,OK
rob-objective-shift-with-or-clause,easy,enemy_key_buildings_destroyed_in_region,"(60,20,r=6)",136x40,"(60,19)",fact(enemy),1,OK,OK
rob-objective-shift-with-or-clause,easy,enemy_key_buildings_destroyed_in_region,"(100,30,r=6)",136x40,"(100,30)",fact(enemy),0,OK,OK
rob-objective-shift-with-or-clause,medium,enemy_key_buildings_destroyed_in_region,"(60,20,r=6)",136x40,"(60,19)",fact(enemy),1,OK,OK
rob-objective-shift-with-or-clause,medium,enemy_key_buildings_destroyed_in_region,"(100,30,r=6)",136x40,"(100,30)",fact(enemy),0,OK,OK
rob-objective-shift-with-or-clause,hard,enemy_key_buildings_destroyed_in_region,"(60,20,r=6)",136x40,"(60,19)",fact(enemy),1,OK,OK
rob-objective-shift-with-or-clause,hard,enemy_key_buildings_destroyed_in_region,"(100,30,r=6)",136x40,"(100,30)",fact(enemy),0,OK,OK
scout-detect-incoming-army,easy,units_in_region_gte,"(45,10,r=10)",128x40,"(16,20)",2tnk(agent),29,OK,OK
scout-detect-incoming-army,medium,units_in_region_gte,"(45,10,r=10)",128x40,"(16,20)",2tnk(agent),29,OK,OK
scout-detect-incoming-army,medium,units_in_region_gte,"(45,30,r=10)",128x40,"(16,20)",2tnk(agent),29,OK,OK
scout-detect-incoming-army,hard,units_in_region_gte,"(45,10,r=10)",128x40,"(16,14)",2tnk(agent),29,OK,OK
scout-detect-incoming-army,hard,units_in_region_gte,"(45,30,r=10)",128x40,"(16,14)",2tnk(agent),29,OK,OK
scout-jeep-vs-infantry-cost-effective,easy,units_in_region_gte,"(110,20,r=5)",120x40,"(110,20)",fact(enemy),0,OK,OK
scout-jeep-vs-infantry-cost-effective,medium,units_in_region_gte,"(110,20,r=5)",120x40,"(110,20)",fact(enemy),0,OK,OK
scout-jeep-vs-infantry-cost-effective,hard,units_in_region_gte,"(110,20,r=5)",120x40,"(110,20)",fact(enemy),0,OK,OK
strategy-trilemma,easy,building_in_region,"(60,20,r=6)",96x40,"(14,18)",powr(agent),46,OK,OK
strategy-trilemma,medium,building_in_region,"(60,20,r=6)",96x40,"(14,18)",powr(agent),46,OK,OK
strategy-trilemma,hard,building_in_region,"(60,20,r=6)",96x40,"(14,18)",powr(agent),46,OK,OK
strict-toolban-fidelity-under-pressure,easy,reach_region,"(110,20,r=6)",128x32,"(120,20)",fact(enemy),10,OK,OK
strict-toolban-fidelity-under-pressure,medium,reach_region,"(110,20,r=6)",128x32,"(120,20)",fact(enemy),10,OK,OK
strict-toolban-fidelity-under-pressure,hard,reach_region,"(110,20,r=6)",128x32,"(120,20)",fact(enemy),10,OK,OK
tp-decision-under-clock,easy,enemy_key_buildings_destroyed_in_region,"(72,6,r=6)",80x40,"(72,6)",fact(enemy),0,OK,OK
tp-decision-under-clock,easy,enemy_key_buildings_destroyed_in_region,"(72,34,r=6)",80x40,"(72,34)",fact(enemy),0,OK,OK
tp-decision-under-clock,medium,enemy_key_buildings_destroyed_in_region,"(72,6,r=6)",80x40,"(72,6)",fact(enemy),0,OK,OK
tp-decision-under-clock,medium,enemy_key_buildings_destroyed_in_region,"(72,34,r=6)",80x40,"(72,34)",fact(enemy),0,OK,OK
tp-decision-under-clock,hard,enemy_key_buildings_destroyed_in_region,"(72,6,r=6)",80x40,"(72,6)",fact(enemy),0,OK,OK
tp-decision-under-clock,hard,enemy_key_buildings_destroyed_in_region,"(72,34,r=6)",80x40,"(72,34)",fact(enemy),0,OK,OK
tp-rush-multi-objective,easy,enemy_key_buildings_destroyed_in_region,"(115,8,r=6)",128x48,"(115,8)",fact(enemy),0,OK,OK
tp-rush-multi-objective,easy,enemy_key_buildings_destroyed_in_region,"(115,32,r=6)",128x48,"(115,32)",fact(enemy),0,OK,OK
tp-rush-multi-objective,medium,enemy_key_buildings_destroyed_in_region,"(115,8,r=6)",128x48,"(115,8)",fact(enemy),0,OK,OK
tp-rush-multi-objective,medium,enemy_key_buildings_destroyed_in_region,"(115,32,r=6)",128x48,"(115,32)",fact(enemy),0,OK,OK
tp-rush-multi-objective,hard,enemy_key_buildings_destroyed_in_region,"(115,8,r=6)",128x48,"(115,8)",fact(enemy),0,OK,OK
tp-rush-multi-objective,hard,enemy_key_buildings_destroyed_in_region,"(115,32,r=6)",128x48,"(115,32)",fact(enemy),0,OK,OK
tp-rush-objective-very-fast,easy,enemy_key_buildings_destroyed_in_region,"(72,20,r=6)",80x40,"(72,20)",fact(enemy),0,OK,OK
tp-rush-objective-very-fast,medium,enemy_key_buildings_destroyed_in_region,"(72,20,r=6)",80x40,"(72,20)",fact(enemy),0,OK,OK
tp-rush-objective-very-fast,hard,enemy_key_buildings_destroyed_in_region,"(72,20,r=6)",80x40,"(72,20)",fact(enemy),0,OK,OK
