pack,tier,seed,outcome,bucket,subbucket,evidence,recommendation,sample_size
action-multiunit-coordination,hard,2,draw,SCENARIO,S.2,"engine ended at turn 32/tick 2643 (kills=3) before within_ticks=3300; 2 of 3 region predicates met, 3rd never reached because run terminated early",Add anti-auto-done sentinel (far-corner unarmed enemy fact/barr) or convert deadline-without-completion into explicit fail clause,1
action-sequenced-execution,easy,1,loss,MODEL,M.2,"wrong tactic: progress=0.49 after 28 turns, kills=1 lost=0 cash=0; model pursued a strategy the briefing situation does not support (e.g. front-charge instead of flank, hoard instead of spend, abandon defense anchor)",Accept as model wrong-tactic gap (legitimate eval signal),1
action-sequenced-execution,hard,1,loss,MODEL,M.2,"wrong tactic: progress=0.50 after 63 turns, kills=0 lost=1 cash=0; model pursued a strategy the briefing situation does not support (e.g. front-charge instead of flank, hoard instead of spend, abandon defense anchor)",Accept as model wrong-tactic gap (legitimate eval signal),4
action-sequenced-execution,hard,2,loss,MODEL,M.2,"wrong tactic: progress=0.50 after 66 turns, kills=0 lost=1 cash=0; model pursued a strategy the briefing situation does not support (e.g. front-charge instead of flank, hoard instead of spend, abandon defense anchor)",Accept as model wrong-tactic gap (legitimate eval signal),4
action-sequenced-execution,hard,3,loss,MODEL,M.2,"wrong tactic: progress=0.37 after 63 turns, kills=0 lost=2 cash=0; model pursued a strategy the briefing situation does not support (e.g. front-charge instead of flank, hoard instead of spend, abandon defense anchor)",Accept as model wrong-tactic gap (legitimate eval signal),4
action-sequenced-execution,hard,4,loss,MODEL,M.2,"wrong tactic: progress=0.50 after 66 turns, kills=0 lost=0 cash=0; model pursued a strategy the briefing situation does not support (e.g. front-charge instead of flank, hoard instead of spend, abandon defense anchor)",Accept as model wrong-tactic gap (legitimate eval signal),4
combat-attack-from-behind-fog,medium,1,loss,MODEL,M.2,"wrong tactic: progress=0.56 after 8 turns, kills=0 lost=2 cash=0; model pursued a strategy the briefing situation does not support (e.g. front-charge instead of flank, hoard instead of spend, abandon defense anchor)",Accept as model wrong-tactic gap (legitimate eval signal),1
combat-attack-from-behind-fog,hard,1,loss,MODEL,M.1,"passivity: 3/10 turns were observe-only (30%); progress=0.56, kills=0, lost=2, final_tick=468",Accept as model passivity gap (legitimate eval signal),3
combat-attack-from-behind-fog,hard,2,loss,MODEL,M.2,"wrong tactic: progress=0.56 after 9 turns, kills=0 lost=2 cash=0; model pursued a strategy the briefing situation does not support (e.g. front-charge instead of flank, hoard instead of spend, abandon defense anchor)",Accept as model wrong-tactic gap (legitimate eval signal),3
combat-attack-from-behind-fog,hard,3,loss,MODEL,M.1,"passivity: 3/10 turns were observe-only (30%); progress=0.56, kills=0, lost=2, final_tick=468",Accept as model passivity gap (legitimate eval signal),3
combat-bait-counter-attack,easy,1,loss,MODEL,M.2,"wrong tactic: progress=0.58 after 18 turns, kills=2 lost=4 cash=0; model pursued a strategy the briefing situation does not support (e.g. front-charge instead of flank, hoard instead of spend, abandon defense anchor)",Accept as model wrong-tactic gap (legitimate eval signal),1
combat-bait-counter-attack,medium,1,loss,MODEL,M.2,"wrong tactic: progress=0.56 after 14 turns, kills=1 lost=3 cash=0; model pursued a strategy the briefing situation does not support (e.g. front-charge instead of flank, hoard instead of spend, abandon defense anchor)",Accept as model wrong-tactic gap (legitimate eval signal),1
combat-bait-counter-attack,hard,1,loss,MODEL,M.2,"wrong tactic: progress=0.56 after 13 turns, kills=2 lost=3 cash=0; model pursued a strategy the briefing situation does not support (e.g. front-charge instead of flank, hoard instead of spend, abandon defense anchor)",Accept as model wrong-tactic gap (legitimate eval signal),4
combat-bait-counter-attack,hard,2,loss,MODEL,M.2,"wrong tactic: progress=0.56 after 15 turns, kills=1 lost=3 cash=0; model pursued a strategy the briefing situation does not support (e.g. front-charge instead of flank, hoard instead of spend, abandon defense anchor)",Accept as model wrong-tactic gap (legitimate eval signal),4
combat-bait-counter-attack,hard,3,loss,MODEL,M.2,"wrong tactic: progress=0.56 after 16 turns, kills=3 lost=3 cash=0; model pursued a strategy the briefing situation does not support (e.g. front-charge instead of flank, hoard instead of spend, abandon defense anchor)",Accept as model wrong-tactic gap (legitimate eval signal),4
combat-bait-counter-attack,hard,4,loss,MODEL,M.2,"wrong tactic: progress=0.56 after 17 turns, kills=3 lost=3 cash=0; model pursued a strategy the briefing situation does not support (e.g. front-charge instead of flank, hoard instead of spend, abandon defense anchor)",Accept as model wrong-tactic gap (legitimate eval signal),4
combat-divide-and-conquer,easy,1,loss,MODEL,M.5,"fixated on subtask / partial execution: progress=0.73 after 11 turns, kills=1 lost=2 cash=0; reached 70-85% of win threshold but did not close the gap (likely one sub-objective ignored)",Accept as model focus-failure gap,1
combat-divide-and-conquer,medium,1,loss,MODEL,M.2,"wrong tactic: progress=0.67 after 13 turns, kills=0 lost=2 cash=0; model pursued a strategy the briefing situation does not support (e.g. front-charge instead of flank, hoard instead of spend, abandon defense anchor)",Accept as model wrong-tactic gap (legitimate eval signal),1
combat-divide-and-conquer,hard,2,loss,MODEL,M.2,"wrong tactic: progress=0.61 after 19 turns, kills=1 lost=3 cash=0; model pursued a strategy the briefing situation does not support (e.g. front-charge instead of flank, hoard instead of spend, abandon defense anchor)",Accept as model wrong-tactic gap (legitimate eval signal),3
combat-divide-and-conquer,hard,3,loss,MODEL,M.2,"wrong tactic: progress=0.69 after 18 turns, kills=1 lost=2 cash=0; model pursued a strategy the briefing situation does not support (e.g. front-charge instead of flank, hoard instead of spend, abandon defense anchor)",Accept as model wrong-tactic gap (legitimate eval signal),3
combat-divide-and-conquer,hard,4,loss,MODEL,M.4,"close miss: progress=0.89, kills=8, lost=2, cash=0, turns=19; one predicate clause missed (e.g. cash band / unit count threshold)",Accept as model close-miss gap (consider tightening / loosening predicate to discriminate),3
combat-flanking-attack,easy,1,draw,SCENARIO,S.3,easy:1 ended draw at turn 26 (6 observe turns); model stalled — fail clause did not fire on passivity; 4-tank survival-floor knife-edge with no fail-on-stall,Add explicit fail_condition any_of with after_ticks + not full_objective so stall is LOSS not DRAW,1
combat-flanking-attack,medium,1,loss,MODEL,M.1,"passivity: 6/12 turns were observe-only (50%); progress=0.56, kills=0, lost=2, final_tick=648",Accept as model passivity gap (legitimate eval signal),1
combat-flanking-attack,hard,1,loss,MODEL,M.4,"close miss: progress=0.94, kills=5, lost=3, cash=0, turns=19; one predicate clause missed (e.g. cash band / unit count threshold)",Accept as model close-miss gap (consider tightening / loosening predicate to discriminate),3
combat-flanking-attack,hard,2,loss,MODEL,M.1,"passivity: 18/40 turns were observe-only (45%); progress=0.73, kills=1, lost=1, final_tick=3033",Accept as model passivity gap (legitimate eval signal),3
combat-flanking-attack,hard,4,loss,MODEL,M.1,"passivity: 10/18 turns were observe-only (56%); progress=0.61, kills=0, lost=3, final_tick=633",Accept as model passivity gap (legitimate eval signal),3
combat-focus-fire-priority,medium,1,draw,SCENARIO,S.1,"medium:1 draw at turn 30/budget; pack runs in interrupt mode, per-turn tick advance variable; within_ticks 2700 not reachable in 30 turns under interrupt budget",Raise max_turns or relax within_ticks so deadline bites within max_turns × (variable per-turn ticks under interrupt mode),1
combat-focus-fire-priority,hard,1,loss,MODEL,M.5,"fixated on subtask / partial execution: progress=0.71 after 34 turns, kills=2 lost=1 cash=0; reached 70-85% of win threshold but did not close the gap (likely one sub-objective ignored)",Accept as model focus-failure gap,2
combat-focus-fire-priority,hard,4,loss,MODEL,M.2,"wrong tactic: progress=0.67 after 31 turns, kills=0 lost=0 cash=0; model pursued a strategy the briefing situation does not support (e.g. front-charge instead of flank, hoard instead of spend, abandon defense anchor)",Accept as model wrong-tactic gap (legitimate eval signal),2
combat-formation-tank-wedge,medium,1,loss,MODEL,M.2,"wrong tactic: progress=0.58 after 11 turns, kills=2 lost=3 cash=0; model pursued a strategy the briefing situation does not support (e.g. front-charge instead of flank, hoard instead of spend, abandon defense anchor)",Accept as model wrong-tactic gap (legitimate eval signal),1
combat-formation-tank-wedge,hard,1,loss,MODEL,M.2,"wrong tactic: progress=0.60 after 23 turns, kills=3 lost=3 cash=0; model pursued a strategy the briefing situation does not support (e.g. front-charge instead of flank, hoard instead of spend, abandon defense anchor)",Accept as model wrong-tactic gap (legitimate eval signal),4
combat-formation-tank-wedge,hard,2,loss,MODEL,M.2,"wrong tactic: progress=0.67 after 13 turns, kills=4 lost=3 cash=0; model pursued a strategy the briefing situation does not support (e.g. front-charge instead of flank, hoard instead of spend, abandon defense anchor)",Accept as model wrong-tactic gap (legitimate eval signal),4
combat-formation-tank-wedge,hard,3,loss,MODEL,M.2,"wrong tactic: progress=0.42 after 21 turns, kills=0 lost=3 cash=0; model pursued a strategy the briefing situation does not support (e.g. front-charge instead of flank, hoard instead of spend, abandon defense anchor)",Accept as model wrong-tactic gap (legitimate eval signal),4
combat-formation-tank-wedge,hard,4,loss,MODEL,M.2,"wrong tactic: progress=0.60 after 14 turns, kills=3 lost=3 cash=0; model pursued a strategy the briefing situation does not support (e.g. front-charge instead of flank, hoard instead of spend, abandon defense anchor)",Accept as model wrong-tactic gap (legitimate eval signal),4
combat-harass-aggro-commit,medium,1,loss,MODEL,M.1,"passivity: 12/17 turns were observe-only (71%); progress=0.33, kills=0, lost=3, final_tick=1443",Accept as model passivity gap (legitimate eval signal),1
combat-harass-aggro-commit,hard,1,loss,MODEL,M.1,"passivity: 39/43 turns were observe-only (91%); progress=0.39, kills=1, lost=3, final_tick=3783",Accept as model passivity gap (legitimate eval signal),2
combat-harass-aggro-commit,hard,3,loss,MODEL,M.1,"passivity: 19/25 turns were observe-only (76%); progress=0.39, kills=1, lost=3, final_tick=2163",Accept as model passivity gap (legitimate eval signal),2
combat-harass-balanced-hit-and-run,easy,1,loss,MODEL,M.1,"passivity: 3/9 turns were observe-only (33%); progress=0.67, kills=3, lost=2, final_tick=723",Accept as model passivity gap (legitimate eval signal),1
combat-harass-balanced-hit-and-run,medium,1,loss,MODEL,M.2,"wrong tactic: progress=0.56 after 8 turns, kills=2 lost=1 cash=0; model pursued a strategy the briefing situation does not support (e.g. front-charge instead of flank, hoard instead of spend, abandon defense anchor)",Accept as model wrong-tactic gap (legitimate eval signal),1
combat-harass-balanced-hit-and-run,hard,1,loss,MODEL,M.2,"wrong tactic: progress=0.67 after 9 turns, kills=3 lost=1 cash=0; model pursued a strategy the briefing situation does not support (e.g. front-charge instead of flank, hoard instead of spend, abandon defense anchor)",Accept as model wrong-tactic gap (legitimate eval signal),4
combat-harass-balanced-hit-and-run,hard,2,loss,MODEL,M.2,"wrong tactic: progress=0.56 after 9 turns, kills=2 lost=2 cash=0; model pursued a strategy the briefing situation does not support (e.g. front-charge instead of flank, hoard instead of spend, abandon defense anchor)",Accept as model wrong-tactic gap (legitimate eval signal),4
combat-harass-balanced-hit-and-run,hard,3,loss,MODEL,M.2,"wrong tactic: progress=0.56 after 8 turns, kills=2 lost=1 cash=0; model pursued a strategy the briefing situation does not support (e.g. front-charge instead of flank, hoard instead of spend, abandon defense anchor)",Accept as model wrong-tactic gap (legitimate eval signal),4
combat-harass-balanced-hit-and-run,hard,4,loss,MODEL,M.1,"passivity: 21/30 turns were observe-only (70%); progress=0.67, kills=3, lost=2, final_tick=2613",Accept as model passivity gap (legitimate eval signal),4
combat-hold-chokepoint,easy,1,loss,MODEL,M.2,"wrong tactic: progress=0.63 after 15 turns, kills=6 lost=2 cash=0; model pursued a strategy the briefing situation does not support (e.g. front-charge instead of flank, hoard instead of spend, abandon defense anchor)",Accept as model wrong-tactic gap (legitimate eval signal),1
combat-hold-chokepoint,hard,3,loss,MODEL,M.2,"wrong tactic: progress=0.56 after 15 turns, kills=4 lost=3 cash=0; model pursued a strategy the briefing situation does not support (e.g. front-charge instead of flank, hoard instead of spend, abandon defense anchor)",Accept as model wrong-tactic gap (legitimate eval signal),1
combat-kite-and-pull,easy,1,loss,MODEL,M.2,"wrong tactic: progress=0.33 after 10 turns, kills=0 lost=1 cash=0; model pursued a strategy the briefing situation does not support (e.g. front-charge instead of flank, hoard instead of spend, abandon defense anchor)",Accept as model wrong-tactic gap (legitimate eval signal),1
combat-kite-jeep-vs-tank,easy,1,loss,MODEL,M.1,"passivity: 4/11 turns were observe-only (36%); progress=0.56, kills=0, lost=1, final_tick=903",Accept as model passivity gap (legitimate eval signal),1
combat-kite-jeep-vs-tank,hard,1,loss,MODEL,M.2,"wrong tactic: progress=0.56 after 9 turns, kills=0 lost=1 cash=0; model pursued a strategy the briefing situation does not support (e.g. front-charge instead of flank, hoard instead of spend, abandon defense anchor)",Accept as model wrong-tactic gap (legitimate eval signal),3
combat-kite-jeep-vs-tank,hard,2,loss,MODEL,M.2,"wrong tactic: progress=0.56 after 8 turns, kills=0 lost=1 cash=0; model pursued a strategy the briefing situation does not support (e.g. front-charge instead of flank, hoard instead of spend, abandon defense anchor)",Accept as model wrong-tactic gap (legitimate eval signal),3
combat-kite-jeep-vs-tank,hard,4,loss,MODEL,M.2,"wrong tactic: progress=0.56 after 9 turns, kills=0 lost=1 cash=0; model pursued a strategy the briefing situation does not support (e.g. front-charge instead of flank, hoard instead of spend, abandon defense anchor)",Accept as model wrong-tactic gap (legitimate eval signal),3
combat-prevent-retreat,easy,1,loss,MODEL,M.1,"passivity: 4/10 turns were observe-only (40%); progress=0.33, kills=0, lost=3, final_tick=633",Accept as model passivity gap (legitimate eval signal),1
combat-prevent-retreat,medium,1,loss,MODEL,M.2,"wrong tactic: progress=0.42 after 13 turns, kills=0 lost=2 cash=0; model pursued a strategy the briefing situation does not support (e.g. front-charge instead of flank, hoard instead of spend, abandon defense anchor)",Accept as model wrong-tactic gap (legitimate eval signal),1
combat-protect-vip-escort,easy,1,loss,MODEL,M.2,"wrong tactic: progress=0.33 after 9 turns, kills=0 lost=1 cash=0; model pursued a strategy the briefing situation does not support (e.g. front-charge instead of flank, hoard instead of spend, abandon defense anchor)",Accept as model wrong-tactic gap (legitimate eval signal),1
combat-protect-vip-escort,medium,1,loss,MODEL,M.2,"wrong tactic: progress=0.33 after 9 turns, kills=0 lost=1 cash=0; model pursued a strategy the briefing situation does not support (e.g. front-charge instead of flank, hoard instead of spend, abandon defense anchor)",Accept as model wrong-tactic gap (legitimate eval signal),1
combat-protect-vip-escort,hard,2,loss,MODEL,M.2,"wrong tactic: progress=0.33 after 9 turns, kills=0 lost=1 cash=0; model pursued a strategy the briefing situation does not support (e.g. front-charge instead of flank, hoard instead of spend, abandon defense anchor)",Accept as model wrong-tactic gap (legitimate eval signal),3
combat-protect-vip-escort,hard,3,loss,MODEL,M.2,"wrong tactic: progress=0.33 after 11 turns, kills=0 lost=2 cash=0; model pursued a strategy the briefing situation does not support (e.g. front-charge instead of flank, hoard instead of spend, abandon defense anchor)",Accept as model wrong-tactic gap (legitimate eval signal),3
combat-protect-vip-escort,hard,4,loss,MODEL,M.2,"wrong tactic: progress=0.33 after 10 turns, kills=0 lost=1 cash=0; model pursued a strategy the briefing situation does not support (e.g. front-charge instead of flank, hoard instead of spend, abandon defense anchor)",Accept as model wrong-tactic gap (legitimate eval signal),3
combat-retreat-after-engagement,easy,1,loss,MODEL,M.2,"wrong tactic: progress=0.50 after 10 turns, kills=1 lost=3 cash=0; model pursued a strategy the briefing situation does not support (e.g. front-charge instead of flank, hoard instead of spend, abandon defense anchor)",Accept as model wrong-tactic gap (legitimate eval signal),1
combat-retreat-after-engagement,medium,1,loss,MODEL,M.2,"wrong tactic: progress=0.42 after 8 turns, kills=1 lost=3 cash=0; model pursued a strategy the briefing situation does not support (e.g. front-charge instead of flank, hoard instead of spend, abandon defense anchor)",Accept as model wrong-tactic gap (legitimate eval signal),1
combat-retreat-after-engagement,hard,2,loss,MODEL,M.2,"wrong tactic: progress=0.33 after 9 turns, kills=0 lost=2 cash=0; model pursued a strategy the briefing situation does not support (e.g. front-charge instead of flank, hoard instead of spend, abandon defense anchor)",Accept as model wrong-tactic gap (legitimate eval signal),2
combat-retreat-after-engagement,hard,3,loss,MODEL,M.2,"wrong tactic: progress=0.33 after 9 turns, kills=0 lost=2 cash=0; model pursued a strategy the briefing situation does not support (e.g. front-charge instead of flank, hoard instead of spend, abandon defense anchor)",Accept as model wrong-tactic gap (legitimate eval signal),2
combat-rocket-soldier-anti-vehicle,easy,1,loss,MODEL,M.2,"wrong tactic: progress=0.40 after 51 turns, kills=0 lost=0 cash=0; model pursued a strategy the briefing situation does not support (e.g. front-charge instead of flank, hoard instead of spend, abandon defense anchor)",Accept as model wrong-tactic gap (legitimate eval signal),1
combat-rocket-soldier-anti-vehicle,medium,1,loss,MODEL,M.2,"wrong tactic: progress=0.40 after 51 turns, kills=0 lost=0 cash=0; model pursued a strategy the briefing situation does not support (e.g. front-charge instead of flank, hoard instead of spend, abandon defense anchor)",Accept as model wrong-tactic gap (legitimate eval signal),1
combat-rocket-soldier-anti-vehicle,hard,1,loss,MODEL,M.5,"fixated on subtask / partial execution: progress=0.80 after 41 turns, kills=4 lost=0 cash=0; reached 70-85% of win threshold but did not close the gap (likely one sub-objective ignored)",Accept as model focus-failure gap,3
combat-rocket-soldier-anti-vehicle,hard,3,loss,MODEL,M.2,"wrong tactic: progress=0.60 after 41 turns, kills=3 lost=1 cash=0; model pursued a strategy the briefing situation does not support (e.g. front-charge instead of flank, hoard instead of spend, abandon defense anchor)",Accept as model wrong-tactic gap (legitimate eval signal),3
combat-rocket-soldier-anti-vehicle,hard,4,loss,MODEL,M.2,"wrong tactic: progress=0.40 after 41 turns, kills=0 lost=1 cash=0; model pursued a strategy the briefing situation does not support (e.g. front-charge instead of flank, hoard instead of spend, abandon defense anchor)",Accept as model wrong-tactic gap (legitimate eval signal),3
combat-skirmish-then-disengage,hard,4,loss,MODEL,M.1,"passivity: 3/8 turns were observe-only (38%); progress=0.20, kills=0, lost=4, final_tick=633",Accept as model passivity gap (legitimate eval signal),1
combat-suicide-charge-mission,easy,1,loss,MODEL,M.1,"passivity: 50/61 turns were observe-only (82%); progress=0.50, kills=0, lost=10, final_tick=5403",Accept as model passivity gap (legitimate eval signal),1
combat-suicide-charge-mission,medium,1,loss,MODEL,M.2,"wrong tactic: progress=0.49 after 73 turns, kills=0 lost=10 cash=0; model pursued a strategy the briefing situation does not support (e.g. front-charge instead of flank, hoard instead of spend, abandon defense anchor)",Accept as model wrong-tactic gap (legitimate eval signal),1
combat-suicide-charge-mission,hard,1,loss,MODEL,M.2,"wrong tactic: progress=0.50 after 81 turns, kills=2 lost=10 cash=0; model pursued a strategy the briefing situation does not support (e.g. front-charge instead of flank, hoard instead of spend, abandon defense anchor)",Accept as model wrong-tactic gap (legitimate eval signal),3
combat-suicide-charge-mission,hard,2,loss,MODEL,M.2,"wrong tactic: progress=0.50 after 81 turns, kills=1 lost=10 cash=0; model pursued a strategy the briefing situation does not support (e.g. front-charge instead of flank, hoard instead of spend, abandon defense anchor)",Accept as model wrong-tactic gap (legitimate eval signal),3
combat-suicide-charge-mission,hard,4,loss,MODEL,M.2,"wrong tactic: progress=0.50 after 81 turns, kills=1 lost=10 cash=0; model pursued a strategy the briefing situation does not support (e.g. front-charge instead of flank, hoard instead of spend, abandon defense anchor)",Accept as model wrong-tactic gap (legitimate eval signal),3
combat-tank-vs-tank-engagement,hard,4,loss,MODEL,M.5,"fixated on subtask / partial execution: progress=0.75 after 18 turns, kills=0 lost=0 cash=0; reached 70-85% of win threshold but did not close the gap (likely one sub-objective ignored)",Accept as model focus-failure gap,1
combat-tanya-vs-rush,medium,1,loss,MODEL,M.1,"passivity: 1/3 turns were observe-only (33%); progress=0.33, kills=0, lost=1, final_tick=39",Accept as model passivity gap (legitimate eval signal),1
combat-tanya-vs-rush,hard,1,loss,MODEL,M.2,"episode ended in 3 turns (lost=1, kills=2); model triggered instant fail clause (e.g. abandoned defensive anchor / lost critical unit early)",Accept as model wrong-tactic gap (legitimate eval signal),2
combat-tanya-vs-rush,hard,2,loss,MODEL,M.2,"episode ended in 3 turns (lost=1, kills=1); model triggered instant fail clause (e.g. abandoned defensive anchor / lost critical unit early)",Accept as model wrong-tactic gap (legitimate eval signal),2
combat-target-priority-highvalue,easy,1,loss,MODEL,M.4,"close miss: progress=0.85, kills=9, lost=2, cash=0, turns=16; one predicate clause missed (e.g. cash band / unit count threshold)",Accept as model close-miss gap (consider tightening / loosening predicate to discriminate),1
combat-target-priority-highvalue,medium,1,loss,MODEL,M.4,"close miss: progress=0.85, kills=11, lost=2, cash=0, turns=21; one predicate clause missed (e.g. cash band / unit count threshold)",Accept as model close-miss gap (consider tightening / loosening predicate to discriminate),1
combat-target-priority-highvalue,hard,1,loss,MODEL,M.5,"fixated on subtask / partial execution: progress=0.70 after 21 turns, kills=2 lost=2 cash=0; reached 70-85% of win threshold but did not close the gap (likely one sub-objective ignored)",Accept as model focus-failure gap,3
combat-target-priority-highvalue,hard,3,loss,MODEL,M.5,"fixated on subtask / partial execution: progress=0.70 after 22 turns, kills=2 lost=2 cash=0; reached 70-85% of win threshold but did not close the gap (likely one sub-objective ignored)",Accept as model focus-failure gap,3
combat-target-priority-highvalue,hard,4,loss,MODEL,M.5,"fixated on subtask / partial execution: progress=0.78 after 17 turns, kills=7 lost=2 cash=0; reached 70-85% of win threshold but did not close the gap (likely one sub-objective ignored)",Accept as model focus-failure gap,3
combat-vehicle-vs-infantry-counter,medium,1,loss,MODEL,M.5,"fixated on subtask / partial execution: progress=0.75 after 31 turns, kills=12 lost=0 cash=0; reached 70-85% of win threshold but did not close the gap (likely one sub-objective ignored)",Accept as model focus-failure gap,1
combat-vehicle-vs-infantry-counter,hard,2,loss,MODEL,M.5,"fixated on subtask / partial execution: progress=0.75 after 31 turns, kills=12 lost=0 cash=0; reached 70-85% of win threshold but did not close the gap (likely one sub-objective ignored)",Accept as model focus-failure gap,1
harass-response-preserve,hard,1,loss,MODEL,M.2,"episode ended in 4 turns (lost=1, kills=0); model triggered instant fail clause (e.g. abandoned defensive anchor / lost critical unit early)",Accept as model wrong-tactic gap (legitimate eval signal),4
harass-response-preserve,hard,2,loss,MODEL,M.1,"passivity: 2/5 turns were observe-only (40%); progress=0.63, kills=0, lost=1, final_tick=363",Accept as model passivity gap (legitimate eval signal),4
harass-response-preserve,hard,3,loss,MODEL,M.2,"episode ended in 4 turns (lost=1, kills=0); model triggered instant fail clause (e.g. abandoned defensive anchor / lost critical unit early)",Accept as model wrong-tactic gap (legitimate eval signal),4
harass-response-preserve,hard,4,loss,MODEL,M.2,"episode ended in 4 turns (lost=2, kills=0); model triggered instant fail clause (e.g. abandoned defensive anchor / lost critical unit early)",Accept as model wrong-tactic gap (legitimate eval signal),4
econ-burn-rate-management,easy,1,loss,MODEL,M.4,"close miss: progress=0.99, kills=3, lost=0, cash=4790, turns=15; one predicate clause missed (e.g. cash band / unit count threshold)",Accept as model close-miss gap (consider tightening / loosening predicate to discriminate),1
econ-burn-rate-management,medium,1,loss,MODEL,M.4,"close miss: progress=1.00, kills=5, lost=0, cash=4200, turns=13; one predicate clause missed (e.g. cash band / unit count threshold)",Accept as model close-miss gap (consider tightening / loosening predicate to discriminate),1
econ-burn-rate-management,hard,1,loss,MODEL,M.4,"close miss: progress=1.00, kills=6, lost=0, cash=2202, turns=12; one predicate clause missed (e.g. cash band / unit count threshold)",Accept as model close-miss gap (consider tightening / loosening predicate to discriminate),4
econ-burn-rate-management,hard,2,loss,MODEL,M.4,"close miss: progress=1.00, kills=6, lost=0, cash=3670, turns=12; one predicate clause missed (e.g. cash band / unit count threshold)",Accept as model close-miss gap (consider tightening / loosening predicate to discriminate),4
econ-burn-rate-management,hard,3,loss,MODEL,M.2,"wrong tactic: progress=0.67 after 12 turns, kills=0 lost=0 cash=501; model pursued a strategy the briefing situation does not support (e.g. front-charge instead of flank, hoard instead of spend, abandon defense anchor)",Accept as model wrong-tactic gap (legitimate eval signal),4
econ-burn-rate-management,hard,4,loss,MODEL,M.5,"fixated on subtask / partial execution: progress=0.80 after 12 turns, kills=0 lost=0 cash=3550; reached 70-85% of win threshold but did not close the gap (likely one sub-objective ignored)",Accept as model focus-failure gap,4
econ-buy-vs-build-decision,easy,1,loss,MODEL,M.1,"passivity: 6/20 turns were observe-only (30%); progress=0.66, kills=0, lost=0, final_tick=1533",Accept as model passivity gap (legitimate eval signal),1
econ-buy-vs-build-decision,medium,1,loss,MODEL,M.2,"wrong tactic: progress=0.65 after 23 turns, kills=0 lost=0 cash=3400; model pursued a strategy the briefing situation does not support (e.g. front-charge instead of flank, hoard instead of spend, abandon defense anchor)",Accept as model wrong-tactic gap (legitimate eval signal),1
econ-buy-vs-build-decision,hard,1,loss,MODEL,M.2,"wrong tactic: progress=0.66 after 26 turns, kills=0 lost=1 cash=3400; model pursued a strategy the briefing situation does not support (e.g. front-charge instead of flank, hoard instead of spend, abandon defense anchor)",Accept as model wrong-tactic gap (legitimate eval signal),2
econ-buy-vs-build-decision,hard,2,loss,MODEL,M.2,"wrong tactic: progress=0.66 after 25 turns, kills=0 lost=1 cash=3400; model pursued a strategy the briefing situation does not support (e.g. front-charge instead of flank, hoard instead of spend, abandon defense anchor)",Accept as model wrong-tactic gap (legitimate eval signal),2
econ-cash-reserve-management,easy,1,loss,MODEL,M.4,"close miss: progress=0.95, kills=0, lost=0, cash=8001, turns=61; one predicate clause missed (e.g. cash band / unit count threshold)",Accept as model close-miss gap (consider tightening / loosening predicate to discriminate),1
econ-cash-reserve-management,medium,1,loss,MODEL,M.4,"close miss: progress=0.92, kills=0, lost=0, cash=2301, turns=10; one predicate clause missed (e.g. cash band / unit count threshold)",Accept as model close-miss gap (consider tightening / loosening predicate to discriminate),1
econ-cash-reserve-management,hard,1,loss,MODEL,M.4,"close miss: progress=0.89, kills=0, lost=0, cash=2851, turns=13; one predicate clause missed (e.g. cash band / unit count threshold)",Accept as model close-miss gap (consider tightening / loosening predicate to discriminate),4
econ-cash-reserve-management,hard,2,loss,MODEL,M.4,"close miss: progress=0.89, kills=0, lost=0, cash=2701, turns=13; one predicate clause missed (e.g. cash band / unit count threshold)",Accept as model close-miss gap (consider tightening / loosening predicate to discriminate),4
econ-cash-reserve-management,hard,3,loss,MODEL,M.5,"fixated on subtask / partial execution: progress=0.84 after 13 turns, kills=0 lost=0 cash=252; reached 70-85% of win threshold but did not close the gap (likely one sub-objective ignored)",Accept as model focus-failure gap,4
econ-cash-reserve-management,hard,4,loss,MODEL,M.4,"close miss: progress=0.96, kills=0, lost=0, cash=2851, turns=13; one predicate clause missed (e.g. cash band / unit count threshold)",Accept as model close-miss gap (consider tightening / loosening predicate to discriminate),4
econ-contention-with-enemy,hard,1,loss,MODEL,M.5,"fixated on subtask / partial execution: progress=0.73 after 19 turns, kills=3 lost=2 cash=2000; reached 70-85% of win threshold but did not close the gap (likely one sub-objective ignored)",Accept as model focus-failure gap,2
econ-contention-with-enemy,hard,3,loss,MODEL,M.2,"wrong tactic: progress=0.62 after 17 turns, kills=1 lost=2 cash=4500; model pursued a strategy the briefing situation does not support (e.g. front-charge instead of flank, hoard instead of spend, abandon defense anchor)",Accept as model wrong-tactic gap (legitimate eval signal),2
econ-contested-expansion,easy,1,loss,MODEL,M.2,"wrong tactic: progress=0.52 after 46 turns, kills=2 lost=0 cash=452; model pursued a strategy the briefing situation does not support (e.g. front-charge instead of flank, hoard instead of spend, abandon defense anchor)",Accept as model wrong-tactic gap (legitimate eval signal),1
econ-contested-expansion,medium,1,loss,MODEL,M.2,"wrong tactic: progress=0.67 after 46 turns, kills=3 lost=2 cash=4500; model pursued a strategy the briefing situation does not support (e.g. front-charge instead of flank, hoard instead of spend, abandon defense anchor)",Accept as model wrong-tactic gap (legitimate eval signal),1
econ-contested-expansion,hard,1,loss,MODEL,M.5,"fixated on subtask / partial execution: progress=0.75 after 46 turns, kills=2 lost=0 cash=200; reached 70-85% of win threshold but did not close the gap (likely one sub-objective ignored)",Accept as model focus-failure gap,4
econ-contested-expansion,hard,2,loss,MODEL,M.4,"close miss: progress=0.85, kills=2, lost=1, cash=2751, turns=46; one predicate clause missed (e.g. cash band / unit count threshold)",Accept as model close-miss gap (consider tightening / loosening predicate to discriminate),4
econ-contested-expansion,hard,3,loss,MODEL,M.2,"wrong tactic: progress=0.50 after 46 turns, kills=2 lost=1 cash=0; model pursued a strategy the briefing situation does not support (e.g. front-charge instead of flank, hoard instead of spend, abandon defense anchor)",Accept as model wrong-tactic gap (legitimate eval signal),4
econ-contested-expansion,hard,4,loss,MODEL,M.5,"fixated on subtask / partial execution: progress=0.75 after 46 turns, kills=1 lost=0 cash=0; reached 70-85% of win threshold but did not close the gap (likely one sub-objective ignored)",Accept as model focus-failure gap,4
econ-deny-enemy-expansion,medium,1,loss,MODEL,M.2,"wrong tactic: progress=0.50 after 13 turns, kills=0 lost=4 cash=0; model pursued a strategy the briefing situation does not support (e.g. front-charge instead of flank, hoard instead of spend, abandon defense anchor)",Accept as model wrong-tactic gap (legitimate eval signal),1
econ-deny-enemy-expansion,hard,2,loss,MODEL,M.2,"wrong tactic: progress=0.62 after 12 turns, kills=0 lost=3 cash=0; model pursued a strategy the briefing situation does not support (e.g. front-charge instead of flank, hoard instead of spend, abandon defense anchor)",Accept as model wrong-tactic gap (legitimate eval signal),3
econ-deny-enemy-expansion,hard,3,loss,MODEL,M.2,"wrong tactic: progress=0.50 after 12 turns, kills=0 lost=4 cash=0; model pursued a strategy the briefing situation does not support (e.g. front-charge instead of flank, hoard instead of spend, abandon defense anchor)",Accept as model wrong-tactic gap (legitimate eval signal),3
econ-deny-enemy-expansion,hard,4,loss,MODEL,M.2,"wrong tactic: progress=0.62 after 12 turns, kills=0 lost=3 cash=0; model pursued a strategy the briefing situation does not support (e.g. front-charge instead of flank, hoard instead of spend, abandon defense anchor)",Accept as model wrong-tactic gap (legitimate eval signal),3
econ-expansion-timing,easy,1,loss,MODEL,M.2,"wrong tactic: progress=0.67 after 31 turns, kills=0 lost=0 cash=101; model pursued a strategy the briefing situation does not support (e.g. front-charge instead of flank, hoard instead of spend, abandon defense anchor)",Accept as model wrong-tactic gap (legitimate eval signal),1
econ-expansion-timing,hard,1,loss,MODEL,M.4,"close miss: progress=1.00, kills=0, lost=0, cash=10039, turns=51; one predicate clause missed (e.g. cash band / unit count threshold)",Accept as model close-miss gap (consider tightening / loosening predicate to discriminate),4
econ-expansion-timing,hard,2,loss,MODEL,M.2,"wrong tactic: progress=0.67 after 51 turns, kills=0 lost=0 cash=0; model pursued a strategy the briefing situation does not support (e.g. front-charge instead of flank, hoard instead of spend, abandon defense anchor)",Accept as model wrong-tactic gap (legitimate eval signal),4
econ-expansion-timing,hard,3,loss,MODEL,M.2,"wrong tactic: progress=0.67 after 51 turns, kills=0 lost=0 cash=0; model pursued a strategy the briefing situation does not support (e.g. front-charge instead of flank, hoard instead of spend, abandon defense anchor)",Accept as model wrong-tactic gap (legitimate eval signal),4
econ-expansion-timing,hard,4,loss,MODEL,M.2,"wrong tactic: progress=0.67 after 51 turns, kills=0 lost=0 cash=0; model pursued a strategy the briefing situation does not support (e.g. front-charge instead of flank, hoard instead of spend, abandon defense anchor)",Accept as model wrong-tactic gap (legitimate eval signal),4
econ-far-patch-vs-near-patch,easy,1,loss,MODEL,M.1,"passivity: 23/51 turns were observe-only (45%); progress=0.67, kills=0, lost=0, final_tick=4503",Accept as model passivity gap (legitimate eval signal),1
econ-far-patch-vs-near-patch,medium,1,loss,MODEL,M.2,"wrong tactic: progress=0.70 after 51 turns, kills=0 lost=0 cash=500; model pursued a strategy the briefing situation does not support (e.g. front-charge instead of flank, hoard instead of spend, abandon defense anchor)",Accept as model wrong-tactic gap (legitimate eval signal),1
econ-far-patch-vs-near-patch,hard,1,loss,MODEL,M.2,"wrong tactic: progress=0.50 after 51 turns, kills=0 lost=0 cash=0; model pursued a strategy the briefing situation does not support (e.g. front-charge instead of flank, hoard instead of spend, abandon defense anchor)",Accept as model wrong-tactic gap (legitimate eval signal),4
econ-far-patch-vs-near-patch,hard,2,loss,MODEL,M.2,"wrong tactic: progress=0.53 after 51 turns, kills=0 lost=0 cash=525; model pursued a strategy the briefing situation does not support (e.g. front-charge instead of flank, hoard instead of spend, abandon defense anchor)",Accept as model wrong-tactic gap (legitimate eval signal),4
econ-far-patch-vs-near-patch,hard,3,loss,MODEL,M.2,"wrong tactic: progress=0.50 after 51 turns, kills=0 lost=0 cash=0; model pursued a strategy the briefing situation does not support (e.g. front-charge instead of flank, hoard instead of spend, abandon defense anchor)",Accept as model wrong-tactic gap (legitimate eval signal),4
econ-far-patch-vs-near-patch,hard,4,loss,MODEL,M.2,"wrong tactic: progress=0.50 after 51 turns, kills=0 lost=0 cash=0; model pursued a strategy the briefing situation does not support (e.g. front-charge instead of flank, hoard instead of spend, abandon defense anchor)",Accept as model wrong-tactic gap (legitimate eval signal),4
econ-harvester-defense-raid,easy,1,loss,MODEL,M.1,"passivity: 10/24 turns were observe-only (42%); progress=0.67, kills=0, lost=1, final_tick=2073",Accept as model passivity gap (legitimate eval signal),1
econ-harvester-defense-raid,hard,1,loss,MODEL,M.4,"close miss: progress=1.00, kills=3, lost=0, cash=2500, turns=49; one predicate clause missed (e.g. cash band / unit count threshold)",Accept as model close-miss gap (consider tightening / loosening predicate to discriminate),3
econ-harvester-defense-raid,hard,2,loss,MODEL,M.2,"wrong tactic: progress=0.67 after 32 turns, kills=1 lost=1 cash=2000; model pursued a strategy the briefing situation does not support (e.g. front-charge instead of flank, hoard instead of spend, abandon defense anchor)",Accept as model wrong-tactic gap (legitimate eval signal),3
econ-harvester-defense-raid,hard,4,loss,MODEL,M.1,"passivity: 19/28 turns were observe-only (68%); progress=0.67, kills=1, lost=1, final_tick=2433",Accept as model passivity gap (legitimate eval signal),3
econ-harvester-pathing-optimization,easy,1,loss,MODEL,M.5,"fixated on subtask / partial execution: progress=0.85 after 51 turns, kills=0 lost=0 cash=1000; reached 70-85% of win threshold but did not close the gap (likely one sub-objective ignored)",Accept as model focus-failure gap,1
econ-harvester-pathing-optimization,medium,1,loss,MODEL,M.4,"close miss: progress=0.90, kills=0, lost=0, cash=2500, turns=51; one predicate clause missed (e.g. cash band / unit count threshold)",Accept as model close-miss gap (consider tightening / loosening predicate to discriminate),1
econ-harvester-pathing-optimization,hard,1,loss,MODEL,M.2,"wrong tactic: progress=0.59 after 51 turns, kills=0 lost=0 cash=1800; model pursued a strategy the briefing situation does not support (e.g. front-charge instead of flank, hoard instead of spend, abandon defense anchor)",Accept as model wrong-tactic gap (legitimate eval signal),4
econ-harvester-pathing-optimization,hard,2,loss,MODEL,M.2,"wrong tactic: progress=0.56 after 51 turns, kills=0 lost=0 cash=1200; model pursued a strategy the briefing situation does not support (e.g. front-charge instead of flank, hoard instead of spend, abandon defense anchor)",Accept as model wrong-tactic gap (legitimate eval signal),4
econ-harvester-pathing-optimization,hard,3,loss,MODEL,M.2,"wrong tactic: progress=0.50 after 51 turns, kills=0 lost=0 cash=0; model pursued a strategy the briefing situation does not support (e.g. front-charge instead of flank, hoard instead of spend, abandon defense anchor)",Accept as model wrong-tactic gap (legitimate eval signal),4
econ-harvester-pathing-optimization,hard,4,loss,MODEL,M.2,"wrong tactic: progress=0.50 after 51 turns, kills=0 lost=0 cash=0; model pursued a strategy the briefing situation does not support (e.g. front-charge instead of flank, hoard instead of spend, abandon defense anchor)",Accept as model wrong-tactic gap (legitimate eval signal),4
econ-mine-and-grow,easy,1,loss,MODEL,M.1,"passivity: 24/41 turns were observe-only (59%); progress=0.67, kills=0, lost=0, final_tick=3603",Accept as model passivity gap (legitimate eval signal),1
econ-mine-and-grow,hard,1,loss,MODEL,M.5,"fixated on subtask / partial execution: progress=0.71 after 41 turns, kills=0 lost=0 cash=600; reached 70-85% of win threshold but did not close the gap (likely one sub-objective ignored)",Accept as model focus-failure gap,4
econ-mine-and-grow,hard,2,loss,MODEL,M.2,"wrong tactic: progress=0.67 after 41 turns, kills=0 lost=0 cash=0; model pursued a strategy the briefing situation does not support (e.g. front-charge instead of flank, hoard instead of spend, abandon defense anchor)",Accept as model wrong-tactic gap (legitimate eval signal),4
econ-mine-and-grow,hard,3,loss,MODEL,M.2,"wrong tactic: progress=0.37 after 41 turns, kills=0 lost=0 cash=600; model pursued a strategy the briefing situation does not support (e.g. front-charge instead of flank, hoard instead of spend, abandon defense anchor)",Accept as model wrong-tactic gap (legitimate eval signal),4
econ-mine-and-grow,hard,4,loss,MODEL,M.2,"wrong tactic: progress=0.37 after 41 turns, kills=0 lost=0 cash=600; model pursued a strategy the briefing situation does not support (e.g. front-charge instead of flank, hoard instead of spend, abandon defense anchor)",Accept as model wrong-tactic gap (legitimate eval signal),4
econ-multi-patch-allocation,easy,1,loss,MODEL,M.2,"wrong tactic: progress=0.33 after 41 turns, kills=0 lost=0 cash=0; model pursued a strategy the briefing situation does not support (e.g. front-charge instead of flank, hoard instead of spend, abandon defense anchor)",Accept as model wrong-tactic gap (legitimate eval signal),1
econ-multi-patch-allocation,medium,1,loss,MODEL,M.2,"wrong tactic: progress=0.67 after 41 turns, kills=0 lost=0 cash=0; model pursued a strategy the briefing situation does not support (e.g. front-charge instead of flank, hoard instead of spend, abandon defense anchor)",Accept as model wrong-tactic gap (legitimate eval signal),1
econ-multi-patch-allocation,hard,1,loss,MODEL,M.2,"wrong tactic: progress=0.33 after 41 turns, kills=0 lost=0 cash=0; model pursued a strategy the briefing situation does not support (e.g. front-charge instead of flank, hoard instead of spend, abandon defense anchor)",Accept as model wrong-tactic gap (legitimate eval signal),4
econ-multi-patch-allocation,hard,2,loss,MODEL,M.2,"wrong tactic: progress=0.67 after 41 turns, kills=0 lost=0 cash=0; model pursued a strategy the briefing situation does not support (e.g. front-charge instead of flank, hoard instead of spend, abandon defense anchor)",Accept as model wrong-tactic gap (legitimate eval signal),4
econ-multi-patch-allocation,hard,3,loss,MODEL,M.2,"wrong tactic: progress=0.67 after 41 turns, kills=0 lost=0 cash=0; model pursued a strategy the briefing situation does not support (e.g. front-charge instead of flank, hoard instead of spend, abandon defense anchor)",Accept as model wrong-tactic gap (legitimate eval signal),4
econ-multi-patch-allocation,hard,4,loss,MODEL,M.2,"wrong tactic: progress=0.35 after 41 turns, kills=0 lost=0 cash=211; model pursued a strategy the briefing situation does not support (e.g. front-charge instead of flank, hoard instead of spend, abandon defense anchor)",Accept as model wrong-tactic gap (legitimate eval signal),4
econ-overflow-to-silos,medium,1,loss,MODEL,M.4,"close miss: progress=0.94, kills=0, lost=0, cash=15471, turns=22; one predicate clause missed (e.g. cash band / unit count threshold)",Accept as model close-miss gap (consider tightening / loosening predicate to discriminate),1
econ-overflow-to-silos,hard,1,loss,MODEL,M.1,"passivity: 8/22 turns were observe-only (36%); progress=0.87, kills=0, lost=0, final_tick=1893",Accept as model passivity gap (legitimate eval signal),4
econ-overflow-to-silos,hard,2,loss,MODEL,M.2,"wrong tactic: progress=0.69 after 22 turns, kills=0 lost=0 cash=2500; model pursued a strategy the briefing situation does not support (e.g. front-charge instead of flank, hoard instead of spend, abandon defense anchor)",Accept as model wrong-tactic gap (legitimate eval signal),4
econ-overflow-to-silos,hard,3,loss,MODEL,M.1,"passivity: 21/22 turns were observe-only (95%); progress=0.96, kills=0, lost=0, final_tick=1893",Accept as model passivity gap (legitimate eval signal),4
econ-overflow-to-silos,hard,4,loss,MODEL,M.4,"close miss: progress=0.94, kills=0, lost=0, cash=15021, turns=22; one predicate clause missed (e.g. cash band / unit count threshold)",Accept as model close-miss gap (consider tightening / loosening predicate to discriminate),4
econ-protect-harvester-route,easy,1,loss,MODEL,M.2,"wrong tactic: progress=0.60 after 20 turns, kills=0 lost=1 cash=0; model pursued a strategy the briefing situation does not support (e.g. front-charge instead of flank, hoard instead of spend, abandon defense anchor)",Accept as model wrong-tactic gap (legitimate eval signal),1
econ-protect-harvester-route,medium,1,draw,SCENARIO,S.3,medium:1 draw at turn 36 (kills=2 lost=0 progress=0.80); fail_condition does not bite on the deadline-without-completion frame,Add explicit fail_condition any_of with after_ticks + not full_objective so stall is LOSS not DRAW,1
econ-protect-harvester-route,hard,1,loss,MODEL,M.5,"fixated on subtask / partial execution: progress=0.80 after 61 turns, kills=1 lost=0 cash=0; reached 70-85% of win threshold but did not close the gap (likely one sub-objective ignored)",Accept as model focus-failure gap,4
econ-protect-harvester-route,hard,2,loss,MODEL,M.5,"fixated on subtask / partial execution: progress=0.80 after 61 turns, kills=1 lost=0 cash=0; reached 70-85% of win threshold but did not close the gap (likely one sub-objective ignored)",Accept as model focus-failure gap,4
econ-protect-harvester-route,hard,3,loss,MODEL,M.5,"fixated on subtask / partial execution: progress=0.80 after 61 turns, kills=1 lost=0 cash=0; reached 70-85% of win threshold but did not close the gap (likely one sub-objective ignored)",Accept as model focus-failure gap,4
econ-protect-harvester-route,hard,4,loss,MODEL,M.5,"fixated on subtask / partial execution: progress=0.80 after 61 turns, kills=1 lost=0 cash=0; reached 70-85% of win threshold but did not close the gap (likely one sub-objective ignored)",Accept as model focus-failure gap,4
econ-quantitative-vs-qualitative-spend,medium,1,loss,MODEL,M.2,"wrong tactic: progress=0.67 after 25 turns, kills=0 lost=2 cash=4500; model pursued a strategy the briefing situation does not support (e.g. front-charge instead of flank, hoard instead of spend, abandon defense anchor)",Accept as model wrong-tactic gap (legitimate eval signal),1
econ-quantitative-vs-qualitative-spend,hard,1,loss,MODEL,M.2,"wrong tactic: progress=0.67 after 6 turns, kills=0 lost=0 cash=4500; model pursued a strategy the briefing situation does not support (e.g. front-charge instead of flank, hoard instead of spend, abandon defense anchor)",Accept as model wrong-tactic gap (legitimate eval signal),4
econ-quantitative-vs-qualitative-spend,hard,2,loss,MODEL,M.5,"fixated on subtask / partial execution: progress=0.78 after 15 turns, kills=2 lost=2 cash=4400; reached 70-85% of win threshold but did not close the gap (likely one sub-objective ignored)",Accept as model focus-failure gap,4
econ-quantitative-vs-qualitative-spend,hard,3,loss,MODEL,M.2,"wrong tactic: progress=0.67 after 6 turns, kills=0 lost=0 cash=4500; model pursued a strategy the briefing situation does not support (e.g. front-charge instead of flank, hoard instead of spend, abandon defense anchor)",Accept as model wrong-tactic gap (legitimate eval signal),4
econ-quantitative-vs-qualitative-spend,hard,4,loss,MODEL,M.5,"fixated on subtask / partial execution: progress=0.72 after 6 turns, kills=1 lost=2 cash=4400; reached 70-85% of win threshold but did not close the gap (likely one sub-objective ignored)",Accept as model focus-failure gap,4
econ-recover-from-zero-cash,easy,1,loss,MODEL,M.2,"wrong tactic: progress=0.65 after 71 turns, kills=0 lost=0 cash=400; model pursued a strategy the briefing situation does not support (e.g. front-charge instead of flank, hoard instead of spend, abandon defense anchor)",Accept as model wrong-tactic gap (legitimate eval signal),1
econ-recover-from-zero-cash,medium,1,loss,MODEL,M.2,"wrong tactic: progress=0.50 after 71 turns, kills=0 lost=0 cash=0; model pursued a strategy the briefing situation does not support (e.g. front-charge instead of flank, hoard instead of spend, abandon defense anchor)",Accept as model wrong-tactic gap (legitimate eval signal),1
econ-recover-from-zero-cash,hard,1,loss,MODEL,M.2,"wrong tactic: progress=0.50 after 71 turns, kills=0 lost=0 cash=0; model pursued a strategy the briefing situation does not support (e.g. front-charge instead of flank, hoard instead of spend, abandon defense anchor)",Accept as model wrong-tactic gap (legitimate eval signal),4
econ-recover-from-zero-cash,hard,2,loss,MODEL,M.2,"wrong tactic: progress=0.50 after 71 turns, kills=0 lost=0 cash=0; model pursued a strategy the briefing situation does not support (e.g. front-charge instead of flank, hoard instead of spend, abandon defense anchor)",Accept as model wrong-tactic gap (legitimate eval signal),4
econ-recover-from-zero-cash,hard,3,loss,MODEL,M.2,"wrong tactic: progress=0.50 after 71 turns, kills=0 lost=0 cash=0; model pursued a strategy the briefing situation does not support (e.g. front-charge instead of flank, hoard instead of spend, abandon defense anchor)",Accept as model wrong-tactic gap (legitimate eval signal),4
econ-recover-from-zero-cash,hard,4,loss,MODEL,M.2,"wrong tactic: progress=0.50 after 71 turns, kills=0 lost=0 cash=0; model pursued a strategy the briefing situation does not support (e.g. front-charge instead of flank, hoard instead of spend, abandon defense anchor)",Accept as model wrong-tactic gap (legitimate eval signal),4
econ-replace-dead-harvester,hard,1,loss,MODEL,M.4,"close miss: progress=1.00, kills=3, lost=0, cash=2401, turns=61; one predicate clause missed (e.g. cash band / unit count threshold)",Accept as model close-miss gap (consider tightening / loosening predicate to discriminate),3
econ-replace-dead-harvester,hard,3,loss,MODEL,M.4,"close miss: progress=1.00, kills=3, lost=0, cash=0, turns=61; one predicate clause missed (e.g. cash band / unit count threshold)",Accept as model close-miss gap (consider tightening / loosening predicate to discriminate),3
econ-replace-dead-harvester,hard,4,loss,MODEL,M.4,"close miss: progress=1.00, kills=3, lost=0, cash=0, turns=61; one predicate clause missed (e.g. cash band / unit count threshold)",Accept as model close-miss gap (consider tightening / loosening predicate to discriminate),3
econ-resource-trade-with-self,easy,1,loss,MODEL,M.4,"close miss: progress=0.90, kills=0, lost=0, cash=3900, turns=31; one predicate clause missed (e.g. cash band / unit count threshold)",Accept as model close-miss gap (consider tightening / loosening predicate to discriminate),1
econ-resource-trade-with-self,medium,1,loss,MODEL,M.2,"wrong tactic: progress=0.47 after 20 turns, kills=0 lost=0 cash=3000; model pursued a strategy the briefing situation does not support (e.g. front-charge instead of flank, hoard instead of spend, abandon defense anchor)",Accept as model wrong-tactic gap (legitimate eval signal),1
econ-resource-trade-with-self,hard,1,loss,MODEL,M.2,"wrong tactic: progress=0.67 after 51 turns, kills=0 lost=0 cash=0; model pursued a strategy the briefing situation does not support (e.g. front-charge instead of flank, hoard instead of spend, abandon defense anchor)",Accept as model wrong-tactic gap (legitimate eval signal),2
econ-resource-trade-with-self,hard,3,loss,MODEL,M.2,"wrong tactic: progress=0.70 after 51 turns, kills=0 lost=0 cash=900; model pursued a strategy the briefing situation does not support (e.g. front-charge instead of flank, hoard instead of spend, abandon defense anchor)",Accept as model wrong-tactic gap (legitimate eval signal),2
econ-second-base-race,easy,1,loss,MODEL,M.2,"wrong tactic: progress=0.67 after 41 turns, kills=0 lost=0 cash=0; model pursued a strategy the briefing situation does not support (e.g. front-charge instead of flank, hoard instead of spend, abandon defense anchor)",Accept as model wrong-tactic gap (legitimate eval signal),1
econ-second-base-race,medium,1,loss,MODEL,M.1,"passivity: 27/41 turns were observe-only (66%); progress=0.70, kills=0, lost=0, final_tick=3603",Accept as model passivity gap (legitimate eval signal),1
econ-second-base-race,hard,1,loss,MODEL,M.2,"wrong tactic: progress=0.36 after 41 turns, kills=0 lost=0 cash=2000; model pursued a strategy the briefing situation does not support (e.g. front-charge instead of flank, hoard instead of spend, abandon defense anchor)",Accept as model wrong-tactic gap (legitimate eval signal),3
econ-second-base-race,hard,2,loss,MODEL,M.2,"wrong tactic: progress=0.50 after 41 turns, kills=0 lost=0 cash=0; model pursued a strategy the briefing situation does not support (e.g. front-charge instead of flank, hoard instead of spend, abandon defense anchor)",Accept as model wrong-tactic gap (legitimate eval signal),3
econ-second-base-race,hard,3,loss,MODEL,M.2,"wrong tactic: progress=0.63 after 41 turns, kills=0 lost=0 cash=2195; model pursued a strategy the briefing situation does not support (e.g. front-charge instead of flank, hoard instead of spend, abandon defense anchor)",Accept as model wrong-tactic gap (legitimate eval signal),3
econ-silo-vs-spend,easy,1,loss,MODEL,M.1,"passivity: 19/21 turns were observe-only (90%); progress=0.50, kills=0, lost=0, final_tick=1803",Accept as model passivity gap (legitimate eval signal),1
econ-silo-vs-spend,hard,1,loss,MODEL,M.1,"passivity: 13/15 turns were observe-only (87%); progress=0.50, kills=0, lost=0, final_tick=1263",Accept as model passivity gap (legitimate eval signal),2
econ-silo-vs-spend,hard,3,loss,MODEL,M.1,"passivity: 11/15 turns were observe-only (73%); progress=0.50, kills=0, lost=0, final_tick=1263",Accept as model passivity gap (legitimate eval signal),2
econ-startup-from-scratch,easy,1,loss,MODEL,M.2,"wrong tactic: progress=0.50 after 51 turns, kills=0 lost=1 cash=1900; model pursued a strategy the briefing situation does not support (e.g. front-charge instead of flank, hoard instead of spend, abandon defense anchor)",Accept as model wrong-tactic gap (legitimate eval signal),1
econ-startup-from-scratch,medium,1,loss,MODEL,M.1,"passivity: 16/41 turns were observe-only (39%); progress=0.50, kills=0, lost=1, final_tick=3603",Accept as model passivity gap (legitimate eval signal),1
econ-startup-from-scratch,hard,1,loss,MODEL,M.2,"wrong tactic: progress=0.50 after 46 turns, kills=0 lost=1 cash=1900; model pursued a strategy the briefing situation does not support (e.g. front-charge instead of flank, hoard instead of spend, abandon defense anchor)",Accept as model wrong-tactic gap (legitimate eval signal),4
econ-startup-from-scratch,hard,2,loss,MODEL,M.2,"wrong tactic: progress=0.50 after 46 turns, kills=0 lost=1 cash=1900; model pursued a strategy the briefing situation does not support (e.g. front-charge instead of flank, hoard instead of spend, abandon defense anchor)",Accept as model wrong-tactic gap (legitimate eval signal),4
econ-startup-from-scratch,hard,3,loss,MODEL,M.2,"wrong tactic: progress=0.50 after 46 turns, kills=0 lost=1 cash=1900; model pursued a strategy the briefing situation does not support (e.g. front-charge instead of flank, hoard instead of spend, abandon defense anchor)",Accept as model wrong-tactic gap (legitimate eval signal),4
econ-startup-from-scratch,hard,4,loss,MODEL,M.1,"passivity: 14/46 turns were observe-only (30%); progress=0.50, kills=0, lost=1, final_tick=4053",Accept as model passivity gap (legitimate eval signal),4
econ-target-cash-amount-by-deadline,easy,1,loss,MODEL,M.2,"wrong tactic: progress=0.33 after 31 turns, kills=0 lost=0 cash=0; model pursued a strategy the briefing situation does not support (e.g. front-charge instead of flank, hoard instead of spend, abandon defense anchor)",Accept as model wrong-tactic gap (legitimate eval signal),1
econ-target-cash-amount-by-deadline,medium,1,loss,MODEL,M.2,"wrong tactic: progress=0.33 after 51 turns, kills=0 lost=0 cash=0; model pursued a strategy the briefing situation does not support (e.g. front-charge instead of flank, hoard instead of spend, abandon defense anchor)",Accept as model wrong-tactic gap (legitimate eval signal),1
econ-target-cash-amount-by-deadline,hard,1,loss,MODEL,M.2,"wrong tactic: progress=0.33 after 46 turns, kills=0 lost=0 cash=0; model pursued a strategy the briefing situation does not support (e.g. front-charge instead of flank, hoard instead of spend, abandon defense anchor)",Accept as model wrong-tactic gap (legitimate eval signal),4
econ-target-cash-amount-by-deadline,hard,2,loss,MODEL,M.1,"passivity: 14/46 turns were observe-only (30%); progress=0.66, kills=0, lost=0, final_tick=4053",Accept as model passivity gap (legitimate eval signal),4
econ-target-cash-amount-by-deadline,hard,3,loss,MODEL,M.2,"wrong tactic: progress=0.33 after 46 turns, kills=0 lost=0 cash=0; model pursued a strategy the briefing situation does not support (e.g. front-charge instead of flank, hoard instead of spend, abandon defense anchor)",Accept as model wrong-tactic gap (legitimate eval signal),4
econ-target-cash-amount-by-deadline,hard,4,loss,MODEL,M.2,"wrong tactic: progress=0.66 after 46 turns, kills=0 lost=0 cash=0; model pursued a strategy the briefing situation does not support (e.g. front-charge instead of flank, hoard instead of spend, abandon defense anchor)",Accept as model wrong-tactic gap (legitimate eval signal),4
econ-tech-vs-expand-decision,easy,1,loss,MODEL,M.2,"wrong tactic: progress=0.67 after 31 turns, kills=0 lost=0 cash=1; model pursued a strategy the briefing situation does not support (e.g. front-charge instead of flank, hoard instead of spend, abandon defense anchor)",Accept as model wrong-tactic gap (legitimate eval signal),1
econ-tech-vs-expand-decision,medium,1,loss,MODEL,M.2,"wrong tactic: progress=0.67 after 41 turns, kills=0 lost=0 cash=0; model pursued a strategy the briefing situation does not support (e.g. front-charge instead of flank, hoard instead of spend, abandon defense anchor)",Accept as model wrong-tactic gap (legitimate eval signal),1
econ-tech-vs-expand-decision,hard,3,loss,MODEL,M.4,"close miss: progress=0.91, kills=0, lost=0, cash=8652, turns=51; one predicate clause missed (e.g. cash band / unit count threshold)",Accept as model close-miss gap (consider tightening / loosening predicate to discriminate),2
econ-tech-vs-expand-decision,hard,4,loss,MODEL,M.2,"wrong tactic: progress=0.67 after 51 turns, kills=0 lost=0 cash=0; model pursued a strategy the briefing situation does not support (e.g. front-charge instead of flank, hoard instead of spend, abandon defense anchor)",Accept as model wrong-tactic gap (legitimate eval signal),2
economy-force-buildup,easy,1,loss,MODEL,M.2,"wrong tactic: progress=0.67 after 31 turns, kills=0 lost=0 cash=0; model pursued a strategy the briefing situation does not support (e.g. front-charge instead of flank, hoard instead of spend, abandon defense anchor)",Accept as model wrong-tactic gap (legitimate eval signal),1
economy-force-buildup,medium,1,loss,MODEL,M.5,"fixated on subtask / partial execution: progress=0.70 after 29 turns, kills=0 lost=0 cash=0; reached 70-85% of win threshold but did not close the gap (likely one sub-objective ignored)",Accept as model focus-failure gap,1
economy-force-buildup,hard,1,loss,MODEL,M.2,"wrong tactic: progress=0.50 after 25 turns, kills=0 lost=0 cash=0; model pursued a strategy the briefing situation does not support (e.g. front-charge instead of flank, hoard instead of spend, abandon defense anchor)",Accept as model wrong-tactic gap (legitimate eval signal),4
economy-force-buildup,hard,2,loss,MODEL,M.1,"passivity: 11/25 turns were observe-only (44%); progress=0.50, kills=0, lost=0, final_tick=2163",Accept as model passivity gap (legitimate eval signal),4
economy-force-buildup,hard,3,loss,MODEL,M.1,"passivity: 18/25 turns were observe-only (72%); progress=0.50, kills=0, lost=0, final_tick=2163",Accept as model passivity gap (legitimate eval signal),4
economy-force-buildup,hard,4,loss,MODEL,M.1,"passivity: 12/25 turns were observe-only (48%); progress=0.50, kills=0, lost=0, final_tick=2163",Accept as model passivity gap (legitimate eval signal),4
economy-harvest-investment,easy,1,loss,MODEL,M.5,"fixated on subtask / partial execution: progress=0.75 after 81 turns, kills=0 lost=0 cash=0; reached 70-85% of win threshold but did not close the gap (likely one sub-objective ignored)",Accept as model focus-failure gap,1
economy-harvest-investment,medium,1,loss,MODEL,M.5,"fixated on subtask / partial execution: progress=0.75 after 81 turns, kills=0 lost=0 cash=0; reached 70-85% of win threshold but did not close the gap (likely one sub-objective ignored)",Accept as model focus-failure gap,1
economy-harvest-investment,hard,1,loss,MODEL,M.5,"fixated on subtask / partial execution: progress=0.77 after 91 turns, kills=0 lost=0 cash=855; reached 70-85% of win threshold but did not close the gap (likely one sub-objective ignored)",Accept as model focus-failure gap,4
economy-harvest-investment,hard,2,loss,MODEL,M.1,"passivity: 32/91 turns were observe-only (35%); progress=0.77, kills=0, lost=0, final_tick=8103",Accept as model passivity gap (legitimate eval signal),4
economy-harvest-investment,hard,3,loss,MODEL,M.5,"fixated on subtask / partial execution: progress=0.75 after 91 turns, kills=0 lost=0 cash=0; reached 70-85% of win threshold but did not close the gap (likely one sub-objective ignored)",Accept as model focus-failure gap,4
economy-harvest-investment,hard,4,loss,MODEL,M.5,"fixated on subtask / partial execution: progress=0.76 after 91 turns, kills=0 lost=0 cash=172; reached 70-85% of win threshold but did not close the gap (likely one sub-objective ignored)",Accept as model focus-failure gap,4
economy-harvest-timebox,easy,1,loss,MODEL,M.2,"wrong tactic: progress=0.50 after 21 turns, kills=0 lost=0 cash=0; model pursued a strategy the briefing situation does not support (e.g. front-charge instead of flank, hoard instead of spend, abandon defense anchor)",Accept as model wrong-tactic gap (legitimate eval signal),1
economy-harvest-timebox,medium,1,loss,MODEL,M.2,"wrong tactic: progress=0.49 after 35 turns, kills=0 lost=0 cash=0; model pursued a strategy the briefing situation does not support (e.g. front-charge instead of flank, hoard instead of spend, abandon defense anchor)",Accept as model wrong-tactic gap (legitimate eval signal),1
economy-harvest-timebox,hard,1,loss,MODEL,M.2,"wrong tactic: progress=0.50 after 41 turns, kills=0 lost=0 cash=0; model pursued a strategy the briefing situation does not support (e.g. front-charge instead of flank, hoard instead of spend, abandon defense anchor)",Accept as model wrong-tactic gap (legitimate eval signal),4
economy-harvest-timebox,hard,2,loss,MODEL,M.2,"wrong tactic: progress=0.50 after 41 turns, kills=0 lost=0 cash=0; model pursued a strategy the briefing situation does not support (e.g. front-charge instead of flank, hoard instead of spend, abandon defense anchor)",Accept as model wrong-tactic gap (legitimate eval signal),4
economy-harvest-timebox,hard,3,loss,MODEL,M.2,"wrong tactic: progress=0.50 after 41 turns, kills=0 lost=0 cash=0; model pursued a strategy the briefing situation does not support (e.g. front-charge instead of flank, hoard instead of spend, abandon defense anchor)",Accept as model wrong-tactic gap (legitimate eval signal),4
economy-harvest-timebox,hard,4,loss,MODEL,M.2,"wrong tactic: progress=0.57 after 41 turns, kills=0 lost=0 cash=1700; model pursued a strategy the briefing situation does not support (e.g. front-charge instead of flank, hoard instead of spend, abandon defense anchor)",Accept as model wrong-tactic gap (legitimate eval signal),4
economy-investment,easy,1,loss,MODEL,M.1,"passivity: 7/22 turns were observe-only (32%); progress=0.33, kills=0, lost=0, final_tick=1893",Accept as model passivity gap (legitimate eval signal),1
economy-investment,medium,1,loss,MODEL,M.2,"wrong tactic: progress=0.50 after 24 turns, kills=0 lost=0 cash=0; model pursued a strategy the briefing situation does not support (e.g. front-charge instead of flank, hoard instead of spend, abandon defense anchor)",Accept as model wrong-tactic gap (legitimate eval signal),1
economy-investment,hard,1,loss,MODEL,M.4,"close miss: progress=0.88, kills=0, lost=0, cash=0, turns=30; one predicate clause missed (e.g. cash band / unit count threshold)",Accept as model close-miss gap (consider tightening / loosening predicate to discriminate),2
economy-investment,hard,4,loss,MODEL,M.4,"close miss: progress=0.97, kills=0, lost=0, cash=0, turns=30; one predicate clause missed (e.g. cash band / unit count threshold)",Accept as model close-miss gap (consider tightening / loosening predicate to discriminate),2
economy-time-box,hard,1,loss,MODEL,M.4,"close miss: progress=0.96, kills=0, lost=0, cash=0, turns=74; one predicate clause missed (e.g. cash band / unit count threshold)",Accept as model close-miss gap (consider tightening / loosening predicate to discriminate),4
economy-time-box,hard,2,loss,MODEL,M.4,"close miss: progress=0.95, kills=0, lost=0, cash=0, turns=74; one predicate clause missed (e.g. cash band / unit count threshold)",Accept as model close-miss gap (consider tightening / loosening predicate to discriminate),4
economy-time-box,hard,3,loss,MODEL,M.4,"close miss: progress=0.95, kills=0, lost=0, cash=0, turns=74; one predicate clause missed (e.g. cash band / unit count threshold)",Accept as model close-miss gap (consider tightening / loosening predicate to discriminate),4
economy-time-box,hard,4,loss,MODEL,M.4,"close miss: progress=0.96, kills=0, lost=0, cash=0, turns=74; one predicate clause missed (e.g. cash band / unit count threshold)",Accept as model close-miss gap (consider tightening / loosening predicate to discriminate),4
