pack,level,seed,bucket,subbucket,root_cause,fix_recommendation
combat-rocket-soldier-anti-vehicle,easy,1,OUR-CONFIG,B.2,"Only one enemy fact (60,20) is both the sentinel and the visible target. Model AttackUnit'd the sentinel itself; when it died at turn 31/32 the engine auto-done'd before the `unit_type_count_gte:e3,n:6` build clause could ever complete (model built 0 e3; the within_ticks 4500 deadline was never reached).","Move the sentinel `fact` far off the engagement axis (e.g. (2,2) or (62,2)) AND/OR add a second non-`fact` MustBeDestroyed enemy building (silo is NOT MustBeDestroyed; `barr`/`proc`/`powr` are) as a redundant anchor so a chance kill of the sentinel doesn't auto-done."
combat-suicide-charge-mission,easy,1,OUR-CONFIG,B.3,"All 10 agent units died at turn 14 / tick 1263 (within_ticks=5400 never reached) → engine auto-done on agent-unit-elimination. Pack documents `termination.agent_units_killed: false` but the flag is never plumbed through env.rs / eval_core.py — neither openra_bench/ nor OpenRA-Rust/ has any consumer; `done=True` from the engine breaks the run loop at eval_core.py:453 regardless. Outcome is `draw` because no fail_condition has fired and `done` exits before the next eval.","Wire `termination.agent_units_killed` end-to-end (oramap.rs scenario YAML parser → env.rs done-eval), OR add a fail clause that fires the moment the strike package is wiped (`{not: own_units_gte:1}` — but allow after_ticks: 200 floor so it bites only AFTER the agent commits), OR replace the `agent_units_killed: false` semantics with a `units_lost_gte:10` LOSS clause so a wipe is an explicit LOSS not a DRAW."
combat-suicide-charge-mission,medium,1,OUR-CONFIG,B.3,"Same root cause as easy:1 — strike package wiped at turn 9 / tick 813 (within_ticks=6400 never reached); engine done before any fail clause evaluates. Pack relies on the inert `agent_units_killed: false` flag.",Same as easy:1.
combat-suicide-charge-mission,hard,2,OUR-CONFIG,B.3,"Strike package wiped at turn 11 / tick 993 (within_ticks=7200 never reached); same auto-done race.",Same as easy:1.
combat-suicide-charge-mission,hard,3,OUR-CONFIG,B.3,"Strike package wiped at turn 12; only 2 picket units killed before wipe; same auto-done race.",Same as easy:1.
combat-suicide-charge-mission,hard,4,OUR-CONFIG,B.3,"Strike package wiped at turn 13 / tick 1083; 0 enemy units killed; same auto-done race.",Same as easy:1.
combat-focus-fire-priority,hard,3,OUR-CONFIG,B.1,"Hit max_turns=30 at tick 2358 (interrupt mode); within_ticks=2700 and after_ticks=2701 both never reachable inside the per-turn-variable interrupt-mode tick advance. Killed 1 of 14; 0 units lost. Genuine timeout-degeneracy.",Either drop the interrupts: block (so non-interrupt mode advances 30 ticks/turn → tick 900 at turn 30, still under-reachable so also raise max_turns to ~90), OR keep interrupts but raise max_turns to ~45 so the 2700-tick budget can bite within the per-turn variable advance.
combat-focus-fire-priority,hard,4,OUR-CONFIG,B.1,"Hit max_turns=30 at tick 2073 (interrupt mode); killed 13 of 14 with 0 lost — a CLOSE-MISS win. 1 more kill = WIN. Same B.1 budget defect — model was on the winning trajectory but the deadline never bit so it timed out as a DRAW.",Same as seed 3.
combat-target-priority-highvalue,hard,3,OUR-CONFIG,B.1,"Hit max_turns=30 at tick 1473 (interrupt mode); within_ticks=2700 and after_ticks=2701 both unreachable. Killed 7 of 15; lost 1 (still within own_units_gte:3 floor). Same B.1 pattern as focus-fire hard (same pack family, same interrupts: block).",Same as focus-fire — raise max_turns to ~45 so the 2700-tick window can bite under interrupt mode.
