pack,family,interrupt_mode,easy_max_turns,easy_reachable_max_tick,easy_within_ticks,easy_after_ticks,easy_effective_deadline,easy_deadline_slack,easy_agent_count,easy_agent_value,easy_enemy_count,easy_enemy_value,easy_force_ratio,easy_starting_cash,easy_kill_quota,easy_cash_goal,easy_survival_floor,easy_survival_strictness,easy_max_losses,easy_units_lost_cap,easy_spawn_groups,easy_win_pred_count,easy_fail_pred_count,easy_sched_count,easy_has_build,easy_solvable,easy_solvable_margin_pct,easy_solvability_issues,medium_max_turns,medium_reachable_max_tick,medium_within_ticks,medium_after_ticks,medium_effective_deadline,medium_deadline_slack,medium_agent_count,medium_agent_value,medium_enemy_count,medium_enemy_value,medium_force_ratio,medium_starting_cash,medium_kill_quota,medium_cash_goal,medium_survival_floor,medium_survival_strictness,medium_max_losses,medium_units_lost_cap,medium_spawn_groups,medium_win_pred_count,medium_fail_pred_count,medium_sched_count,medium_has_build,medium_solvable,medium_solvable_margin_pct,medium_solvability_issues,hard_max_turns,hard_reachable_max_tick,hard_within_ticks,hard_after_ticks,hard_effective_deadline,hard_deadline_slack,hard_agent_count,hard_agent_value,hard_enemy_count,hard_enemy_value,hard_force_ratio,hard_starting_cash,hard_kill_quota,hard_cash_goal,hard_survival_floor,hard_survival_strictness,hard_max_losses,hard_units_lost_cap,hard_spawn_groups,hard_win_pred_count,hard_fail_pred_count,hard_sched_count,hard_has_build,hard_solvable,hard_solvable_margin_pct,hard_solvability_issues,hard_spawn_groups,monotonicity_score,monotonicity_max,monotonicity_breaks,defect_classes,recommendation
action-multiunit-coordination,F1_combat_micro,True,30,2703,2200,2201,2200,503,6,4650,2,3400,1.3676,0,0,0,1,0.1667,5,,0,3,2,0,False,True,83.3,,36,3243,2800,2801,2800,443,8,5650,7,4100,1.378,0,0,0,1,0.125,2,2,0,5,2,0,False,True,87.5,,42,3783,3300,3301,3300,483,8,5650,8,6100,0.9262,0,0,0,1,0.125,2,2,0,5,2,0,False,True,87.5,,0,1,8,"effective_deadline: easy→medium LOOSER (e=2200, m=2800); effective_deadline: medium→hard LOOSER (m=2800, h=3300)",,OK
action-sequenced-execution,F1_combat_micro,True,30,2703,2400,2401,2400,303,4,3100,3,3700,0.8378,0,0,0,1,0.25,3,,0,2,2,0,False,True,75.0,,36,3243,3000,3001,3000,243,6,4300,8,7100,0.6056,0,0,0,1,0.1667,1,1,0,4,3,0,False,True,83.3,,70,6303,5000,5001,5000,1303,6,4100,12,11200,0.3661,0,0,0,1,0.1667,1,1,2,4,3,0,False,True,83.3,,2,1,8,"effective_deadline: easy→medium LOOSER (e=2400, m=3000); effective_deadline: medium→hard LOOSER (m=3000, h=5000); survival_strictness e=0.25 > m=0.17",F-INVERT,fix the inverted metric (tighten hard or loosen medium)
adv-asymmetric-weaker-must-win,F9_tempo_strategy,False,61,5493,5400,5401,5400,93,3,3700,3,2200,1.6818,0,2,0,1,0.3333,2,,0,4,3,0,False,True,66.7,,61,5493,5400,5401,5400,93,3,3700,6,3550,1.0423,0,4,0,1,0.3333,2,,0,4,3,0,False,True,66.7,,51,4593,4500,4501,4500,93,3,3700,6,3550,1.0423,0,4,0,1,0.3333,2,,2,4,3,0,False,True,66.7,,2,3,8,,,OK
adv-rps-counter-pick,F9_tempo_strategy,False,61,5493,5400,5401,5400,93,8,8400,9,2800,3.0,2550,6,0,0,0.0,,,0,3,2,0,True,True,83.0,,61,5493,5400,5401,5400,93,8,8400,13,3200,2.625,2550,8,0,0,0.0,,,0,3,2,0,True,True,78.5,,61,5493,5400,5401,5400,93,8,8400,7,2600,3.2308,2550,5,0,0,0.0,,,4,3,2,0,True,True,85.2,,4,0,6,"kill_quota: medium→hard LOOSER (m=8, h=5); enemy_value: medium→hard LOOSER (m=3200, h=2600); kill_quota m=8 > h=5",F-INVERT|F-INVERT-ENEMY,fix the inverted metric (tighten hard or loosen medium)
adversarial-duel,F9_tempo_strategy,True,30,2703,2400,2401,2400,303,4,3100,3,300,10.3333,0,3,0,1,0.25,3,,0,2,2,0,False,True,75.0,,40,3603,3000,3001,3000,603,4,3100,5,1700,1.8235,0,5,0,1,0.25,3,,0,2,2,0,False,True,73.3,,50,4503,4000,4001,4000,503,4,3100,8,3050,1.0164,0,8,0,1,0.25,3,3,2,3,3,0,False,True,71.0,,2,2,8,"effective_deadline: easy→medium LOOSER (e=2400, m=3000); effective_deadline: medium→hard LOOSER (m=3000, h=4000)",,OK
artofwar-indirect-approach,F9_tempo_strategy,False,60,5403,4000,4001,4000,1403,3,2100,13,5600,0.375,0,0,0,1,0.3333,1,1,0,3,3,0,False,True,66.7,,66,5943,4600,4601,4600,1343,3,2100,17,6800,0.3088,0,0,0,1,0.3333,0,0,0,3,3,0,False,True,66.7,,70,6303,5000,5001,5000,1303,3,2100,17,6800,0.3088,0,0,0,3,1.0,0,0,2,4,3,0,False,True,0.0,,2,0,8,"effective_deadline: easy→medium LOOSER (e=4000, m=4600); effective_deadline: medium→hard LOOSER (m=4600, h=5000)",,OK
artofwar-lure-the-tiger,F9_tempo_strategy,False,66,5943,5800,5801,5800,143,5,3550,12,4500,0.7889,0,0,0,1,0.2,2,2,0,3,3,0,False,True,80.0,,76,6843,6600,6601,6600,243,5,3550,14,4900,0.7245,0,0,0,1,0.2,2,2,0,3,3,0,False,True,80.0,,84,7563,7400,7401,7400,163,5,3550,15,5200,0.6827,0,0,0,1,0.2,2,2,2,3,3,0,False,True,80.0,,2,0,8,"effective_deadline: easy→medium LOOSER (e=5800, m=6600); effective_deadline: medium→hard LOOSER (m=6600, h=7400)",,OK
artofwar-sequenced-citadel,F9_tempo_strategy,False,30,2703,2300,2301,2300,403,3,2550,5,2400,1.0625,0,0,0,1,0.3333,2,,0,3,2,0,False,True,66.7,,30,2703,2300,2301,2300,403,3,2550,5,2400,1.0625,0,0,0,1,0.3333,2,,0,3,2,0,False,True,66.7,,32,2883,2300,2301,2300,583,3,2550,7,2600,0.9808,0,0,0,1,0.3333,1,1,2,4,3,0,False,True,66.7,,2,2,8,,,OK
build-defensive-skirt-corners,F3_defense,False,60,5403,5400,5401,5400,3,4,2900,1,2000,1.45,2400,9,0,0,0.0,,,0,8,2,1,True,True,76.3,,60,5403,5400,5401,5400,3,4,2900,1,2000,1.45,2400,13,0,0,0.0,,,0,8,2,1,True,True,67.4,,60,5403,5400,5401,5400,3,4,2900,1,2000,1.45,2400,13,0,0,0.0,,,2,12,2,1,True,True,67.4,,2,1,6,,,OK
build-defensive-tower-cluster,F3_defense,False,60,5403,5400,5401,5400,3,6,3100,6,2500,1.24,2400,3,0,0,0.0,,,0,5,2,0,True,True,89.6,,60,5403,5400,5401,5400,3,7,3200,9,3200,1.0,2400,5,0,0,0.0,,,0,5,2,0,True,True,85.2,,60,5403,5400,5401,5400,3,7,3200,8,3100,1.0323,2400,6,0,0,0.0,,,2,6,2,1,True,True,83.0,,2,2,6,"enemy_value: medium→hard LOOSER (m=3200, h=3100)",,OK
build-defensive-tower-line,F3_defense,False,60,5403,5400,5401,5400,3,4,2900,1,2000,1.45,1800,4,0,0,0.0,,,0,7,2,1,True,True,87.4,,60,5403,5400,5401,5400,3,5,3200,1,2000,1.6,3000,7,0,0,0.0,,,0,9,2,1,True,True,80.7,,70,6303,6300,6301,6300,3,5,3200,1,2000,1.6,4800,8,0,0,0.0,,,2,10,2,2,True,True,81.6,,2,1,6,"effective_deadline: medium→hard LOOSER (m=5400, h=6300)",,OK
build-engineer-rebuild-after-loss,F6_build_tech,False,30,2703,2700,2701,2700,3,6,7950,2,4000,1.9875,500,0,0,0,0.0,,,0,3,2,0,True,True,,,30,2703,2700,2701,2700,3,6,7950,3,6000,1.325,500,0,0,0,0.0,,,0,3,2,0,True,True,,,30,2703,2700,2701,2700,3,6,7950,5,10000,0.795,500,0,0,0,0.0,,,2,3,2,0,True,True,,,2,2,6,,,OK
build-power-down-defensive,F6_build_tech,False,40,3603,3600,3601,3600,3,7,8200,1,2000,4.1,1000,0,0,0,0.0,,,0,9,3,0,False,True,,,36,3243,3240,3241,3240,3,9,9900,1,2000,4.95,1000,0,0,0,0.0,,,0,11,3,0,False,True,,,36,3243,3240,3241,3240,3,10,10000,1,2000,5.0,1000,0,0,0,0.0,,,2,11,3,0,False,True,,,2,1,6,,,OK
build-power-online-first,F6_build_tech,False,40,3603,3600,3601,3600,3,1,2000,1,2000,1.0,1900,0,0,0,0.0,,,0,2,2,0,True,True,,,32,2883,2880,2881,2880,3,1,2000,1,2000,1.0,1750,0,0,0,0.0,,,0,2,2,0,True,True,,,32,2883,2880,2881,2880,3,2,2100,1,2000,1.05,1750,0,0,0,0.0,,,2,2,2,0,True,True,,,2,1,6,,,OK
build-production-throughput-multibuilding,F6_build_tech,True,35,3153,2700,2701,2700,453,6,7200,1,2000,3.6,9000,0,0,0,0.0,,,0,3,2,0,True,True,,,33,2973,2613,2614,2613,360,6,7200,1,2000,3.6,9000,0,0,0,0.0,,,0,3,2,0,True,True,,,33,2973,2613,2614,2613,360,7,7300,1,2000,3.65,9000,0,0,0,0.0,,,2,3,2,0,True,True,,,2,1,6,,,OK
build-rally-point-management,F6_build_tech,False,30,2703,2700,2701,2700,3,3,2800,2,2500,1.12,1500,1,0,0,0.0,,,0,3,2,0,True,True,88.1,,22,1983,1900,1901,1900,83,3,2800,2,2500,1.12,1500,1,0,0,0.0,,,0,3,2,0,True,True,83.2,,22,1983,1900,1901,1900,83,4,2900,2,2500,1.16,1500,1,0,0,0.0,,,2,3,2,0,True,True,83.2,,2,1,6,,,OK
build-repair-priority-under-fire,F6_build_tech,True,28,2523,2400,2401,2400,123,5,7200,8,3050,2.3607,8000,0,0,0,0.0,,,0,4,3,0,False,True,,,31,2793,2700,2701,2700,93,5,7200,10,3350,2.1493,8000,0,0,0,0.0,,,0,4,3,0,False,True,,,31,2793,2700,2701,2700,93,6,7300,10,3350,2.1791,8000,0,0,0,0.0,,,2,4,3,0,False,True,,,2,0,6,"effective_deadline: easy→medium LOOSER (e=2400, m=2700)",,OK
build-sell-and-rebuild-elsewhere,F6_build_tech,True,60,5403,4500,4501,4500,903,3,3700,3,2200,1.6818,800,0,0,0,0.0,,,0,3,2,0,True,True,,,60,5403,4500,4501,4500,903,3,3700,4,2300,1.6087,700,0,0,0,0.0,,,0,3,2,0,True,True,,,60,5403,4500,4501,4500,903,4,3800,4,2300,1.6522,700,0,0,0,0.0,,,2,6,2,0,True,True,,,2,1,6,,,OK
build-sequence-tech-cheapest,F6_build_tech,False,40,3603,3200,3201,3200,403,1,2000,1,2000,1.0,3750,0,0,0,0.0,,,0,2,2,0,True,True,,,40,3603,3200,3201,3200,403,1,2000,1,2000,1.0,3720,0,0,0,0.0,,,0,2,2,0,True,True,,,40,3603,3200,3201,3200,403,2,2100,1,2000,1.05,3720,0,0,0,0.0,,,2,2,2,0,True,True,,,2,0,6,,,OK
build-sequence-tech-fastest,F6_build_tech,False,40,3603,3000,3001,3000,603,1,2000,1,2000,1.0,5000,0,0,0,0.0,,,0,2,2,0,True,True,,,35,3153,2800,2801,2800,353,1,2000,1,2000,1.0,5000,0,0,0,0.0,,,0,2,2,0,True,True,,,35,3153,2800,2801,2800,353,2,2100,1,2000,1.05,5000,0,0,0,0.0,,,2,2,2,0,True,True,,,2,1,6,,,OK
build-sequence-tech-most-resilient,F6_build_tech,False,60,5403,5400,5401,5400,3,5,6000,1,2000,3.0,0,0,0,0,0.0,,,0,5,2,1,True,True,,,50,4503,4500,4501,4500,3,5,6000,1,2000,3.0,6000,0,0,0,0.0,,,0,5,2,1,True,True,,,50,4503,4500,4501,4500,3,5,6000,1,2000,3.0,6000,0,0,0,0.0,,,2,5,2,2,True,True,,,2,1,6,,,OK
build-tech-skip-decision,F6_build_tech,True,30,2703,1600,1601,1600,1103,2,2500,6,2500,1.0,6000,4,0,0,0.0,,,0,3,2,0,True,True,57.5,,30,2703,1400,1401,1400,1303,2,2500,8,2700,0.9259,6000,6,0,0,0.0,,,0,3,2,0,True,True,34.3,,30,2703,1400,1401,1400,1303,3,2600,15,3400,0.7647,6000,6,0,0,0.0,,,2,3,2,0,True,True,34.3,,2,4,6,,,OK
building-and-planning,F6_build_tech,False,30,2703,2400,,2400,303,1,2000,2,2100,0.9524,6000,0,0,0,0.0,,,0,3,1,0,True,True,,,40,3603,3400,,3400,203,1,2000,2,2100,0.9524,5000,0,0,0,0.0,,,0,2,1,0,True,True,,,70,6303,5800,,5800,503,1,2000,2,2100,0.9524,6000,0,0,0,0.0,,,0,2,1,0,True,True,,,0,-2,6,"effective_deadline: easy→medium LOOSER (e=2400, m=3400); effective_deadline: medium→hard LOOSER (m=3400, h=5800)",,OK
combat-attack-from-behind-fog,F1_combat_micro,True,72,6483,4000,4001,4000,2483,4,3400,5,4900,0.6939,0,0,0,3,0.75,1,,0,3,2,0,False,True,25.0,,60,5403,3500,3501,3500,1903,4,3400,9,6700,0.5075,0,0,0,3,0.75,1,,0,3,2,0,False,True,25.0,,60,5403,3500,3501,3500,1903,4,3400,13,8200,0.4146,0,0,0,3,0.75,1,,2,3,2,0,False,True,25.0,,2,3,8,,,OK
combat-bait-counter-attack,F1_combat_micro,False,62,5583,3600,3601,3600,1983,5,3900,5,4900,0.7959,0,0,0,1,0.2,3,3,0,3,3,0,False,True,80.0,,62,5583,3600,3601,3600,1983,6,4750,7,5500,0.8636,0,0,0,1,0.1667,2,2,0,3,3,0,False,True,83.3,,62,5583,3600,3601,3600,1983,6,4750,7,5500,0.8636,0,0,0,1,0.1667,2,2,2,3,3,0,False,True,83.3,,2,2,8,,,OK
combat-divide-and-conquer,F1_combat_micro,True,60,5403,3000,3001,3000,2403,5,5400,5,3200,1.6875,0,4,0,3,0.6,2,,0,4,3,0,False,True,40.0,,60,5403,3000,3001,3000,2403,5,5400,9,5200,1.0385,0,8,0,3,0.6,2,,0,4,3,0,False,True,40.0,,60,5403,3000,3001,3000,2403,5,5400,10,5900,0.9153,0,9,0,3,0.6,2,,2,4,3,0,False,True,40.0,,2,4,8,,,OK
combat-flanking-attack,F1_combat_micro,True,51,4593,3000,1500,1500,3093,4,3400,11,4000,0.85,0,3,0,3,0.75,1,,0,3,4,0,False,True,25.0,,51,4593,3000,3001,3000,1593,4,3400,13,4600,0.7391,0,4,0,3,0.75,1,,0,3,2,0,False,True,25.0,,51,4593,3000,3001,3000,1593,8,6800,21,6600,1.0303,0,5,0,6,0.75,2,,2,3,2,0,False,True,25.0,,2,2,8,"max_losses: medium→hard LOOSER (m=1, h=2); effective_deadline: easy→medium LOOSER (e=1500, m=3000)",,OK
combat-focus-fire-priority,F1_combat_micro,True,30,2703,2700,2701,2700,3,4,3400,8,3300,1.0303,0,7,0,1,0.25,0,0,0,3,3,0,False,True,61.5,,45,4053,2700,2701,2700,1353,4,3400,11,3400,1.0,0,10,0,1,0.25,0,0,0,3,3,0,False,True,48.1,,120,10803,2700,2701,2700,8103,4,3400,15,3800,0.8947,0,14,0,1,0.25,1,1,2,3,3,0,False,True,30.4,,2,3,8,"max_losses: medium→hard LOOSER (m=0, h=1)",,OK
combat-formation-tank-wedge,F1_combat_micro,True,75,6753,4500,4501,4500,2253,5,4250,7,4200,1.0119,0,0,0,4,0.8,1,,0,3,2,0,False,True,20.0,,75,6753,4500,4501,4500,2253,5,4250,8,4500,0.9444,0,3,0,3,0.6,2,,0,4,2,0,False,True,40.0,,75,6753,4500,4501,4500,2253,5,4250,11,5800,0.7328,0,4,0,3,0.6,2,,2,4,2,0,False,True,40.0,,2,3,8,"max_losses: easy→medium LOOSER (e=1, m=2); survival_strictness e=0.80 > m=0.60",F-INVERT,fix the inverted metric (tighten hard or loosen medium)
combat-harass-aggro-commit,F1_combat_micro,False,51,4593,4500,4501,4500,93,4,3400,5,6750,0.5037,0,3,0,1,0.25,3,,0,3,2,0,False,True,75.0,,62,5583,5400,4501,4501,1082,3,2550,6,7850,0.3248,0,4,0,1,0.3333,2,,0,3,2,0,False,True,66.7,,95,8553,8550,4501,4501,4052,3,2550,8,10100,0.2525,0,6,0,1,0.3333,2,,2,3,2,0,False,True,66.7,,2,4,8,"effective_deadline: easy→medium LOOSER (e=4500, m=4501)",,OK
combat-harass-balanced-hit-and-run,F1_combat_micro,False,62,5583,5400,5401,5400,183,2,1000,7,3650,0.274,0,3,0,1,0.5,0,0,0,3,3,0,False,True,50.0,,62,5583,5400,5401,5400,183,2,1000,8,3750,0.2667,0,3,0,1,0.5,0,0,0,3,3,0,False,True,50.0,,62,5583,5400,5401,5400,183,2,1000,15,5500,0.1818,0,3,0,1,0.5,0,0,2,3,3,0,False,True,50.0,,2,2,8,,,OK
combat-heli-flank,F1_combat_micro,True,21,1893,1800,1801,1800,93,3,6000,27,16100,0.3727,0,3,0,0,0.0,,,0,3,2,0,False,True,68.9,,24,2163,2100,2101,2100,63,3,6000,29,16300,0.3681,0,5,0,0,0.0,,,0,3,2,0,False,True,61.9,,21,1893,1800,1801,1800,93,3,6000,29,16300,0.3681,0,5,0,0,0.0,,,2,3,2,0,False,True,55.6,,2,2,6,"effective_deadline: easy→medium LOOSER (e=1800, m=2100)",,OK
combat-hold-chokepoint,F1_combat_micro,True,75,6753,5400,5401,5400,1353,4,4550,13,10400,0.4375,0,9,0,2,0.5,2,,0,5,2,0,False,True,50.0,,75,6753,5400,5401,5400,1353,5,5400,15,11800,0.4576,0,11,0,3,0.6,2,,0,5,2,0,False,True,40.0,,75,6753,5400,5401,5400,1353,5,5400,15,11800,0.4576,0,9,0,3,0.6,2,,2,5,2,0,False,True,40.0,,2,1,8,"kill_quota: medium→hard LOOSER (m=11, h=9); kill_quota m=11 > h=9",F-INVERT,fix the inverted metric (tighten hard or loosen medium)
combat-kite-and-pull,F1_combat_micro,False,51,4593,4500,4501,4500,93,1,850,2,3150,0.2698,0,1,0,1,1.0,0,,0,3,2,0,False,True,0.0,,51,4593,4500,4501,4500,93,2,1700,2,3150,0.5397,0,1,0,2,1.0,0,,0,3,2,0,False,True,0.0,,41,3693,3600,3601,3600,93,3,2550,2,3150,0.8095,0,1,0,3,1.0,0,,2,3,2,0,False,True,0.0,,2,1,8,,,OK
combat-kite-jeep-vs-tank,F1_combat_micro,False,51,4593,4500,4501,4500,93,3,2550,2,3150,0.8095,0,1,0,3,1.0,0,,0,3,2,0,False,True,0.0,,51,4593,4500,4501,4500,93,3,2550,2,3150,0.8095,0,1,0,3,1.0,0,,0,3,2,0,False,True,0.0,,41,3693,3600,3601,3600,93,3,2550,2,3150,0.8095,0,1,0,3,1.0,0,,2,3,2,0,False,True,0.0,,2,1,8,,,OK
combat-naval-shore-strike,F1_combat_micro,True,32,2883,2699,2700,2699,184,1,1000,2,2100,0.4762,0,1,0,1,1.0,0,,0,2,2,0,False,True,0.0,,32,2883,2699,2700,2699,184,2,2000,4,2300,0.8696,0,3,0,1,0.5,1,,0,2,2,0,False,True,50.0,,32,2883,2699,2700,2699,184,2,2000,6,2700,0.7407,0,5,0,1,0.5,1,,0,2,2,0,False,True,50.0,,0,3,8,"max_losses: easy→medium LOOSER (e=0, m=1); survival_strictness e=1.00 > m=0.50",F-INVERT|F-NO-SEED-ROTATION,fix the inverted metric (tighten hard or loosen medium)
combat-pincer-coordination,F1_combat_micro,True,64,5763,4500,4501,4500,1263,6,5100,7,3000,1.7,0,6,0,1,0.1667,2,2,0,4,3,0,False,True,79.6,,64,5763,4500,4501,4500,1263,6,5100,8,3850,1.3247,0,6,0,1,0.1667,2,2,0,4,3,0,False,True,79.6,,64,5763,4500,4501,4500,1263,6,5100,8,3850,1.3247,0,6,0,1,0.1667,2,2,2,4,3,0,False,True,79.6,,2,1,8,,,OK
combat-prevent-retreat,F1_combat_micro,True,60,5403,3500,3501,3500,1903,4,3400,7,3200,1.0625,0,6,0,3,0.75,1,,0,4,2,0,False,True,25.0,,60,5403,3500,3501,3500,1903,4,3400,8,3300,1.0303,0,7,0,3,0.75,1,,0,4,2,0,False,True,25.0,,60,5403,3500,3501,3500,1903,4,3400,9,3200,1.0625,0,8,0,3,0.75,1,,2,4,2,0,False,True,25.0,,2,2,8,"enemy_value: medium→hard LOOSER (m=3300, h=3200)",,OK
combat-protect-vip-escort,F1_combat_micro,False,61,5493,5400,5401,5400,93,5,4500,9,4050,1.1111,0,0,0,0,0.0,,,0,3,2,0,False,True,,,61,5493,5400,5401,5400,93,5,4500,13,4850,0.9278,0,0,0,0,0.0,,,0,3,2,0,False,True,,,61,5493,5400,5401,5400,93,5,4500,9,4900,0.9184,0,0,0,0,0.0,,,2,3,2,0,False,True,,,2,2,6,,,OK
combat-retreat-after-engagement,F1_combat_micro,True,51,4593,4000,4000,4000,593,4,3400,4,3750,0.9067,0,2,0,2,0.5,2,,0,4,2,0,False,True,50.0,,51,4593,4000,4000,4000,593,4,3400,5,4050,0.8395,0,3,0,3,0.75,1,,0,4,2,0,False,True,25.0,,51,4593,4000,4000,4000,593,4,3400,4,3750,0.9067,0,2,0,3,0.75,1,,2,5,2,0,False,True,25.0,,2,1,8,"kill_quota: medium→hard LOOSER (m=3, h=2); enemy_value: medium→hard LOOSER (m=4050, h=3750); kill_quota m=3 > h=2",F-INVERT,fix the inverted metric (tighten hard or loosen medium)
combat-rocket-soldier-anti-vehicle,F1_combat_micro,False,51,4593,4500,4501,4500,93,5,6000,4,4600,1.3043,1800,1,0,1,0.2,4,,0,5,2,0,True,True,80.0,,51,4593,4500,4501,4500,93,5,6000,5,5750,1.0435,1800,2,0,1,0.2,4,,0,5,2,0,True,True,80.0,,41,3693,3600,3601,3600,93,6,6500,6,6900,0.942,1800,2,0,1,0.1667,5,,2,5,2,0,True,True,83.3,,2,3,8,"max_losses: medium→hard LOOSER (m=4, h=5)",,OK
combat-skirmish-then-disengage,F1_combat_micro,False,52,4683,4500,4501,4500,183,4,2000,5,2400,0.8333,0,3,0,3,0.75,1,,0,4,2,0,False,True,25.0,,52,4683,4500,4501,4500,183,4,2000,7,2600,0.7692,0,3,0,3,0.75,1,,0,4,2,0,False,True,25.0,,52,4683,4500,4501,4500,183,4,2000,7,2600,0.7692,0,3,0,3,0.75,1,,2,5,2,0,False,True,25.0,,2,1,8,,,OK
combat-stance-mgmt-attack,F1_combat_micro,False,60,5403,4500,4501,4500,903,5,5400,5,2400,2.25,0,3,0,3,0.6,2,,0,4,3,0,False,True,40.0,,60,5403,4500,4501,4500,903,5,5400,5,3000,1.8,0,4,0,3,0.6,2,,0,4,3,0,False,True,40.0,,60,5403,4500,4501,4500,903,5,5400,5,3000,1.8,0,4,0,3,0.6,2,,2,4,3,0,False,True,40.0,,2,2,8,,,OK
combat-suicide-charge-mission,F1_combat_micro,False,62,5583,5400,5401,5400,183,10,6300,5,6600,0.9545,0,0,0,0,0.0,,,0,2,1,0,False,True,,,73,6573,6400,6401,6400,173,10,6300,6,6900,0.913,0,0,0,0,0.0,,,0,2,1,0,False,True,,,82,7383,7200,7201,7200,183,10,6300,5,6600,0.9545,0,0,0,0,0.0,,,2,2,1,0,False,True,,,2,-2,6,"effective_deadline: easy→medium LOOSER (e=5400, m=6400); effective_deadline: medium→hard LOOSER (m=6400, h=7200); enemy_value: medium→hard LOOSER (m=6900, h=6600)",,OK
combat-tank-vs-tank-engagement,F1_combat_micro,True,30,2703,2400,2401,2400,303,4,4550,4,4550,1.0,0,3,0,1,0.25,3,,0,4,2,0,False,True,75.0,,30,2703,2400,2401,2400,303,4,4550,5,5400,0.8426,0,3,0,2,0.5,2,,0,4,2,0,False,True,50.0,,20,1803,1500,1501,1500,303,4,4550,4,4550,1.0,0,3,0,2,0.5,2,,2,4,2,0,False,True,50.0,,2,2,8,"enemy_value: medium→hard LOOSER (m=5400, h=4550)",F-INVERT-ENEMY,
combat-tanya-vs-rush,F1_combat_micro,True,30,2703,2700,2701,2700,3,1,1200,5,2400,0.5,0,4,0,1,1.0,0,,0,3,2,0,False,True,0.0,,30,2703,2700,2701,2700,3,1,1200,4,2300,0.5217,0,6,0,1,1.0,0,,0,3,2,1,False,True,0.0,,30,2703,2700,2701,2700,3,1,1200,7,2600,0.4615,0,6,0,1,1.0,0,,2,3,2,0,False,True,0.0,,2,1,8,"enemy_value: easy→medium LOOSER (e=2400, m=2300)",,OK
combat-target-priority-highvalue,F1_combat_micro,True,30,2703,2700,2701,2700,3,5,5400,13,3800,1.4211,0,12,0,3,0.6,2,,0,4,2,0,False,True,39.3,,30,2703,2700,2701,2700,3,5,5400,16,4100,1.3171,0,15,0,3,0.6,2,,0,4,2,0,False,True,25.9,,120,10803,2700,2701,2700,8103,5,5400,16,4100,1.3171,0,15,0,3,0.6,2,,2,4,2,0,False,True,25.9,,2,2,8,,,OK
combat-vehicle-vs-infantry-counter,F1_combat_micro,False,60,5403,2700,2701,2700,2703,6,6500,9,2800,2.3214,2550,6,0,0,0.0,,,0,4,2,0,True,True,65.9,,60,5403,2700,2701,2700,2703,6,6500,13,3200,2.0312,2550,8,0,0,0.0,,,0,4,2,0,True,True,57.0,,60,5403,2700,2701,2700,2703,6,6500,13,3200,2.0312,2550,8,0,0,0.0,,,2,4,2,0,True,True,57.0,,2,2,6,,,OK
coord-converge-on-target,F8_multifront,False,54,4863,4500,4501,4500,363,9,7650,5,4300,1.7791,0,0,0,1,0.1111,8,,0,3,2,0,False,True,88.9,,54,4863,4500,4501,4500,363,9,7650,6,4400,1.7386,0,0,0,1,0.1111,8,,0,3,2,0,False,True,88.9,,54,4863,4500,4501,4500,363,9,7650,6,4400,1.7386,0,0,0,1,0.1111,8,,2,3,2,0,False,True,88.9,,2,1,8,,,OK
coord-cover-and-move,F8_multifront,True,50,4503,4500,4501,4500,3,6,5100,6,6900,0.7391,0,0,0,1,0.1667,1,1,0,3,3,0,False,True,83.3,,50,4503,4500,4501,4500,3,6,5100,7,7200,0.7083,0,0,0,1,0.1667,1,1,0,3,3,0,False,True,83.3,,50,4503,4500,4501,4500,3,6,5100,13,7800,0.6538,0,0,0,1,0.1667,0,0,2,3,3,0,False,True,83.3,,2,3,8,,,OK
coord-diversionary-attack,F8_multifront,False,62,5583,5400,5401,5400,183,7,4900,7,5300,0.9245,0,0,0,1,0.1429,5,5,0,3,3,0,False,True,85.7,,62,5583,5400,5401,5400,183,7,4900,9,5900,0.8305,0,0,0,1,0.1429,4,4,0,3,3,0,False,True,85.7,,62,5583,5400,5401,5400,183,7,4900,9,5900,0.8305,0,0,0,1,0.1429,4,4,2,3,3,0,False,True,85.7,,2,2,8,,,OK
coord-mutual-support,F8_multifront,True,75,6753,4500,4501,4500,2253,6,5100,8,4100,1.2439,0,5,0,5,0.8333,1,,0,4,2,0,False,True,16.7,,75,6753,4500,4501,4500,2253,6,5100,12,5300,0.9623,0,7,0,5,0.8333,1,,0,4,2,0,False,True,16.7,,75,6753,4500,4501,4500,2253,6,5100,11,5000,1.02,0,8,0,5,0.8333,1,,2,4,2,0,False,True,16.7,,2,2,8,"enemy_value: medium→hard LOOSER (m=5300, h=5000)",,OK
coord-relay-attack,F8_multifront,False,36,3243,3000,3001,3000,243,8,3800,5,2550,1.4902,0,0,0,1,0.125,4,4,0,3,3,0,False,True,87.5,,45,4053,4000,4001,4000,53,8,3800,7,3500,1.0857,0,0,0,1,0.125,4,4,0,3,3,0,False,True,87.5,,50,4503,4500,4501,4500,3,8,3800,9,4450,0.8539,0,0,0,1,0.125,4,4,2,3,3,0,False,True,87.5,,2,0,8,"effective_deadline: easy→medium LOOSER (e=3000, m=4000); effective_deadline: medium→hard LOOSER (m=4000, h=4500)",,OK
coord-relay-vision-chain,F8_multifront,True,30,2703,2400,2401,2400,303,5,4000,3,2600,1.5385,0,0,0,0,0.0,,,0,6,2,0,False,True,,,24,2163,1900,1901,1900,263,5,4000,4,2900,1.3793,0,0,0,0,0.0,,,0,7,2,0,False,True,,,24,2163,1900,1901,1900,263,5,4000,7,3800,1.0526,0,0,0,0,0.0,,,2,14,2,0,False,True,,,2,3,6,,,OK
coord-squad-handoff,F8_multifront,False,52,4683,4500,4501,4500,183,6,4050,0,0,inf,0,0,0,1,0.1667,5,,0,2,2,0,False,True,83.3,,52,4683,4500,4501,4500,183,6,4050,0,0,inf,0,0,0,1,0.1667,5,,0,2,2,0,False,True,83.3,,52,4683,4500,4501,4500,183,6,4050,0,0,inf,0,0,0,1,0.1667,5,,2,2,2,0,False,True,83.3,,2,0,8,,,OK
coordination-ordered-rendezvous,F8_multifront,False,40,3603,2200,2201,2200,1403,6,4650,0,0,inf,0,0,0,1,0.1667,5,,0,2,2,0,False,True,83.3,,48,4323,3000,3001,3000,1323,8,5650,5,2400,2.3542,0,0,0,1,0.125,2,2,0,3,3,0,False,True,87.5,,52,4683,3200,3201,3200,1483,9,6150,5,2800,2.1964,0,0,0,1,0.1111,1,1,0,3,3,0,False,True,88.9,,0,2,8,"effective_deadline: easy→medium LOOSER (e=2200, m=3000); effective_deadline: medium→hard LOOSER (m=3000, h=3200)",,OK
coordination-staggered-window,F8_multifront,True,32,2883,2700,2701,2700,183,8,5650,3,2200,2.5682,0,0,0,1,0.125,7,,0,3,2,0,False,True,87.5,,26,2343,2200,2201,2200,143,8,5650,3,2200,2.5682,0,0,0,1,0.125,7,,0,3,2,0,False,True,87.5,,32,2883,2700,2701,2700,183,12,8200,4,2700,3.037,0,0,0,1,0.0833,11,,2,4,2,0,False,True,91.7,,2,0,8,"max_losses: medium→hard LOOSER (m=7, h=11); effective_deadline: medium→hard LOOSER (m=2200, h=2700)",,OK
custom-map-no-enemy,F10_special,False,14,1263,900,901,900,363,3,700,0,0,inf,0,0,0,1,0.3333,2,,0,2,2,0,False,True,66.7,,20,1803,1500,1501,1500,303,3,700,0,0,inf,0,0,0,1,0.3333,2,,0,2,2,0,False,True,66.7,,22,1983,1600,1601,1600,383,3,700,0,0,inf,0,0,0,1,0.3333,2,,2,2,2,0,False,True,66.7,,2,-2,8,"effective_deadline: easy→medium LOOSER (e=900, m=1500); effective_deadline: medium→hard LOOSER (m=1500, h=1600)",,OK
def-bridge-chokepoint,F3_defense,False,35,3153,2700,2701,2700,453,8,2900,7,2600,1.1154,1000,4,0,0,0.0,,,0,3,2,0,False,True,74.8,,40,3603,3150,3151,3150,453,17,7700,19,3800,2.0263,1000,8,0,0,0.0,,,0,4,3,0,False,True,63.2,,45,4053,3600,3601,3600,453,20,8000,22,4100,1.9512,1000,12,0,0,0.0,,,0,4,3,0,False,True,54.4,,0,2,6,"effective_deadline: easy→medium LOOSER (e=2700, m=3150); effective_deadline: medium→hard LOOSER (m=3150, h=3600)",F-NO-SEED-ROTATION,
def-counter-battery,F3_defense,True,30,2703,2700,2701,2700,3,7,6600,18,5200,1.2692,0,12,0,1,0.1429,6,,0,3,3,0,False,True,39.3,,30,2703,2700,2701,2700,3,10,8900,25,6650,1.3383,0,14,0,1,0.1,9,,0,3,3,0,False,True,30.4,,30,2703,2700,2701,2700,3,10,8900,25,6650,1.3383,0,14,0,1,0.1,9,,2,3,3,0,False,True,30.4,,2,1,8,"max_losses: easy→medium LOOSER (e=6, m=9)",,OK
def-engineer-repair-under-fire,F3_defense,True,50,4503,2800,2801,2800,1703,10,5800,6,2600,2.2308,600,4,0,0,0.0,,,0,4,3,0,True,True,75.7,,50,4503,2700,2701,2700,1803,10,5800,8,2850,2.0351,600,6,0,0,0.0,,,0,4,3,0,True,True,65.9,,50,4503,2700,2701,2700,1803,10,5800,8,2850,2.0351,600,6,0,0,0.0,,,2,4,3,0,True,True,65.9,,2,3,6,,,OK
def-evacuation,F3_defense,True,50,4503,2700,2701,2700,1803,7,7650,7,5500,1.3909,0,0,0,3,0.4286,4,,0,3,2,0,False,True,57.1,,50,4503,2400,2401,2400,2103,7,7650,10,7250,1.0552,0,0,0,3,0.4286,4,,0,3,2,0,False,True,57.1,,50,4503,2400,2401,2400,2103,7,7650,10,7250,1.0552,0,0,0,3,0.4286,4,,2,4,2,0,False,True,57.1,,2,2,8,,,OK
def-in-depth-vs-single,F3_defense,False,60,5403,5400,5401,5400,3,6,3100,7,2600,1.1923,2400,4,0,0,0.0,,,0,6,2,0,True,True,87.4,,60,5403,5400,5401,5400,3,7,3200,11,3400,0.9412,2400,7,0,0,0.0,,,0,6,2,0,True,True,80.7,,60,5403,5400,5401,5400,3,7,3200,9,3200,1.0,2400,6,0,0,0.0,,,2,8,2,0,True,True,83.0,,2,0,6,"kill_quota: medium→hard LOOSER (m=7, h=6); enemy_value: medium→hard LOOSER (m=3400, h=3200); kill_quota m=7 > h=6",F-INVERT,fix the inverted metric (tighten hard or loosen medium)
def-in-depth,F3_defense,True,110,9903,5400,5401,5400,4503,6,4100,1,2000,2.05,2400,3,0,0,0.0,,,0,6,2,1,True,True,89.6,,110,9903,4500,4501,4500,5403,6,4100,1,2000,2.05,2400,3,0,0,0.0,,,0,6,2,1,True,True,87.6,,110,9903,4500,4501,4500,5403,6,4100,1,2000,2.05,2400,3,0,0,0.0,,,2,8,2,1,True,True,87.6,,2,1,6,,,OK
def-multi-direction,F3_defense,True,50,4503,2700,2701,2700,1803,5,5400,5,2400,2.25,0,3,0,2,0.4,3,,0,6,3,0,False,True,60.0,,50,4503,2700,2701,2700,1803,7,7100,10,2900,2.4483,0,6,0,3,0.4286,3,3,0,8,4,0,False,True,57.1,,50,4503,2700,2701,2700,1803,9,8800,25,4400,2.0,0,8,0,3,0.3333,3,3,2,13,4,0,False,True,57.0,,2,4,8,survival_strictness m=0.43 > h=0.33,F-INVERT,fix the inverted metric (tighten hard or loosen medium)
def-position-expected-direction,F3_defense,True,66,5943,5400,5401,5400,543,7,3200,4,2300,1.3913,2400,0,0,3,0.4286,4,,0,5,3,0,True,True,57.1,,66,5943,5400,5401,5400,543,7,3200,7,2800,1.1429,2400,0,0,3,0.4286,4,,0,5,3,0,True,True,57.1,,66,5943,5400,5401,5400,543,8,3300,11,3400,0.9706,2400,0,0,3,0.375,5,,2,6,3,0,True,True,62.5,,2,1,8,"max_losses: medium→hard LOOSER (m=4, h=5); survival_strictness m=0.43 > h=0.38",F-INVERT,fix the inverted metric (tighten hard or loosen medium)
def-position-revealed-direction,F3_defense,True,66,5943,3600,3601,3600,2343,9,5100,6,2900,1.7586,2400,0,0,1,0.1111,8,,0,4,3,0,True,True,88.9,,66,5943,3600,3601,3600,2343,9,5100,6,2900,1.7586,2400,0,0,1,0.1111,8,,0,4,3,0,True,True,88.9,,66,5943,3600,3601,3600,2343,7,5300,7,3200,1.6562,2400,0,0,1,0.1429,6,,2,4,3,0,True,True,85.7,,2,2,8,,,OK
def-pre-position-mobile-reserve,F3_defense,True,50,4503,2400,2401,2400,2103,5,5400,7,2600,2.0769,0,4,0,1,0.2,4,,0,4,3,0,False,True,71.7,,50,4503,2400,2401,2400,2103,7,7100,11,3000,2.3667,0,6,0,2,0.2857,5,,0,5,3,0,False,True,61.7,,50,4503,2400,2401,2400,2103,7,7100,13,3200,2.2188,0,6,0,2,0.2857,2,2,2,7,4,0,False,True,61.7,,2,3,8,"max_losses: easy→medium LOOSER (e=4, m=5)",,OK
def-reinforce-the-breach,F3_defense,False,40,3603,2400,2401,2400,1203,9,8800,7,2600,3.3846,0,0,0,4,0.4444,5,,0,4,2,1,False,True,55.6,,40,3603,2400,2401,2400,1203,9,8800,7,2600,3.3846,0,0,0,4,0.4444,5,,0,4,2,1,False,True,55.6,,30,2703,1900,1901,1900,803,9,8800,7,2600,3.3846,0,0,0,4,0.4444,5,,2,4,2,1,False,True,55.6,,2,1,8,,,OK
def-retreat-and-rebuild,F3_defense,True,60,5403,4500,4501,4500,903,8,6500,6,2700,2.4074,1600,0,0,1,0.125,7,,0,4,2,0,True,True,87.5,,60,5403,4500,4501,4500,903,8,6500,9,3200,2.0312,1600,0,0,1,0.125,7,,0,4,2,0,True,True,87.5,,60,5403,4500,4501,4500,903,8,6500,9,3200,2.0312,1600,0,0,1,0.125,7,,2,6,2,0,True,True,87.5,,2,1,8,,,OK
def-stance-mgmt-hold-then-attack,F3_defense,False,55,4953,4500,4501,4500,453,5,5400,7,2600,2.0769,0,4,0,3,0.6,2,,0,4,3,0,False,True,40.0,,55,4953,4500,4501,4500,453,5,5400,9,2800,1.9286,0,5,0,3,0.6,2,,0,4,3,0,False,True,40.0,,55,4953,4500,4501,4500,453,5,5400,9,2800,1.9286,0,5,0,3,0.6,2,,2,4,3,0,False,True,40.0,,2,2,8,,,OK
def-surprise-flank-react,F3_defense,True,50,4503,4500,4501,4500,3,7,3600,1,2000,1.8,800,4,0,2,0.2857,5,,0,4,3,1,True,True,71.4,,50,4503,4500,4501,4500,3,7,3600,1,2000,1.8,800,4,0,2,0.2857,5,,0,4,3,2,True,True,71.4,,50,4503,4500,4501,4500,3,7,3600,1,2000,1.8,800,4,0,2,0.2857,2,2,2,5,4,2,True,True,71.4,,2,1,8,,,OK
def-tower-line-vs-cluster,F3_defense,False,60,5403,5400,5401,5400,3,7,3200,1,2000,1.6,2400,8,0,0,0.0,,,0,8,2,1,True,True,78.5,,60,5403,5400,5401,5400,3,4,2900,11,3400,0.8529,2400,10,0,0,0.0,,,0,5,2,0,True,True,74.1,,70,6303,6300,6301,6300,3,4,2900,13,3200,0.9062,2400,8,0,0,0.0,,,2,9,2,0,True,True,81.6,,2,-1,6,"effective_deadline: medium→hard LOOSER (m=5400, h=6300); kill_quota: medium→hard LOOSER (m=10, h=8); enemy_value: medium→hard LOOSER (m=3400, h=3200); kill_quota m=10 > h=8",F-INVERT,fix the inverted metric (tighten hard or loosen medium)
def-walls-vs-towers,F3_defense,False,60,5403,5400,5401,5400,3,5,3200,1,2000,1.6,2400,4,0,0,0.0,,,0,4,2,1,True,True,87.4,,60,5403,5400,5401,5400,3,5,3200,1,2000,1.6,2400,10,0,0,0.0,,,0,5,2,1,True,True,74.1,,60,5403,5400,5401,5400,3,5,3200,1,2000,1.6,3000,10,0,0,0.0,,,2,5,2,1,True,True,74.1,,2,1,6,,,OK
def-while-building,F3_defense,False,60,5403,5400,5401,5400,3,8,7600,6,4600,1.6522,1800,4,0,0,0.0,,,0,4,2,0,True,True,87.4,,60,5403,4500,4501,4500,903,8,7600,9,4900,1.551,1800,7,0,0,0.0,,,0,4,2,0,True,True,76.9,,60,5403,4500,4501,4500,903,8,7600,8,4800,1.5833,1800,5,0,0,0.0,,,2,4,2,0,True,True,82.2,,2,1,6,"kill_quota: medium→hard LOOSER (m=7, h=5); enemy_value: medium→hard LOOSER (m=4900, h=4800); kill_quota m=7 > h=5",F-INVERT,fix the inverted metric (tighten hard or loosen medium)
def-with-ambush,F3_defense,True,50,4503,2400,2401,2400,2103,6,5500,13,6400,0.8594,0,6,0,0,0.0,2,2,0,4,3,0,False,True,61.7,,50,4503,2400,2401,2400,2103,8,7200,16,6500,1.1077,0,8,0,0,0.0,3,3,0,4,3,0,False,True,51.7,,50,4503,2400,2401,2400,2103,8,7200,16,6500,1.1077,0,8,0,0,0.0,3,3,2,4,3,0,False,True,51.7,,2,1,8,"max_losses: easy→medium LOOSER (e=2, m=3)",,OK
defense-rush-survive,F3_defense,True,60,5403,3199,3200,3199,2204,3,2800,5,2400,1.1667,1800,4,0,3,1.0,0,,0,4,2,0,True,True,0.0,,60,5403,3199,3200,3199,2204,3,2800,9,3200,0.875,1800,6,0,3,1.0,0,,0,5,2,0,True,True,0.0,,60,5403,3199,3200,3199,2204,4,2900,13,3600,0.8056,1800,8,0,3,0.75,3,3,2,6,3,0,True,True,25.0,,2,3,8,"max_losses: medium→hard LOOSER (m=0, h=3); survival_strictness m=1.00 > h=0.75",F-INVERT,fix the inverted metric (tighten hard or loosen medium)
econ-burn-rate-management,F2_economy,False,14,1263,1200,1201,1200,63,12,12450,4,2300,5.413,1500,2,1801,0,0.0,,,0,5,2,0,True,True,63.3,,12,1083,1080,1081,1080,3,12,12450,6,2500,4.98,1500,3,1501,0,0.0,,,0,5,2,0,True,True,48.1,,11,993,990,991,990,3,12,12450,13,3200,3.8906,1500,4,1500,0,0.0,,,2,5,2,0,True,True,31.3,,2,6,6,,,OK
econ-buy-vs-build-decision,F2_economy,True,25,2253,1499,1500,1499,754,5,6900,5,2400,2.875,3400,3,0,0,0.0,,,0,3,2,0,True,True,62.6,,25,2253,1499,1500,1499,754,5,6900,6,2500,2.76,3400,4,0,0,0.0,,,0,3,2,0,True,True,54.6,,25,2253,1649,1650,1649,604,6,7000,7,2800,2.5,3400,5,0,0,0.0,,,2,3,2,0,True,True,51.5,,2,3,6,"effective_deadline: medium→hard LOOSER (m=1499, h=1649)",,OK
econ-cash-reserve-management,F2_economy,False,60,5403,5400,5401,5400,3,6,6400,1,100,64.0,1500,0,300,0,0.0,,,0,4,2,0,True,True,108400.0,,10,903,810,811,810,93,6,6400,1,100,64.0,1500,0,300,0,0.0,,,0,4,2,0,True,True,16600.0,,12,1083,1080,1081,1080,3,6,6400,1,100,64.0,1500,0,500,0,0.0,,,2,4,2,0,True,True,26120.0,,2,0,6,"effective_deadline: medium→hard LOOSER (m=810, h=1080)",,OK
econ-contention-with-enemy,F2_economy,False,51,4593,4500,4501,4500,93,6,7300,5,6750,1.0815,500,1,0,0,0.0,,,0,4,2,0,True,True,92.9,,51,4593,4500,4501,4500,93,7,9050,6,7900,1.1456,500,2,0,0,0.0,,,0,4,2,0,True,True,90.2,,51,4593,4500,4501,4500,93,7,9050,7,9000,1.0056,500,2,0,0,0.0,,,2,4,2,0,True,True,90.2,,2,3,6,,,OK
econ-contested-expansion,F2_economy,False,45,4053,4000,4001,4000,53,6,6200,4,2900,2.1379,2000,0,5800,0,0.0,,,0,4,2,0,True,True,2003.4,,45,4053,4000,4001,4000,53,6,6200,5,3200,1.9375,2000,0,6500,0,0.0,,,0,4,2,0,True,True,1776.9,,45,4053,4000,4001,4000,53,6,6200,5,3200,1.9375,2000,0,6500,0,0.0,,,2,4,2,0,True,True,3623.1,,2,1,6,,,OK
econ-deny-enemy-expansion,F2_economy,False,72,6483,5400,5401,5400,1083,5,5400,11,9000,0.6,0,0,0,2,0.4,3,,0,4,3,0,False,True,60.0,,60,5403,4500,4501,4500,903,5,5400,15,10000,0.54,0,0,0,2,0.4,3,,0,4,3,0,False,True,60.0,,60,5403,4500,4501,4500,903,5,5400,15,10000,0.54,0,0,0,2,0.4,3,,2,4,3,0,False,True,60.0,,2,2,8,,,OK
econ-expansion-timing,F2_economy,False,30,2703,2700,2701,2700,3,5,6800,1,100,68.0,1100,0,0,0,0.0,,,0,3,3,0,True,True,,,40,3603,3600,3601,3600,3,5,6800,1,100,68.0,1100,0,0,0,0.0,,,0,3,3,0,True,True,,,50,4503,4500,4501,4500,3,5,6800,1,100,68.0,1100,0,0,0,0.0,,,2,3,3,0,True,True,,,2,-2,6,"effective_deadline: easy→medium LOOSER (e=2700, m=3600); effective_deadline: medium→hard LOOSER (m=3600, h=4500)",,OK
econ-far-patch-vs-near-patch,F2_economy,False,50,4503,4500,4501,4500,3,3,4500,1,100,45.0,0,0,0,0,0.0,,,0,3,3,0,False,True,,,50,4503,4500,4501,4500,3,3,4500,1,100,45.0,0,0,0,0,0.0,,,0,3,3,0,False,True,,,50,4503,4500,4501,4500,3,3,4500,1,100,45.0,0,0,0,0,0.0,,,2,6,3,0,False,True,,,2,0,6,,,OK
econ-harvester-defense-raid,F2_economy,False,35,3153,3000,3001,3000,153,6,6500,1,2000,3.25,0,0,0,0,0.0,,,0,4,3,1,False,True,,,45,4053,3900,3901,3900,153,6,6500,1,2000,3.25,0,0,0,0,0.0,,,0,4,3,2,False,True,,,50,4503,4300,4301,4300,203,7,7350,1,2000,3.675,0,0,0,0,0.0,,,2,4,3,3,False,True,,,2,-2,6,"effective_deadline: easy→medium LOOSER (e=3000, m=3900); effective_deadline: medium→hard LOOSER (m=3900, h=4300)",,OK
econ-harvester-pathing-optimization,F2_economy,False,50,4503,4500,4500,4500,3,4,5600,1,100,56.0,0,0,0,0,0.0,,,0,5,3,0,False,True,,,50,4503,4500,4500,4500,3,4,5600,1,100,56.0,0,0,0,0,0.0,,,0,5,3,0,False,True,,,50,4503,4500,4500,4500,3,4,5600,1,100,56.0,0,0,0,0,0.0,,,2,8,3,0,False,True,,,2,0,6,,,OK
econ-mine-and-grow,F2_economy,False,40,3603,3600,3601,3600,3,3,3400,1,2000,1.7,2000,0,3000,0,0.0,,,0,3,1,0,True,True,3566.7,,40,3603,3600,3601,3600,3,3,3400,1,2000,1.7,2000,0,4000,0,0.0,,,0,3,1,0,True,True,2650.0,,40,3603,3600,3601,3600,3,3,3400,1,2000,1.7,2000,0,5000,0,0.0,,,2,3,1,0,True,True,4260.0,,2,0,6,,,OK
econ-multi-patch-allocation,F2_economy,False,40,3603,3600,3601,3600,3,6,6700,1,2000,3.35,1500,0,4500,0,0.0,,,0,3,2,0,True,True,9533.3,,40,3603,3600,3601,3600,3,6,6700,1,2000,3.35,1500,0,5000,0,0.0,,,0,3,2,0,True,True,8570.0,,40,3603,3600,3601,3600,3,6,6700,1,2000,3.35,1500,0,5500,0,0.0,,,2,3,2,0,True,True,15636.4,,2,0,6,,,OK
econ-overflow-to-silos,F2_economy,False,20,1803,1800,1801,1800,3,4,4800,1,2000,2.4,1000,0,0,0,0.0,,,0,3,3,0,True,True,,,21,1893,1803,1804,1803,90,10,11400,1,2000,5.7,500,0,0,0,0.0,,,0,3,3,0,True,True,,,21,1893,1803,1804,1803,90,10,11400,1,2000,5.7,500,0,0,0,0.0,,,2,3,3,0,True,True,,,2,-1,6,"effective_deadline: easy→medium LOOSER (e=1800, m=1803)",,OK
econ-protect-harvester-route,F2_economy,False,50,4503,4500,4501,4500,3,6,6500,2,2850,2.2807,0,0,0,0,0.0,,,0,5,3,0,False,True,,,60,5403,5400,5401,5400,3,6,6500,3,4850,1.3402,0,0,0,0,0.0,,,0,5,3,0,False,True,,,60,5403,5400,5401,5400,3,6,6500,2,2850,2.2807,0,0,0,0,0.0,,,2,5,3,0,False,True,,,2,-1,6,"effective_deadline: easy→medium LOOSER (e=4500, m=5400); enemy_value: medium→hard LOOSER (m=4850, h=2850)",F-INVERT-ENEMY,
econ-quantitative-vs-qualitative-spend,F2_economy,False,60,5403,5400,5300,5300,103,7,6200,7,3000,2.0667,4500,6,0,0,0.0,5,5,0,3,4,0,True,True,82.6,,60,5403,5400,5300,5300,103,7,6200,7,3000,2.0667,4500,6,0,0,0.0,4,4,0,3,3,0,True,True,82.6,,60,5403,5400,5300,5300,103,7,6200,14,5100,1.2157,4500,6,0,0,0.0,4,4,2,3,3,0,True,True,82.6,,2,2,8,,,OK
econ-recover-from-zero-cash,F2_economy,False,70,6303,6300,6301,6300,3,3,4500,1,2000,2.25,0,0,0,0,0.0,,,0,5,3,0,True,True,,,70,6303,6300,6301,6300,3,3,4500,1,2000,2.25,0,0,0,0,0.0,,,0,4,3,0,True,True,,,70,6303,6300,6301,6300,3,3,4500,1,2000,2.25,0,0,0,0,0.0,,,2,4,3,0,True,True,,,2,0,6,,,OK
econ-replace-dead-harvester,F2_economy,False,60,5403,5400,5401,5400,3,9,11500,2,4000,2.875,1100,0,0,0,0.0,,,0,4,3,0,True,True,,,60,5403,5400,5401,5400,3,9,11500,2,4000,2.875,1100,0,0,0,0.0,,,0,4,3,0,True,True,,,60,5403,5400,5401,5400,3,11,13800,4,8000,1.725,3300,0,0,0,0.0,,,2,3,3,0,True,True,,,2,1,6,,,OK
econ-resource-trade-with-self,F2_economy,False,30,2703,2700,2701,2700,3,5,6800,1,2000,3.4,500,0,5500,0,0.0,,,0,3,3,0,True,True,1381.8,,40,3603,3600,3601,3600,3,5,6800,1,2000,3.4,500,0,7500,0,0.0,,,0,3,3,0,True,True,1346.7,,50,4503,4500,4501,4500,3,5,6800,1,2000,3.4,500,0,9000,0,0.0,,,2,3,3,0,True,True,2905.6,,2,-2,6,"effective_deadline: easy→medium LOOSER (e=2700, m=3600); effective_deadline: medium→hard LOOSER (m=3600, h=4500)",,OK
econ-second-base-race,F2_economy,False,40,3603,3600,3601,3600,3,3,3400,1,2000,1.7,2000,0,0,0,0.0,,,0,3,1,0,True,True,,,40,3603,3600,3601,3600,3,3,3400,1,2000,1.7,2000,0,0,0,0.0,,,0,3,1,0,True,True,,,40,3603,3600,3601,3600,3,3,3400,1,2000,1.7,2000,0,0,0,0.0,,,2,4,1,0,True,True,,,2,0,6,,,OK
econ-silo-vs-spend,F2_economy,False,20,1803,1800,1801,1800,3,4,4800,3,2200,2.1818,1800,1,0,0,0.0,,,0,6,3,0,True,True,82.2,,14,1263,1260,1261,1260,3,5,5900,4,2300,2.5652,1800,2,0,0,0.0,,,0,6,3,0,True,True,65.1,,14,1263,1260,1261,1260,3,5,5900,4,2300,2.5652,1800,2,0,0,0.0,,,2,6,3,0,True,True,65.1,,2,3,6,,,OK
econ-startup-from-scratch,F2_economy,False,50,4503,4500,4501,4500,3,1,2000,1,2000,1.0,1900,0,0,0,0.0,,,0,4,1,0,True,True,,,40,3603,3600,3601,3600,3,1,2000,1,2000,1.0,1900,0,0,0,0.0,,,0,4,1,0,True,True,,,45,4053,4000,4001,4000,53,1,2000,1,2000,1.0,1900,0,0,0,0.0,,,2,4,1,0,True,True,,,2,0,6,"effective_deadline: medium→hard LOOSER (m=3600, h=4000)",,OK
econ-target-cash-amount-by-deadline,F2_economy,False,30,2703,2700,2701,2700,3,6,7300,1,100,73.0,600,0,1500,0,0.0,,,0,3,3,0,True,True,5340.0,,51,4593,4500,4501,4500,93,6,7300,1,100,73.0,600,0,5500,0,0.0,,,0,3,3,0,True,True,2365.5,,46,4143,4000,4001,4000,143,6,7300,1,100,73.0,600,0,6500,0,0.0,,,2,3,3,0,True,True,3601.5,,2,0,6,"effective_deadline: easy→medium LOOSER (e=2700, m=4500)",,OK
econ-tech-vs-expand-decision,F2_economy,False,30,2703,2700,2701,2700,3,5,6800,1,100,68.0,2000,0,0,0,0.0,,,0,3,3,0,True,True,,,40,3603,3600,3601,3600,3,5,6800,1,100,68.0,2000,0,0,0,0.0,,,0,3,3,0,True,True,,,50,4503,4500,4501,4500,3,5,6800,1,100,68.0,2000,0,0,0,0.0,,,2,3,3,0,True,True,,,2,-2,6,"effective_deadline: easy→medium LOOSER (e=2700, m=3600); effective_deadline: medium→hard LOOSER (m=3600, h=4500)",,OK
economy-force-buildup,F2_economy,False,30,2703,2700,2703,2700,3,3,2800,1,100,28.0,2400,0,0,0,0.0,,,0,3,1,0,True,True,,,28,2523,2520,2523,2520,3,3,2800,1,100,28.0,1900,0,0,5,1.6667,0,,0,4,1,0,True,True,-66.7,,24,2163,2160,2163,2160,3,3,2800,1,100,28.0,2150,0,0,0,0.0,0,0,0,4,2,0,True,True,,,0,2,6,,,OK
economy-harvest-investment,F2_economy,False,80,7203,7200,7200,7200,3,5,6800,1,100,68.0,1100,0,0,1,0.2,4,,0,4,3,0,True,True,80.0,,80,7203,7200,7200,7200,3,5,6800,1,100,68.0,1100,0,0,1,0.2,4,,0,4,3,0,True,True,80.0,,90,8103,8100,8100,8100,3,5,6800,1,100,68.0,1100,0,0,1,0.2,4,,2,4,3,0,True,True,80.0,,2,-1,8,"effective_deadline: medium→hard LOOSER (m=7200, h=8100)",,OK
economy-harvest-timebox,F2_economy,False,22,1983,1800,1801,1800,183,5,6800,0,0,inf,1100,0,0,1,0.2,4,,0,2,2,0,True,True,80.0,,35,3153,3000,3001,3000,153,5,6800,0,0,inf,1100,0,0,1,0.2,4,,0,2,2,0,True,True,80.0,,42,3783,3600,3601,3600,183,5,6800,0,0,inf,2200,0,0,1,0.2,4,,2,2,2,0,True,True,80.0,,2,-2,8,"effective_deadline: easy→medium LOOSER (e=1800, m=3000); effective_deadline: medium→hard LOOSER (m=3000, h=3600)",,OK
economy-investment,F2_economy,False,24,2163,1893,1893,1893,270,4,4200,1,100,42.0,1700,0,0,0,0.0,,,0,3,1,0,True,True,,,26,2343,2073,2073,2073,270,4,4200,1,100,42.0,2000,0,0,3,0.75,1,,0,4,1,0,True,True,25.0,,32,2883,2613,2613,2613,270,4,4200,1,100,42.0,2200,0,0,22,5.5,0,,0,3,1,0,True,True,-450.0,,0,-2,6,"effective_deadline: easy→medium LOOSER (e=1893, m=2073); effective_deadline: medium→hard LOOSER (m=2073, h=2613)",,OK
economy-time-box,F2_economy,False,60,5403,5000,5001,5000,403,3,2800,1,100,28.0,4000,0,0,4,1.3333,0,,0,3,2,0,True,True,-33.3,,70,6303,5500,5501,5500,803,3,2800,1,100,28.0,2400,0,0,5,1.6667,0,,0,3,2,0,True,True,-66.7,,80,7203,6500,6501,6500,703,3,2800,1,100,28.0,1700,0,0,6,2.0,0,0,0,4,3,0,True,True,-100.0,,0,-2,8,"effective_deadline: easy→medium LOOSER (e=5000, m=5500); effective_deadline: medium→hard LOOSER (m=5500, h=6500)",,OK
expansion-aggro-3-base-greedy,F9_tempo_strategy,False,65,5853,5400,5401,5400,453,2,4000,1,2000,2.0,0,0,0,1,0.5,1,,0,4,3,0,True,True,50.0,,65,5853,5400,3500,3500,2353,3,6000,3,2200,2.7273,0,0,0,1,0.3333,2,,0,5,5,0,True,True,66.7,,60,5403,4800,3200,3200,2203,3,6000,7,2600,2.3077,0,0,0,1,0.3333,2,,2,5,5,0,True,True,66.7,,2,3,8,"max_losses: easy→medium LOOSER (e=1, m=2); survival_strictness e=0.50 > m=0.33",F-INVERT,fix the inverted metric (tighten hard or loosen medium)
expansion-balanced-2-base-defended,F9_tempo_strategy,False,65,5853,5400,5401,5400,453,4,4800,3,2200,2.1818,1500,0,0,3,0.75,1,,0,5,2,0,True,True,25.0,,60,5403,5400,5401,5400,3,4,4800,5,2400,2.0,1500,0,0,3,0.75,1,,0,5,2,0,True,True,25.0,,60,5403,4800,4801,4800,603,4,4800,7,2600,1.8462,2500,0,0,4,1.0,0,,2,6,2,0,True,True,0.0,,2,4,8,,,OK
expansion-turtle-1-base-fortified,F9_tempo_strategy,False,62,5583,5400,5401,5400,183,12,8600,5,2400,3.5833,6500,0,0,3,0.25,9,,0,5,3,0,True,True,75.0,,62,5583,5400,5401,5400,183,21,12800,9,3200,4.0,8500,0,0,3,0.1429,18,,0,5,3,0,True,True,85.7,,62,5583,5400,5401,5400,183,24,14300,13,3600,3.9722,9500,0,0,3,0.125,21,,2,5,3,0,True,True,87.5,,2,0,8,"max_losses: easy→medium LOOSER (e=9, m=18); max_losses: medium→hard LOOSER (m=18, h=21); survival_strictness e=0.25 > m=0.14",F-INVERT,fix the inverted metric (tighten hard or loosen medium)
f11-vertical-strike-ground-air,F11_full_game,False,95,8553,8400,8401,8400,153,8,9300,5,4900,1.898,5500,0,0,1,0.125,7,,0,3,3,0,True,True,87.5,,130,11703,11500,11501,11500,203,9,10400,7,5300,1.9623,8000,0,0,1,0.1111,8,,0,3,3,1,True,True,88.9,,160,14403,14200,14201,14200,203,9,10400,10,6500,1.6,10000,0,0,1,0.1111,8,,2,3,3,3,True,True,88.9,,2,-1,8,"max_losses: easy→medium LOOSER (e=7, m=8); effective_deadline: easy→medium LOOSER (e=8400, m=11500); effective_deadline: medium→hard LOOSER (m=11500, h=14200)",,OK
harass-response-preserve,F1_combat_micro,False,55,4953,4500,4501,4500,453,6,1900,2,2100,0.9048,0,1,0,4,0.6667,2,2,0,5,3,0,False,True,33.3,,55,4953,4500,4501,4500,453,6,1900,3,2200,0.8636,0,2,0,5,0.8333,1,1,0,5,3,0,False,True,16.7,,55,4953,4500,4501,4500,453,7,2400,4,2300,1.0435,0,3,0,5,0.7143,0,0,2,6,4,0,False,True,28.6,,2,6,8,survival_strictness m=0.83 > h=0.71,F-INVERT,fix the inverted metric (tighten hard or loosen medium)
lh-100-turn-marathon-survival,F5_longhorizon,False,90,8103,8100,7200,7200,903,10,6000,7,2600,2.3077,1000,0,0,3,0.3,7,,0,5,3,0,True,True,70.0,,100,9003,9000,8100,8100,903,10,6000,14,3900,1.5385,1000,0,0,3,0.3,7,,0,5,3,0,True,True,70.0,,120,10803,10800,9900,9900,903,14,6800,15,3800,1.7895,1500,0,0,3,0.2143,11,,2,5,3,0,True,True,78.6,,2,-3,8,"max_losses: medium→hard LOOSER (m=7, h=11); effective_deadline: easy→medium LOOSER (e=7200, m=8100); effective_deadline: medium→hard LOOSER (m=8100, h=9900); enemy_value: medium→hard LOOSER (m=3900, h=3800); survival_strictness m=0.30 > h=0.21",F-INVERT,fix the inverted metric (tighten hard or loosen medium)
lh-build-army-coordinate-multifront-attack,F5_longhorizon,False,80,7203,7200,7201,7200,3,7,7700,7,6400,1.2031,2000,0,0,1,0.1429,6,,0,2,3,0,True,True,85.7,,80,7203,7200,7201,7200,3,7,7700,9,6600,1.1667,3500,0,0,1,0.1429,6,,0,2,3,0,True,True,85.7,,80,7203,7200,7201,7200,3,7,7700,9,7000,1.1,5500,0,0,1,0.1429,6,,2,2,3,0,True,True,85.7,,2,2,8,,,OK
lh-credit-only-final-phase,F5_longhorizon,False,80,7203,7200,7201,7200,3,7,7700,4,4200,1.8333,2500,0,0,1,0.1429,6,,0,2,3,0,True,True,85.7,,80,7203,7200,7201,7200,3,7,7700,6,4600,1.6739,4000,0,0,1,0.1429,6,,0,2,3,0,True,True,85.7,,80,7203,7200,7201,7200,3,7,7700,6,4600,1.6739,4000,0,0,1,0.1429,6,,2,2,3,0,True,True,85.7,,2,1,8,,,OK
lh-defense-tech-second-base,F5_longhorizon,False,90,8103,8000,8001,8000,103,10,7900,3,2200,3.5909,3500,0,0,0,0.0,,,0,3,2,0,True,True,,,80,7203,7200,7201,7200,3,10,7900,5,2600,3.0385,3000,0,0,0,0.0,,,0,3,2,0,True,True,,,80,7203,7200,7201,7200,3,10,7900,7,3000,2.6333,3500,0,0,0,0.0,,,2,3,2,0,True,True,,,2,3,6,,,OK
lh-econ-army-victory,F5_longhorizon,False,50,4503,4500,4501,4500,3,5,5300,3,2200,2.4091,800,0,0,0,0.0,,,0,2,2,0,True,True,,,50,4503,4500,4501,4500,3,5,5300,4,2300,2.3043,600,0,0,0,0.0,,,0,2,2,0,True,True,,,60,5403,5400,5401,5400,3,5,5300,5,2400,2.2083,500,0,0,0,0.0,,,2,2,2,0,True,True,,,2,1,6,"effective_deadline: medium→hard LOOSER (m=4500, h=5400)",,OK
lh-multi-checkpoint-5-plus,F5_longhorizon,False,85,7653,7200,7201,7200,453,8,7400,2,4000,1.85,4000,0,0,0,0.0,,,0,2,2,0,True,True,,,85,7653,7200,7201,7200,453,8,7400,6,4600,1.6087,2500,0,0,0,0.0,,,0,2,2,0,True,True,,,85,7653,7200,7201,7200,453,8,7400,7,4900,1.5102,3000,0,0,0,0.0,,,2,2,2,0,True,True,,,2,2,6,,,OK
lh-opening-to-defense-to-counter,F5_longhorizon,True,130,11703,5000,5001,5000,6703,5,7000,6,4400,1.5909,3200,0,0,0,0.0,,,0,2,2,0,True,True,,,130,11703,5000,5001,5000,6703,5,7000,10,5200,1.3462,3600,0,0,0,0.0,,,0,2,2,0,True,True,,,130,11703,5000,5001,5000,6703,13,7800,12,5400,1.4444,4000,0,0,0,0.0,,,2,2,2,0,True,True,,,2,2,6,,,OK
lh-opening-to-tech-to-army,F5_longhorizon,False,100,9003,8999,9000,8999,4,4,4000,3,2400,1.6667,5000,0,0,0,0.0,,,0,2,2,0,True,True,,,80,7203,7200,7201,7200,3,4,4000,2,2100,1.9048,4500,0,0,0,0.0,,,0,2,2,0,True,True,,,110,9903,9300,9301,9300,603,5,4100,4,4200,0.9762,5000,0,0,0,0.0,,,2,2,2,0,True,True,,,2,0,6,"effective_deadline: medium→hard LOOSER (m=7200, h=9300); enemy_value: easy→medium LOOSER (e=2400, m=2100)",,OK
lh-progression-stage-locked,F5_longhorizon,False,70,6303,6000,6001,6000,303,6,6500,5,4300,1.5116,3000,0,0,0,0.0,,,0,2,3,0,True,True,,,70,6303,6000,6001,6000,303,6,6500,6,4600,1.413,2200,0,0,0,0.0,,,0,2,3,0,True,True,,,70,6303,6000,6001,6000,303,6,6500,7,4900,1.3265,2400,0,0,0,0.0,,,2,2,3,0,True,True,,,2,2,6,,,OK
lh-recovery-after-mid-game-loss,F5_longhorizon,True,60,5403,5400,5401,5400,3,9,11400,6,2500,4.56,3000,5,0,0,0.0,,,0,4,2,1,True,True,85.2,,52,4683,4600,4601,4600,83,9,11400,7,2600,4.3846,4000,6,0,0,0.0,,,0,4,2,1,True,True,80.0,,52,4683,4600,4601,4600,83,9,11400,7,2600,4.3846,4000,6,0,0,0.0,,,2,4,2,2,True,True,80.0,,2,3,6,,,OK
lh-scout-react-counter,F5_longhorizon,False,75,6753,6300,6301,6300,453,6,5350,7,4900,1.0918,1500,0,0,1,0.1667,5,,0,2,3,0,True,True,83.3,,75,6753,6300,6301,6300,453,6,5350,11,6100,0.877,1500,0,0,1,0.1667,5,,2,2,3,0,True,True,83.3,,75,6753,6300,6301,6300,453,6,5350,16,8500,0.6294,1500,0,0,1,0.1667,3,3,2,3,4,0,True,True,83.3,,2,3,8,,,OK
lh-tech-pivot-attack,F5_longhorizon,False,85,7653,7200,7201,7200,453,6,6500,6,7400,0.8784,3500,0,0,0,0.0,,,0,3,2,0,True,True,,,85,7653,7200,7201,7200,453,6,6500,12,9200,0.7065,2500,0,0,0,0.0,,,2,3,2,0,True,True,,,75,6753,6300,6301,6300,453,6,6500,12,9200,0.7065,2500,0,0,0,0.0,,,2,3,2,0,True,True,,,2,2,6,,,OK
lh-tech-rush-vs-army-rush,F5_longhorizon,True,60,5403,4800,4801,4800,603,5,6200,6,2500,2.48,1800,4,0,0,0.0,,,0,3,2,0,True,True,85.8,,60,5403,4800,4801,4800,603,5,6200,9,3200,1.9375,1800,6,0,0,0.0,,,0,3,2,0,True,True,80.8,,60,5403,4800,4801,4800,603,6,6300,13,3600,1.75,1800,7,0,0,0.0,,,2,3,2,0,True,True,78.3,,2,4,6,,,OK
longhorizon-opening-to-assault,F5_longhorizon,False,120,10803,10803,10700,10700,103,3,2800,5,3900,0.7179,5000,0,0,4,1.3333,0,,0,5,2,0,True,True,-33.3,,140,12603,12603,12500,12500,103,3,2800,5,3900,0.7179,5000,0,0,5,1.6667,0,,0,5,2,0,True,True,-66.7,,160,14403,14403,14300,14300,103,3,2800,5,3900,0.7179,4500,0,0,6,2.0,4,4,0,7,3,0,True,True,-100.0,,0,-3,8,"max_losses: medium→hard LOOSER (m=0, h=4); effective_deadline: easy→medium LOOSER (e=10700, m=12500); effective_deadline: medium→hard LOOSER (m=12500, h=14300)",,OK
maint-repair-priority-order,F7_procedure,True,22,1983,1500,1501,1500,483,5,7200,1,2000,3.6,4000,0,0,0,0.0,,,0,5,2,2,False,True,,,20,1803,1300,1301,1300,503,5,7200,1,2000,3.6,4000,0,0,0,0.0,,,0,5,2,2,False,True,,,20,1803,1300,1301,1300,503,6,7300,1,2000,3.65,4000,0,0,0,0.0,,,2,5,2,3,False,True,,,2,1,6,,,OK
maint-sell-and-recoup-cash,F7_procedure,True,90,8103,7800,7801,7800,303,9,9100,1,2000,4.55,3500,0,0,0,0.0,,,0,4,2,0,True,True,,,90,8103,7800,7801,7800,303,10,8950,1,2000,4.475,3000,0,0,0,0.0,,,0,4,2,0,True,True,,,90,8103,7800,7801,7800,303,11,9800,1,2000,4.9,2800,0,0,0,0.0,,,2,4,2,0,True,True,,,2,0,6,,,OK
mcv-deploy-and-build,F8_multifront,False,55,4953,4500,2000,2000,2953,1,2000,1,2000,1.0,1000,0,0,0,0.0,,,0,4,3,0,True,True,,,30,2703,2500,800,800,1903,1,2000,3,2200,0.9091,1000,0,0,0,0.0,,,0,4,3,0,True,True,,,36,3243,3000,800,800,2443,1,2000,3,2200,0.9091,1500,0,0,0,0.0,,,2,5,3,0,True,True,,,2,2,6,,,OK
mcv-deploy-defensible-site,F8_multifront,True,60,5403,4800,1500,1500,3903,1,2000,3,2200,0.9091,1000,0,0,1,1.0,0,,0,5,8,0,True,True,0.0,,60,5403,4800,1500,1500,3903,1,2000,6,2500,0.8,1000,0,0,1,1.0,0,,0,5,8,0,True,True,0.0,,70,6303,4800,1500,1500,4803,1,2000,7,2600,0.7692,1000,0,0,1,1.0,0,,2,6,9,0,True,True,0.0,,2,2,8,,,OK
mcv-deploy-near-resource,F8_multifront,False,62,5583,5400,5401,5400,183,3,4500,1,2000,2.25,0,0,0,0,0.0,,,0,3,1,0,True,True,,,52,4683,4500,4501,4500,183,3,4500,1,2000,2.25,0,0,0,0,0.0,,,0,3,1,0,True,True,,,62,5583,5400,5401,5400,183,3,4500,1,2000,2.25,0,0,0,0,0.0,,,2,4,1,0,True,True,,,2,0,6,"effective_deadline: medium→hard LOOSER (m=4500, h=5400)",,OK
mcv-deploy-relocate-under-pressure,F8_multifront,True,60,5403,5400,1800,1800,3603,6,5000,6,2700,1.8519,0,0,0,1,0.1667,5,,0,4,5,0,True,True,83.3,,60,5403,5400,1800,1800,3603,6,5000,9,3200,1.5625,0,0,0,1,0.1667,5,,0,4,5,0,True,True,83.3,,60,5403,5400,1800,1800,3603,6,5000,11,3400,1.4706,0,0,0,1,0.1667,2,2,2,7,8,0,True,True,83.3,,2,3,8,,,OK
mcv-deploy-second-base,F8_multifront,False,70,6303,5400,5401,5400,903,6,7300,1,2000,3.65,500,0,0,0,0.0,,,0,3,2,0,True,True,,,60,5403,4500,4501,4500,903,6,7300,3,2200,3.3182,500,0,0,0,0.0,,,0,3,2,0,True,True,,,50,4503,3800,3801,3800,703,6,7300,5,2400,3.0417,500,0,0,0,0.0,,,2,4,2,0,True,True,,,2,4,6,,,OK
mcv-deploy-third-base,F8_multifront,False,75,6753,6300,4000,4000,2753,4,8000,1,2000,4.0,0,0,0,0,0.0,,,0,5,3,0,True,True,,,75,6753,6300,4500,4500,2253,4,8000,4,2300,3.4783,0,0,0,0,0.0,,,0,5,3,0,True,True,,,75,6753,6300,4500,4500,2253,4,8000,7,2600,3.0769,0,0,0,0,0.0,,,2,5,3,0,True,True,,,2,1,6,"effective_deadline: easy→medium LOOSER (e=4000, m=4500)",,OK
mfb-base-1-defend-base-2-build,F8_multifront,False,72,6483,6300,6301,6300,183,7,6200,3,2600,2.3846,0,0,0,1,0.1429,6,,0,5,3,0,True,True,85.7,,56,5043,4500,4501,4500,543,7,6200,3,2600,2.3846,0,0,0,1,0.1429,6,,0,5,3,0,True,True,85.7,,64,5763,5400,5401,5400,363,7,6200,5,2800,2.2143,0,0,0,1,0.1429,6,,2,6,3,0,True,True,85.7,,2,1,8,"effective_deadline: medium→hard LOOSER (m=4500, h=5400)",,OK
mfb-mirror-base-east-west,F8_multifront,False,55,4953,4500,4501,4500,453,10,10800,5,3200,3.375,1700,0,0,0,0.0,,,0,4,2,0,True,True,,,37,3333,3000,3001,3000,333,12,12500,9,3200,3.9062,1700,0,0,0,0.0,,,0,4,2,0,True,True,,,37,3333,3000,3001,3000,333,12,12500,9,3200,3.9062,1700,0,0,0,0.0,,,2,6,2,0,True,True,,,2,1,6,,,OK
mfb-redundant-tech-buildings,F8_multifront,False,70,6303,6300,6301,6300,3,6,8000,7,14000,0.5714,6000,0,0,0,0.0,,,0,4,2,0,True,True,,,60,5403,5400,5401,5400,3,6,8000,7,14000,0.5714,6000,0,0,0,0.0,,,0,4,2,0,True,True,,,60,5403,5400,5401,5400,3,6,8000,13,26000,0.3077,6000,0,0,0,0.0,,,2,4,2,0,True,True,,,2,2,6,,,OK
mfb-rotating-production-pressure,F8_multifront,True,70,6303,5400,5401,5400,903,10,13800,1,2000,6.9,6000,0,0,0,0.0,,,0,5,3,2,True,True,,,70,6303,5400,5401,5400,903,10,13800,1,2000,6.9,6000,0,0,0,0.0,,,0,5,3,2,True,True,,,70,6303,5400,5401,5400,903,11,13900,1,2000,6.95,6000,0,0,0,0.0,,,2,5,3,2,True,True,,,2,0,6,,,OK
mfb-supply-line-link-between-bases,F8_multifront,False,50,4503,2300,2301,2300,2203,8,10200,5,2400,4.25,0,3,0,0,0.0,,,0,5,2,0,False,True,75.7,,50,4503,2300,2301,2300,2203,8,10200,10,2900,3.5172,0,6,0,0,0.0,,,0,5,2,0,False,True,60.0,,50,4503,2300,2301,2300,2203,8,10200,19,3800,2.6842,0,6,0,0,0.0,,,2,8,2,0,False,True,60.0,,2,3,6,,,OK
mfb-tech-base-vs-economy-base,F8_multifront,False,70,6303,6300,6301,6300,3,7,9700,1,2000,4.85,4000,0,0,0,0.0,,,0,5,2,0,True,True,,,70,6303,6300,6301,6300,3,7,9700,1,2000,4.85,4000,0,0,0,0.0,,,0,5,2,0,True,True,,,60,5403,5400,5401,5400,3,7,9700,1,2000,4.85,4000,0,0,0,0.0,,,2,5,2,0,True,True,,,2,1,6,,,OK
mfb-third-base-against-clock,F8_multifront,False,72,6483,6300,6301,6300,183,5,7100,1,2000,3.55,2400,0,0,0,0.0,,,0,4,2,0,True,True,,,56,5043,4500,4501,4500,543,5,7100,1,2000,3.55,1800,0,0,0,0.0,,,0,4,2,0,True,True,,,64,5763,5400,5401,5400,363,6,8200,1,2000,4.1,1800,0,0,0,0.0,,,2,5,2,0,True,True,,,2,0,6,"effective_deadline: medium→hard LOOSER (m=4500, h=5400)",,OK
mfb-two-base-simultaneous,F8_multifront,False,32,2883,2700,2701,2700,183,4,4600,1,2000,2.3,2800,0,0,0,0.0,,,0,4,2,0,True,True,,,23,2073,1850,1851,1850,223,4,4600,1,2000,2.3,2800,0,0,0,0.0,,,0,4,2,0,True,True,,,23,2073,1850,1851,1850,223,5,4700,1,2000,2.35,2800,0,0,0,0.0,,,2,6,2,0,True,True,,,2,1,6,,,OK
mid-concede-vs-hold,F9_tempo_strategy,False,65,5853,5400,5401,5400,453,23,18400,93,11200,1.6429,0,0,0,1,0.0435,22,,0,8,4,0,False,True,95.7,,60,5403,5400,5401,5400,3,23,18400,93,11200,1.6429,0,0,0,1,0.0435,22,,0,8,4,0,False,True,95.7,,60,5403,5400,5401,5400,3,23,18400,99,11800,1.5593,0,0,0,1,0.0435,18,18,2,10,5,0,False,True,95.7,,2,2,8,,,OK
mid-economy-under-fire,F9_tempo_strategy,False,61,5493,5400,5401,5400,93,8,8800,1,2000,4.4,0,1,0,0,0.0,,,0,4,2,0,False,True,94.1,,61,5493,5400,5401,5400,93,8,8800,3,3400,2.5882,0,2,0,0,0.0,,,0,4,2,0,False,True,91.9,,61,5493,5400,5401,5400,93,10,10200,4,4100,2.4878,0,3,0,0,0.0,2,2,2,5,3,0,False,True,89.6,,2,4,6,,,OK
mid-tech-switch-on-scout,F9_tempo_strategy,False,60,5403,5400,5401,5400,3,7,7900,7,2600,3.0385,4500,3,0,1,0.1429,6,,0,6,3,0,True,True,85.7,,70,6303,6300,6301,6300,3,7,7900,12,8000,0.9875,2700,3,0,1,0.1429,6,,2,6,3,0,True,True,85.7,,70,6303,6300,6301,6300,3,7,7900,12,8000,0.9875,2700,3,0,1,0.1429,4,4,2,8,4,0,True,True,85.7,,2,1,8,"effective_deadline: easy→medium LOOSER (e=5400, m=6300)",,OK
navigation-confined-hard-only,F4_perception,False,14,1263,900,901,900,363,3,700,0,0,inf,0,0,0,1,0.3333,2,,0,2,2,0,False,True,66.7,,20,1803,1500,1501,1500,303,3,700,0,0,inf,0,0,0,1,0.3333,2,,0,2,2,0,False,True,66.7,,31,2793,2700,2701,2700,93,4,400,79,13700,0.0292,0,0,0,0,0.0,0,0,2,3,2,0,False,True,,,2,0,8,"effective_deadline: easy→medium LOOSER (e=900, m=1500); effective_deadline: medium→hard LOOSER (m=1500, h=2700)",,OK
perception-count-the-threat-small-k,F4_perception,False,26,2343,2200,2201,2200,143,5,2900,2,400,7.25,0,0,0,1,0.2,1,1,0,3,3,0,False,True,80.0,,32,2883,2800,2801,2800,83,5,2900,3,600,4.8333,0,0,0,1,0.2,2,2,0,3,2,0,False,True,80.0,,40,3603,3500,3501,3500,103,5,2900,4,750,3.8667,0,0,0,1,0.2,2,2,0,3,2,0,False,True,80.0,,0,-1,8,"max_losses: easy→medium LOOSER (e=1, m=2); effective_deadline: easy→medium LOOSER (e=2200, m=2800); effective_deadline: medium→hard LOOSER (m=2800, h=3500)",,OK
perception-count-the-threat,F4_perception,False,30,2703,2400,2401,2400,303,4,3300,4,2900,1.1379,2000,0,0,0,0.0,,,0,4,3,0,True,True,,,45,4053,3600,3601,3600,453,5,3800,7,3650,1.0411,2400,0,0,0,0.0,,,0,4,3,0,True,True,,,45,4053,3600,3601,3600,453,5,3800,8,4450,0.8539,2400,0,0,0,0.0,,,2,4,3,0,True,True,,,2,1,6,"effective_deadline: easy→medium LOOSER (e=2400, m=3600)",,OK
perception-frontier-reading,F4_perception,False,26,2343,2200,2201,2200,143,5,2500,2,1900,1.3158,0,0,0,1,0.2,4,,0,2,2,0,False,True,80.0,,32,2883,2800,2801,2800,83,5,2500,2,800,3.125,0,0,0,1,0.2,4,,0,2,2,0,False,True,80.0,,40,3603,3500,3501,3500,103,5,2500,7,2200,1.1364,0,0,0,1,0.2,4,,2,2,2,0,False,True,80.0,,2,-2,8,"effective_deadline: easy→medium LOOSER (e=2200, m=2800); effective_deadline: medium→hard LOOSER (m=2800, h=3500); enemy_value: easy→medium LOOSER (e=1900, m=800)",,OK
perception-target-vs-fog,F4_perception,False,26,2343,2000,,2000,343,5,2900,4,2300,1.2609,0,0,0,1,0.2,4,,0,2,2,0,False,True,80.0,,30,2703,2300,,2300,403,5,2900,8,3500,0.8286,0,0,0,1,0.2,4,,0,2,2,0,False,True,80.0,,34,3063,2700,,2700,363,5,2900,8,2700,1.0741,0,0,0,1,0.2,1,1,4,3,3,0,False,True,80.0,,4,-1,8,"effective_deadline: easy→medium LOOSER (e=2000, m=2300); effective_deadline: medium→hard LOOSER (m=2300, h=2700); enemy_value: medium→hard LOOSER (m=3500, h=2700)",F-INVERT-ENEMY,
power-budget-online,F6_build_tech,False,71,6393,6300,6301,6300,93,5,4900,1,2000,2.45,8200,0,0,0,0.0,,,0,5,2,0,True,True,,,67,6033,6000,6001,6000,33,5,4900,1,2000,2.45,8500,0,0,0,0.0,,,0,5,2,0,True,True,,,67,6033,6000,6001,6000,33,6,5000,1,2000,2.5,8500,0,0,0,0.0,,,2,5,2,0,True,True,,,2,1,6,,,OK
proc-checklist-no-deviation,F7_procedure,False,34,3063,2900,2901,2900,163,3,1500,0,0,inf,0,0,0,1,0.3333,2,,0,2,2,0,False,True,66.7,,44,3963,3800,3801,3800,163,3,1500,0,0,inf,0,0,0,1,0.3333,2,,0,2,2,0,False,True,66.7,,52,4683,4500,4501,4500,183,3,1500,0,0,inf,0,0,0,1,0.3333,2,,2,2,2,0,False,True,66.7,,2,-2,8,"effective_deadline: easy→medium LOOSER (e=2900, m=3800); effective_deadline: medium→hard LOOSER (m=3800, h=4500)",,OK
proc-conditional-branch-action,F7_procedure,True,66,5943,5400,5401,5400,543,7,6400,5,2800,2.2857,1500,0,0,0,0.0,,,0,6,2,0,False,True,,,66,5943,5400,5401,5400,543,7,6400,5,2800,2.2857,1500,0,0,0,0.0,,,0,6,2,0,False,True,,,66,5943,5400,5401,5400,543,7,6400,5,2800,2.2857,1500,0,0,0,0.0,,,2,6,2,0,False,True,,,2,0,6,,,OK
proc-instruction-following-edge-case,F7_procedure,False,55,4953,4500,4501,4500,453,6,4050,0,0,inf,0,0,0,1,0.1667,5,,0,2,2,0,False,True,83.3,,55,4953,4500,4501,4500,453,6,4050,0,0,inf,0,0,0,1,0.1667,5,,0,3,3,0,False,True,83.3,,55,4953,4500,4501,4500,453,6,4050,0,0,inf,0,0,0,1,0.1667,5,,2,3,3,0,False,True,83.3,,2,0,8,,,OK
proc-no-attack-passive-only,F7_procedure,False,55,4953,4500,4501,4500,453,4,2000,4,3200,0.625,0,0,0,1,0.25,2,2,0,3,4,0,False,True,75.0,,55,4953,4500,4501,4500,453,4,2000,8,6400,0.3125,0,0,0,1,0.25,1,1,0,3,4,0,False,True,75.0,,55,4953,4500,4501,4500,453,4,2000,12,9600,0.2083,0,0,0,1,0.25,0,0,0,3,4,0,False,True,75.0,,0,4,8,,,OK
proc-only-build-no-combat,F7_procedure,False,60,5403,5400,,5400,3,4,4200,4,2300,1.8261,2600,0,0,0,0.0,,,0,3,3,0,True,True,,,60,5403,5400,,5400,3,5,4300,4,2300,1.8696,2400,0,0,0,0.0,,,0,3,3,0,True,True,,,60,5403,5400,,5400,3,5,4300,4,2300,1.8696,2900,0,0,0,0.0,,,0,3,3,0,True,True,,,0,0,6,,F-NO-SEED-ROTATION|F-TRIVIAL-HARD,"escalate hard (tighter deadline, larger enemy, or higher quota)"
proc-only-defend-no-attack,F7_procedure,False,55,4953,4500,4501,4500,453,6,2500,4,2300,1.087,0,2,0,0,0.0,,,0,3,3,0,False,True,90.2,,55,4953,4500,4501,4500,453,6,2500,5,2400,1.0417,0,2,0,0,0.0,,,0,3,3,0,False,True,90.2,,55,4953,4500,4501,4500,453,6,2500,6,2500,1.0,0,3,0,0,0.0,,,2,3,3,0,False,True,87.6,,2,3,6,,,OK
proc-ordered-action-strict,F7_procedure,False,30,2703,2600,2601,2600,103,3,2800,1,2000,1.4,3000,0,0,0,0.0,,,0,2,4,0,True,True,,,38,3423,3300,3301,3300,123,3,2800,1,2000,1.4,3000,0,0,0,0.0,,,0,2,8,0,True,True,,,48,4323,4200,4201,4200,123,3,2800,1,2000,1.4,4000,0,0,0,0.0,,,0,2,15,0,True,True,,,0,-2,6,"effective_deadline: easy→medium LOOSER (e=2600, m=3300); effective_deadline: medium→hard LOOSER (m=3300, h=4200)",,OK
proc-strict-toolban-fidelity,F7_procedure,False,60,5403,5400,5401,5400,3,5,4000,1,2000,2.0,0,0,0,0,0.0,,,0,3,3,0,True,True,,,41,3693,3600,3601,3600,93,5,4000,1,2000,2.0,0,0,0,0,0.0,,,0,3,3,0,True,True,,,41,3693,3600,3601,3600,93,5,4000,1,2000,2.0,0,0,0,0,0.0,,,2,3,3,0,True,True,,,2,1,6,,,OK
proc-tool-use-multi-distractor,F7_procedure,False,25,2253,2000,2001,2000,253,7,4800,2,2100,2.2857,2000,0,0,1,0.1429,0,0,0,3,3,0,True,True,85.7,,22,1983,1500,1501,1500,483,7,4800,4,2300,2.087,3000,0,0,1,0.1429,0,0,0,3,3,0,True,True,85.7,,20,1803,1500,1501,1500,303,7,4800,7,2600,1.8462,3000,0,0,1,0.1429,0,0,2,3,3,0,True,True,85.7,,2,3,8,,,OK
proc-tool-use-with-distractor,F7_procedure,False,55,4953,4500,4501,4500,453,4,3500,2,2100,1.6667,1200,0,0,1,0.25,0,0,0,3,3,0,True,True,75.0,,55,4953,4500,4501,4500,453,4,3500,2,2100,1.6667,1200,0,0,1,0.25,0,0,0,3,3,0,True,True,75.0,,55,4953,4500,4501,4500,453,4,3500,4,2300,1.5217,1200,0,0,1,0.25,0,0,2,3,3,0,True,True,75.0,,2,1,8,,,OK
reasoning-frontier-commit,F9_tempo_strategy,False,14,1263,950,951,950,313,1,500,3,1000,0.5,0,0,0,1,1.0,0,,0,2,2,0,False,True,0.0,,14,1263,880,881,880,383,1,500,5,1200,0.4167,0,0,0,1,1.0,0,,0,2,2,0,False,True,0.0,,15,1353,1050,1051,1050,303,1,500,6,1900,0.2632,0,0,0,1,1.0,0,0,2,3,3,0,False,True,0.0,,2,2,8,"effective_deadline: medium→hard LOOSER (m=880, h=1050)",,OK
reasoning-risk-route,F9_tempo_strategy,False,32,2883,2700,2701,2700,183,1,500,4,2900,0.1724,0,0,0,1,1.0,0,0,0,3,3,0,False,True,0.0,,36,3243,3100,3101,3100,143,1,500,7,3800,0.1316,0,0,0,1,1.0,0,0,0,3,3,0,False,True,0.0,,40,3603,3300,3301,3300,303,1,500,8,4100,0.122,0,0,0,1,1.0,0,0,0,3,3,0,False,True,0.0,,0,0,8,"effective_deadline: easy→medium LOOSER (e=2700, m=3100); effective_deadline: medium→hard LOOSER (m=3100, h=3300)",,OK
risk-blockade-bypass,F9_tempo_strategy,True,40,3603,3500,3501,3500,103,8,5650,24,9200,0.6141,0,0,0,1,0.125,4,4,0,3,3,0,False,True,87.5,,32,2883,2800,2801,2800,83,8,5650,24,9200,0.6141,0,0,0,1,0.125,2,2,0,3,3,0,False,True,87.5,,28,2523,2400,2401,2400,123,6,4100,11,4500,0.9111,0,0,0,1,0.1667,1,1,0,3,3,0,False,True,83.3,,0,3,8,"enemy_value: medium→hard LOOSER (m=9200, h=4500)",F-INVERT-ENEMY,
rob-cash-depletion-recovery,F7_procedure,False,70,6303,6300,6301,6300,3,6,7100,2,4000,1.775,1400,0,0,0,0.0,,,0,4,2,0,True,True,,,70,6303,6300,6301,6300,3,7,8250,1,2000,4.125,1400,0,0,0,0.0,,,0,4,2,1,True,True,,,70,6303,6300,6301,6300,3,10,11050,1,2000,5.525,1400,0,0,0,0.0,,,0,4,2,1,True,True,,,0,-1,6,"enemy_value: easy→medium LOOSER (e=4000, m=2000)",,OK
rob-deadline-shortened-midway,F7_procedure,True,60,5403,2000,2001,2000,3403,5,5400,1,2000,2.7,1000,0,0,0,0.0,,,0,2,2,1,False,True,,,60,5403,2000,2001,2000,3403,5,5400,1,2000,2.7,1000,0,0,0,0.0,,,0,2,2,1,False,True,,,60,5403,2050,2051,2050,3353,5,5400,1,2000,2.7,1000,0,0,0,0.0,,,2,2,2,1,False,True,,,2,-1,6,"effective_deadline: medium→hard LOOSER (m=2000, h=2050)",,OK
rob-multiple-simultaneous-pressures,F7_procedure,False,61,5493,5400,5401,5400,93,9,8700,8,5100,1.7059,2000,0,0,0,0.0,,,0,6,3,0,True,True,,,61,5493,5400,5401,5400,93,9,8700,10,5900,1.4746,2000,0,0,0,0.0,,,0,6,3,0,True,True,,,51,4593,4500,4501,4500,93,9,8700,8,5100,1.7059,2000,0,0,0,0.0,,,2,6,3,0,True,True,,,2,1,6,"enemy_value: medium→hard LOOSER (m=5900, h=5100)",,OK
rob-objective-change-midway,F7_procedure,False,65,5853,5400,5401,5400,453,6,6250,6,5700,1.0965,500,0,0,0,0.0,,,0,2,2,0,True,True,,,65,5853,5400,5401,5400,453,6,6250,6,5700,1.0965,500,0,0,0,0.0,,,0,2,2,0,True,True,,,65,5853,5400,5401,5400,453,6,6250,6,5700,1.0965,500,0,0,0,0.0,,,2,2,2,0,True,True,,,2,0,6,,,OK
rob-objective-shift-with-or-clause,F7_procedure,False,65,5853,5400,5401,5400,453,5,4250,10,7900,0.538,500,0,0,1,0.2,3,3,0,4,3,0,True,True,80.0,,65,5853,5400,5401,5400,453,5,4250,14,9750,0.4359,500,0,0,1,0.2,3,3,0,4,3,0,True,True,80.0,,65,5853,5400,5401,5400,453,5,4250,19,12100,0.3512,500,0,0,1,0.2,2,2,2,4,3,0,True,True,80.0,,2,3,8,,,OK
rob-partial-base-loss-continue,F7_procedure,False,60,5403,5400,5401,5400,3,12,13100,8,3900,3.359,2000,5,0,1,0.0833,11,,0,4,3,1,True,True,85.2,,60,5403,5400,5401,5400,3,13,13700,10,4700,2.9149,2000,5,0,1,0.0769,12,,0,4,3,1,True,True,85.2,,60,5403,5400,5401,5400,3,14,13800,10,4700,2.9362,3000,5,0,1,0.0714,13,,2,4,3,1,True,True,85.2,,2,-1,8,"max_losses: easy→medium LOOSER (e=11, m=12); max_losses: medium→hard LOOSER (m=12, h=13)",,OK
rob-unexpected-enemy-spawn,F7_procedure,True,90,8103,5400,5401,5400,2703,7,6550,5,2400,2.7292,0,7,0,2,0.2857,5,,0,4,3,1,False,True,71.4,,90,8103,5400,5401,5400,2703,7,6550,5,2400,2.7292,0,8,0,2,0.2857,5,,0,4,3,1,False,True,71.4,,90,8103,5400,5401,5400,2703,9,7700,5,2400,3.2083,0,9,0,2,0.2222,7,,2,4,3,1,False,True,76.3,,2,1,8,"max_losses: medium→hard LOOSER (m=5, h=7); survival_strictness m=0.29 > h=0.22",F-INVERT,fix the inverted metric (tighten hard or loosen medium)
rob-unit-loss-recovery,F7_procedure,False,60,5403,5400,5401,5400,3,8,10100,8,6500,1.5538,1500,5,0,1,0.125,7,,0,4,3,0,True,True,85.2,,60,5403,5400,5401,5400,3,8,10100,10,8600,1.1744,1500,5,0,1,0.125,7,,0,4,3,0,True,True,85.2,,60,5403,5400,5401,5400,3,9,10200,10,8600,1.186,3450,5,0,1,0.1111,8,,2,4,3,0,True,True,85.2,,2,0,8,"max_losses: medium→hard LOOSER (m=7, h=8)",,OK
rush-hour,F1_combat_micro,False,41,3693,3603,3603,3603,90,6,4400,22,2200,2.0,0,7,0,1,0.1667,5,5,4,4,3,0,False,True,71.1,,41,3693,3603,3603,3603,90,6,4400,22,2200,2.0,0,9,0,1,0.1667,4,4,4,4,3,0,False,True,64.5,,41,3693,3603,3603,3603,90,6,4400,22,2200,2.0,0,10,0,1,0.1667,4,4,4,4,3,0,False,True,61.1,,4,3,8,,,OK
scout-and-report,F4_perception,False,52,4683,4500,4501,4500,183,2,1000,4,2700,0.3704,0,0,0,1,0.5,0,0,0,4,3,0,False,True,50.0,,52,4683,4500,4501,4500,183,2,1000,6,2900,0.3448,0,0,0,1,0.5,0,0,0,4,3,0,False,True,50.0,,52,4683,4500,4501,4500,183,2,1000,10,3300,0.303,0,0,0,1,0.5,0,0,2,5,3,0,False,True,50.0,,2,2,8,,,OK
scout-and-survive,F4_perception,False,52,4683,4500,4501,4500,183,1,500,4,2700,0.1852,0,0,0,1,1.0,0,,0,3,2,0,False,True,0.0,,52,4683,4500,4501,4500,183,1,500,6,2900,0.1724,0,0,0,1,1.0,0,,0,3,2,0,False,True,0.0,,52,4683,4500,4501,4500,183,1,500,8,3100,0.1613,0,0,0,1,1.0,0,,2,4,2,0,False,True,0.0,,2,2,8,,,OK
scout-count-defenders,F4_perception,False,30,2703,2600,2601,2600,103,7,7900,5,4900,1.6122,5100,2,0,0,0.0,,,0,4,2,0,True,True,83.1,,35,3153,3000,3001,3000,153,7,7900,5,5150,1.534,5100,3,0,0,0.0,,,0,4,2,0,True,True,81.3,,44,3963,3800,3801,3800,163,7,7900,7,6600,1.197,5100,4,0,0,0.0,,,2,4,2,0,True,True,82.1,,2,2,6,"effective_deadline: easy→medium LOOSER (e=2600, m=3000); effective_deadline: medium→hard LOOSER (m=3000, h=3800)",,OK
scout-cycle-keep-info-fresh,F4_perception,True,50,4503,4000,300,300,4203,10,9750,5,3200,3.0469,1000,2,0,1,0.1,9,,0,3,4,1,False,True,-46.7,,50,4503,4000,300,300,4203,10,9750,7,3800,2.5658,1000,3,0,1,0.1,9,,0,3,4,1,False,True,-86.7,,50,4503,4000,300,300,4203,10,9750,7,3800,2.5658,1000,3,0,1,0.1,9,,2,3,4,1,False,True,-86.7,,2,2,8,,,OK
scout-deny-enemy-vision,F4_perception,False,25,2253,1100,1101,1100,1153,2,1700,2,2300,0.7391,0,1,0,0,0.0,,,0,2,1,0,False,True,70.9,,25,2253,1300,1301,1300,953,4,3400,3,2600,1.3077,0,2,0,0,0.0,,,0,2,1,0,False,True,66.2,,25,2253,1100,1101,1100,1153,4,3400,3,2600,1.3077,0,2,0,0,0.0,,,2,2,1,0,False,True,60.0,,2,2,6,"effective_deadline: easy→medium LOOSER (e=1100, m=1300)",,OK
scout-detect-base-direction,F4_perception,True,50,4503,2500,2501,2500,2003,7,6400,5,6200,1.0323,0,0,0,1,0.1429,1,1,0,4,3,0,False,True,85.7,,50,4503,2500,2501,2500,2003,7,6400,5,6200,1.0323,0,0,0,1,0.1429,1,1,0,4,3,0,False,True,85.7,,45,4053,2700,2701,2700,1353,7,6400,12,8300,0.7711,0,0,0,1,0.1429,1,1,2,4,3,0,False,True,85.7,,2,0,8,"effective_deadline: medium→hard LOOSER (m=2500, h=2700)",,OK
scout-detect-enemy-tech,F4_perception,False,26,2343,2200,2201,2200,143,2,1000,3,4300,0.2326,0,0,0,1,0.5,1,,0,2,2,0,False,True,50.0,,40,3603,3600,3601,3600,3,2,1000,5,6100,0.1639,0,0,0,1,0.5,1,1,0,3,3,0,False,True,50.0,,40,3603,3600,3601,3600,3,2,1000,6,6500,0.1538,0,0,0,1,0.5,0,0,2,3,3,0,False,True,50.0,,2,2,8,"effective_deadline: easy→medium LOOSER (e=2200, m=3600)",,OK
scout-detect-incoming-army,F4_perception,True,50,4503,2500,2501,2500,2003,5,3550,6,2500,1.42,0,3,0,1,0.2,2,2,0,5,3,0,False,True,77.6,,50,4503,2500,2501,2500,2003,5,3550,9,2800,1.2679,0,3,0,1,0.2,2,2,0,6,3,0,False,True,77.6,,50,4503,2500,2501,2500,2003,5,3550,11,3000,1.1833,0,3,0,1,0.2,2,2,2,6,3,0,False,True,77.6,,2,2,8,,,OK
scout-discover-hidden-base,F4_perception,False,9,813,700,701,700,113,2,1000,4,2700,0.3704,0,0,0,1,0.5,1,1,0,3,3,0,False,True,50.0,,8,723,600,601,600,123,2,1000,5,2800,0.3571,0,0,0,1,0.5,1,1,0,3,3,0,False,True,50.0,,7,633,500,501,500,133,2,1000,7,5300,0.1887,0,0,0,1,0.5,1,1,2,3,3,0,False,True,50.0,,2,4,8,,,OK
scout-far-frontier,F4_perception,False,17,1533,1530,1531,1530,3,3,2600,2,2500,1.04,0,0,0,1,0.3333,2,,0,4,3,0,False,True,66.7,,13,1173,1170,1171,1170,3,3,2600,2,2500,1.04,0,0,0,1,0.3333,2,,0,4,3,0,False,True,66.7,,12,1083,1080,1081,1080,3,3,2600,3,4500,0.5778,0,0,0,1,0.3333,2,,2,5,3,0,False,True,66.7,,2,3,8,,,OK
scout-jeep-vs-infantry-cost-effective,F4_perception,False,21,1893,1800,1801,1800,93,5,6200,1,2000,3.1,900,0,0,0,0.0,,,0,3,2,0,True,True,,,15,1353,1200,1201,1200,153,5,6200,1,2000,3.1,900,0,0,0,0.0,,,0,3,2,0,True,True,,,15,1353,1200,1201,1200,153,6,6300,1,2000,3.15,900,0,0,0,0.0,,,2,3,2,0,True,True,,,2,1,6,,,OK
scout-map-reveal-percent-target,F4_perception,False,8,723,453,454,453,270,4,2000,0,0,inf,0,0,0,1,0.25,0,0,0,3,2,0,False,True,75.0,,12,1083,825,826,825,258,4,2000,0,0,inf,0,0,0,1,0.25,0,0,0,3,2,0,False,True,75.0,,15,1353,1350,1351,1350,3,5,2500,0,0,inf,0,0,0,1,0.2,0,0,2,3,2,0,False,True,80.0,,2,-2,8,"effective_deadline: easy→medium LOOSER (e=453, m=825); effective_deadline: medium→hard LOOSER (m=825, h=1350)",,OK
scout-multiple-fog-areas,F4_perception,False,22,1983,1800,1801,1800,183,3,1500,2,2800,0.5357,0,0,0,1,0.3333,1,1,0,3,3,0,False,True,66.7,,13,1173,1050,1051,1050,123,3,1500,3,4200,0.3571,0,0,0,1,0.3333,1,1,0,3,3,0,False,True,66.7,,16,1443,1300,1301,1300,143,3,1500,4,5600,0.2679,0,0,0,1,0.3333,1,1,2,3,3,0,False,True,66.7,,2,2,8,"effective_deadline: medium→hard LOOSER (m=1050, h=1300)",,OK
scout-track-enemy-movement,F4_perception,True,50,4503,4000,300,300,4203,11,10600,5,3200,3.3125,1000,2,0,1,0.0909,10,,0,3,4,4,False,True,-46.7,,50,4503,4000,300,300,4203,11,10600,7,3800,2.7895,1000,3,0,1,0.0909,10,,0,3,4,6,False,True,-86.7,,50,4503,4000,300,300,4203,11,10600,7,3800,2.7895,1000,3,0,1,0.0909,10,,2,3,4,6,False,True,-86.7,,2,2,8,,,OK
spec-engineer-capture,F10_special,False,25,2253,2000,2001,2000,253,1,400,1,1400,0.2857,0,0,0,0,0.0,,,0,2,1,0,False,True,,,35,3153,3000,3001,3000,153,1,400,1,1400,0.2857,0,0,0,0,0.0,,,0,2,1,0,False,True,,,50,4503,4000,4001,4000,503,2,800,2,1500,0.5333,0,0,0,0,0.0,,,0,2,1,0,False,True,,,0,-1,6,"effective_deadline: easy→medium LOOSER (e=2000, m=3000); effective_deadline: medium→hard LOOSER (m=3000, h=4000)",,OK
spec-nuke-strike,F10_special,True,22,1983,1800,1801,1800,183,2,3000,6,2750,1.0909,0,0,0,0,0.0,,,0,2,1,0,False,True,,,22,1983,1800,1801,1800,183,2,3000,7,2900,1.0345,0,0,0,0,0.0,,,0,2,1,0,False,True,,,22,1983,1800,1801,1800,183,2,3000,7,2900,1.0345,0,0,0,0,0.0,,,2,2,1,0,False,True,,,2,1,6,,,OK
spec-spy-infiltrate,F10_special,False,25,2253,2000,2001,2000,253,1,500,4,2350,0.2128,0,0,0,0,0.0,,,0,2,2,0,False,True,,,35,3153,3000,3001,3000,153,1,500,6,4650,0.1075,0,0,0,0,0.0,,,0,2,2,0,False,True,,,50,4503,4000,4001,4000,503,2,1000,8,5250,0.1905,0,0,0,0,0.0,,,0,2,2,0,False,True,,,0,0,6,"effective_deadline: easy→medium LOOSER (e=2000, m=3000); effective_deadline: medium→hard LOOSER (m=3000, h=4000)",,OK
spec-tanya-c4-strike,F10_special,False,20,1803,1500,1501,1500,303,1,1200,2,3400,0.3529,0,0,0,0,0.0,,,0,2,1,0,False,True,,,25,2253,2000,2001,2000,253,1,1200,4,3600,0.3333,0,0,0,0,0.0,,,0,2,1,0,False,True,,,30,2703,2700,2701,2700,3,1,1200,4,3600,0.3333,0,0,0,0,0.0,,,0,2,1,0,False,True,,,0,-1,6,"effective_deadline: easy→medium LOOSER (e=1500, m=2000); effective_deadline: medium→hard LOOSER (m=2000, h=2700)",,OK
spec-thief-steal-cash,F10_special,False,15,1353,1350,1351,1350,3,1,500,2,3400,0.1471,0,0,400,1,1.0,0,,0,2,2,0,False,True,-100.0,,20,1803,1800,1801,1800,3,1,500,3,2450,0.2041,0,0,400,1,1.0,0,,0,2,2,0,False,True,-100.0,,30,2703,2700,2701,2700,3,2,1000,3,2250,0.4444,0,0,800,1,0.5,1,,0,2,2,0,False,True,-100.0,,0,-5,8,"max_losses: medium→hard LOOSER (m=0, h=1); effective_deadline: easy→medium LOOSER (e=1350, m=1800); effective_deadline: medium→hard LOOSER (m=1800, h=2700); enemy_value: easy→medium LOOSER (e=3400, m=2450); enemy_value: medium→hard LOOSER (m=2450, h=2250)",F-INVERT,fix the inverted metric (tighten hard or loosen medium)
strategy-dilemma,F9_tempo_strategy,False,55,4953,4500,,4500,453,12,5500,18,12000,0.4583,0,0,0,1,0.0833,11,,0,2,2,0,False,True,91.7,,45,4053,3600,,3600,453,12,5500,18,12000,0.4583,0,0,0,1,0.0833,7,7,0,3,3,0,False,True,91.7,,35,3153,2700,,2700,453,12,5500,18,12000,0.4583,0,0,0,1,0.0833,5,5,0,3,3,0,False,True,91.7,,0,4,8,,,OK
strategy-gauntlet,F9_tempo_strategy,False,90,8103,8000,8001,8000,103,16,11000,19,9600,1.1458,0,0,0,1,0.0625,12,12,0,3,3,0,False,True,93.8,,90,8103,8000,8001,8000,103,16,11000,19,9600,1.1458,0,0,0,1,0.0625,9,9,0,3,3,0,False,True,93.8,,55,4953,4500,4501,4500,453,16,11000,19,9600,1.1458,0,0,0,1,0.0625,9,9,0,3,3,0,False,True,93.8,,0,2,8,,,OK
strategy-trilemma,F9_tempo_strategy,False,60,5403,5400,5401,5400,3,4,4200,2,2100,2.0,3000,1,0,12,3.0,0,,0,7,2,0,True,True,-200.0,,50,4503,4500,4501,4500,3,4,4200,2,2100,2.0,2400,1,0,12,3.0,0,,0,7,2,0,True,True,-200.0,,40,3603,3600,3601,3600,3,5,4300,3,2200,1.9545,2200,1,0,12,2.4,3,3,2,10,3,0,True,True,-140.0,,2,2,8,"max_losses: medium→hard LOOSER (m=0, h=3)",,OK
strategy-twobody,F9_tempo_strategy,False,100,9003,8500,,8500,503,16,8800,23,15000,0.5867,0,0,0,1,0.0625,15,,0,4,2,0,False,True,93.8,,90,8103,6500,,6500,1603,16,8800,23,15000,0.5867,0,0,0,1,0.0625,10,10,0,5,3,0,False,True,93.8,,80,7203,5000,,5000,2203,16,8800,23,15000,0.5867,0,0,0,1,0.0625,6,6,0,5,3,0,False,True,93.8,,0,4,8,,,OK
strict-production-bom,F7_procedure,False,40,3603,2700,2701,2700,903,2,2300,1,100,23.0,2200,0,0,0,0.0,,,0,3,3,0,True,True,,,45,4053,3000,3001,3000,1053,2,2300,1,100,23.0,3000,0,0,0,0.0,,,0,3,3,0,True,True,,,75,6753,6300,6301,6300,453,2,2300,1,100,23.0,7200,0,0,0,0.0,,,0,5,4,0,True,True,,,0,-2,6,"effective_deadline: easy→medium LOOSER (e=2700, m=3000); effective_deadline: medium→hard LOOSER (m=3000, h=6300)",,OK
strict-sequence,F7_procedure,False,34,3063,2600,2601,2600,463,1,500,0,0,inf,0,0,0,1,1.0,0,,0,2,2,0,False,True,0.0,,44,3963,3400,3401,3400,563,1,500,0,0,inf,0,0,0,1,1.0,0,,0,2,2,0,False,True,0.0,,46,4143,3700,3701,3700,443,1,500,0,0,inf,0,0,0,1,1.0,0,,2,2,2,0,False,True,0.0,,2,-2,8,"effective_deadline: easy→medium LOOSER (e=2600, m=3400); effective_deadline: medium→hard LOOSER (m=3400, h=3700)",,OK
strict-toolban-fidelity-under-pressure,F7_procedure,False,55,4953,4500,4501,4500,453,3,300,2,2100,0.1429,0,0,0,0,0.0,1,1,0,3,3,0,False,True,,,55,4953,4500,4501,4500,453,3,300,3,2200,0.1364,0,0,0,0,0.0,1,1,0,3,3,0,False,True,,,55,4953,4500,4501,4500,453,3,300,5,2400,0.125,0,0,0,0,0.0,0,0,0,3,3,0,False,True,,,0,3,8,,,OK
tech-aggro-all-in,F6_build_tech,False,50,4503,4500,4501,4500,3,3,2800,1,2000,1.4,5500,0,0,0,0.0,,,0,3,2,0,True,True,,,40,3603,3600,3601,3600,3,3,2800,1,2000,1.4,4800,0,0,0,0.0,,,0,3,2,0,True,True,,,37,3333,3300,3301,3300,33,4,2900,1,2000,1.45,4800,0,0,0,0.0,,,2,4,2,0,True,True,,,2,2,6,,,OK
tech-balanced-econ-then-tech,F6_build_tech,False,90,8103,8100,8101,8100,3,4,3900,1,2000,1.95,2800,0,0,0,0.0,,,0,2,2,0,True,True,,,70,6303,6300,6301,6300,3,4,3900,1,2000,1.95,2800,0,0,0,0.0,,,0,2,2,0,True,True,,,60,5403,5400,5401,5400,3,4,3900,1,2000,1.95,2800,0,0,0,0.0,,,2,2,2,0,True,True,,,2,2,6,,,OK
tech-production-planning,F6_build_tech,False,60,5403,5400,5403,5400,3,4,3700,1,100,37.0,5000,0,0,0,0.0,,,0,3,1,0,True,True,,,80,7203,7200,7203,7200,3,3,2300,1,100,23.0,6500,0,0,0,0.0,,,0,5,1,0,True,True,,,90,8103,8100,8103,8100,3,8,4500,3,3450,1.3043,3000,0,0,0,0.0,,,0,3,2,0,True,True,,,0,-1,6,"effective_deadline: easy→medium LOOSER (e=5400, m=7200); effective_deadline: medium→hard LOOSER (m=7200, h=8100)",,OK
tech-turtle-defensive-tech,F6_build_tech,False,90,8103,7200,7201,7200,903,9,5900,5,2400,2.4583,3000,0,0,1,0.1111,8,,0,3,2,0,True,True,88.9,,80,7203,7200,7201,7200,3,14,6800,6,2700,2.5185,3000,0,0,1,0.0714,6,6,0,4,3,0,True,True,92.9,,80,7203,7200,7201,7200,3,15,7100,9,3200,2.2188,3000,0,0,1,0.0667,6,6,2,4,3,0,True,True,93.3,,2,3,8,,,OK
tempo-double-window,F9_tempo_strategy,False,52,4683,4500,4501,4500,183,6,4800,9,2800,1.7143,0,7,0,2,0.3333,4,4,0,5,3,0,False,True,66.7,,52,4683,4500,4501,4500,183,6,4800,10,4000,1.2,0,7,0,2,0.3333,4,4,0,5,3,0,False,True,66.7,,52,4683,4500,4501,4500,183,6,4800,11,5200,0.9231,0,7,0,2,0.3333,2,2,2,5,3,0,False,True,66.7,,2,3,8,,,OK
tempo-strike-window,F9_tempo_strategy,True,48,4323,4200,4201,4200,123,8,5650,6,1000,5.65,0,4,0,1,0.125,3,3,0,4,5,0,False,True,83.8,,52,4683,3600,3601,3600,1083,8,5650,6,1000,5.65,0,5,0,1,0.125,2,2,0,4,5,0,False,True,77.8,,56,5043,3000,3001,3000,2043,8,5650,6,1000,5.65,0,6,0,1,0.125,1,1,0,4,5,0,False,True,69.3,,0,6,8,,F-NO-SEED-ROTATION,
tp-decision-under-clock,F9_tempo_strategy,False,40,3603,3300,3301,3300,303,7,6400,9,8250,0.7758,0,0,0,2,0.2857,5,,0,4,3,0,False,True,71.4,,35,3153,2900,2901,2900,253,7,6400,9,8250,0.7758,0,0,0,2,0.2857,5,,0,4,3,0,False,True,71.4,,35,3153,2900,2901,2900,253,7,6400,9,8250,0.7758,0,0,0,2,0.2857,5,,2,4,3,0,False,True,71.4,,2,1,8,,,OK
tp-pressure-procedural,F9_tempo_strategy,False,31,2793,2700,2701,2700,93,5,5400,5,2400,2.25,0,4,0,0,0.0,,,0,4,3,0,False,True,74.8,,31,2793,2700,2701,2700,93,5,5400,5,3000,1.8,0,4,0,0,0.0,,,0,4,3,0,False,True,74.8,,31,2793,2700,2701,2700,93,5,5400,5,3000,1.8,0,4,0,0,0.0,,,2,4,3,0,False,True,74.8,,2,1,6,,,OK
tp-rush-multi-objective,F9_tempo_strategy,False,26,2343,2000,2001,2000,343,7,6400,4,4200,1.5238,0,0,0,0,0.0,,,0,3,2,0,False,True,,,23,2073,1900,1901,1900,173,7,6400,4,4200,1.5238,0,0,0,0,0.0,,,0,3,2,0,False,True,,,23,2073,1900,1901,1900,173,7,6400,4,4200,1.5238,0,0,0,0,0.0,,,2,3,2,0,False,True,,,2,1,6,,,OK
tp-rush-objective-very-fast,F9_tempo_strategy,False,40,3603,3600,3601,3600,3,4,4550,3,2200,2.0682,0,0,0,0,0.0,,,0,2,2,0,False,True,,,37,3333,3300,3301,3300,33,4,4550,3,2200,2.0682,0,0,0,0,0.0,,,0,2,2,0,False,True,,,37,3333,3300,3301,3300,33,4,4550,3,2200,2.0682,0,0,0,0,0.0,,,2,2,2,0,False,True,,,2,1,6,,,OK
tp-survive-and-grow,F9_tempo_strategy,False,60,5403,5400,5401,5400,3,8,9700,8,2900,3.3448,1500,0,0,0,0.0,,,0,4,2,0,True,True,,,60,5403,5400,5401,5400,3,8,9700,11,3200,3.0312,1500,0,0,0,0.0,,,0,4,2,0,True,True,,,60,5403,5400,5401,5400,3,8,9700,9,3200,3.0312,1500,0,0,0,0.0,,,2,4,2,0,True,True,,,2,1,6,,,OK
tp-survive-and-strike-at-window,F9_tempo_strategy,False,50,4503,,200,200,4303,6,6800,8,3450,1.971,0,0,0,1,0.1667,5,,0,1,6,0,False,True,83.3,,45,4053,,200,200,3853,6,6800,8,3450,1.971,0,0,0,1,0.1667,5,,0,1,6,0,False,True,83.3,,42,3783,,200,200,3583,6,6800,8,3450,1.971,0,0,0,1,0.1667,5,,2,1,6,0,False,True,83.3,,2,0,8,,,OK
tp-survive-n-turns,F9_tempo_strategy,False,45,4053,3600,3601,3600,453,8,7400,19,3800,1.9474,0,0,0,4,0.5,4,,0,4,3,3,False,True,50.0,,55,4953,4500,4501,4500,453,8,7400,19,3800,1.9474,0,0,0,4,0.5,4,,0,4,3,5,False,True,50.0,,65,5853,5400,5401,5400,453,8,7400,13,3200,2.3125,0,0,0,4,0.5,4,,2,4,3,5,False,True,50.0,,2,-3,8,"effective_deadline: easy→medium LOOSER (e=3600, m=4500); effective_deadline: medium→hard LOOSER (m=4500, h=5400); enemy_value: medium→hard LOOSER (m=3800, h=3200)",F-INVERT-ENEMY,
